-- MySQL Script generated by MySQL Workbench
-- Tue Oct  1 18:06:49 2019
-- Model: New Model    Version: 1.0
-- MySQL Workbench Forward Engineering

SET @OLD_UNIQUE_CHECKS=@@UNIQUE_CHECKS, UNIQUE_CHECKS=0;
SET @OLD_FOREIGN_KEY_CHECKS=@@FOREIGN_KEY_CHECKS, FOREIGN_KEY_CHECKS=0;
SET @OLD_SQL_MODE=@@SQL_MODE, SQL_MODE='ONLY_FULL_GROUP_BY,STRICT_TRANS_TABLES,NO_ZERO_IN_DATE,NO_ZERO_DATE,ERROR_FOR_DIVISION_BY_ZERO,NO_ENGINE_SUBSTITUTION';

-- -----------------------------------------------------
-- Schema mydb
-- -----------------------------------------------------
-- -----------------------------------------------------
-- Schema RIDESCOM
-- -----------------------------------------------------
DROP SCHEMA IF EXISTS `RIDESCOM` ;

-- -----------------------------------------------------
-- Schema RIDESCOM
-- -----------------------------------------------------
CREATE SCHEMA IF NOT EXISTS `RIDESCOM` ;
-- -----------------------------------------------------
-- Schema SAES_DAE
-- -----------------------------------------------------
-- -----------------------------------------------------
-- Schema RID
-- -----------------------------------------------------
USE `RIDESCOM` ;

-- -----------------------------------------------------
-- Table `RIDESCOM`.`Act_Deportiva`
-- -----------------------------------------------------
CREATE TABLE IF NOT EXISTS `RIDESCOM`.`Act_Deportiva` (
  `ID_Deporte` INT NOT NULL AUTO_INCREMENT,
  `Disciplina` VARCHAR(100) NOT NULL,
  PRIMARY KEY (`ID_Deporte`))
ENGINE = InnoDB;


-- -----------------------------------------------------
-- Table `RIDESCOM`.`Roles`
-- -----------------------------------------------------
CREATE TABLE IF NOT EXISTS `RIDESCOM`.`Roles` (
  `ID_Roles` INT NOT NULL,
  `Rol` VARCHAR(45) NOT NULL,
  PRIMARY KEY (`ID_Roles`))
ENGINE = InnoDB;


-- -----------------------------------------------------
-- Table `RIDESCOM`.`Tipo_Sexo`
-- -----------------------------------------------------
CREATE TABLE IF NOT EXISTS `RIDESCOM`.`Tipo_Sexo` (
  `ID_Tipo_Sexo` INT NOT NULL,
  `Sexo` VARCHAR(9) NOT NULL,
  PRIMARY KEY (`ID_Tipo_Sexo`))
ENGINE = InnoDB;


-- -----------------------------------------------------
-- Table `RIDESCOM`.`Estados`
-- -----------------------------------------------------
CREATE TABLE IF NOT EXISTS `RIDESCOM`.`Estados` (
  `ID_estado` VARCHAR(2) NOT NULL,
  `Homo` VARCHAR(2) NOT NULL,
  `Estado` VARCHAR(100) NOT NULL,
  PRIMARY KEY (`ID_estado`))
ENGINE = InnoDB;


-- -----------------------------------------------------
-- Table `RIDESCOM`.`Municipio`
-- -----------------------------------------------------
CREATE TABLE IF NOT EXISTS `RIDESCOM`.`Municipio` (
  `ID_Municipio` VARCHAR(4) NOT NULL,
  `Estados_ID_estado` VARCHAR(2) NOT NULL,
  `Municipio` VARCHAR(100) NOT NULL,
  PRIMARY KEY (`ID_Municipio`, `Estados_ID_estado`),
  CONSTRAINT `fk_Municipio_Estados1`
    FOREIGN KEY (`Estados_ID_estado`)
    REFERENCES `RIDESCOM`.`Estados` (`ID_estado`)
    ON DELETE NO ACTION
    ON UPDATE NO ACTION)
ENGINE = InnoDB;

CREATE INDEX `fk_Municipio_Estados1_idx` ON `RIDESCOM`.`Municipio` (`Estados_ID_estado` ASC) VISIBLE;


-- -----------------------------------------------------
-- Table `RIDESCOM`.`Persona`
-- -----------------------------------------------------
CREATE TABLE IF NOT EXISTS `RIDESCOM`.`Persona` (
  `ID_Persona` INT NOT NULL AUTO_INCREMENT,
  `Nombre` VARCHAR(45) NOT NULL,
  `Ap_Pat` VARCHAR(45) NOT NULL,
  `Ap_Mat` VARCHAR(45) NOT NULL,
  `Tipo_Sexo_ID_Tipo_Sexo` INT NULL,
  `CURP` VARCHAR(18) NULL,
  `Fecha_Nac` DATE NULL,
  `NSS` VARCHAR(45) NULL,
  `Municipio_ID_Municipio` VARCHAR(4) NULL,
  `Municipio_Estados_ID_estado` VARCHAR(2) NULL,
  PRIMARY KEY (`ID_Persona`),
  CONSTRAINT `fk_Persona_Tipo_Sexo1`
    FOREIGN KEY (`Tipo_Sexo_ID_Tipo_Sexo`)
    REFERENCES `RIDESCOM`.`Tipo_Sexo` (`ID_Tipo_Sexo`)
    ON DELETE NO ACTION
    ON UPDATE NO ACTION,
  CONSTRAINT `fk_Persona_Municipio1`
    FOREIGN KEY (`Municipio_ID_Municipio` , `Municipio_Estados_ID_estado`)
    REFERENCES `RIDESCOM`.`Municipio` (`ID_Municipio` , `Estados_ID_estado`)
    ON DELETE NO ACTION
    ON UPDATE NO ACTION)
ENGINE = InnoDB;

CREATE INDEX `fk_Persona_Tipo_Sexo1_idx` ON `RIDESCOM`.`Persona` (`Tipo_Sexo_ID_Tipo_Sexo` ASC) VISIBLE;

CREATE INDEX `fk_Persona_Municipio1_idx` ON `RIDESCOM`.`Persona` (`Municipio_ID_Municipio` ASC, `Municipio_Estados_ID_estado` ASC) VISIBLE;


-- -----------------------------------------------------
-- Table `RIDESCOM`.`Usuario`
-- -----------------------------------------------------
CREATE TABLE IF NOT EXISTS `RIDESCOM`.`Usuario` (
  `Usuario_ID` INT NOT NULL AUTO_INCREMENT,
  `Nombre_U` VARCHAR(20) NOT NULL,
  `Password_U` VARCHAR(16) NOT NULL,
  `Activo` TINYINT NOT NULL,
  `Fecha_Inicio` DATE NOT NULL,
  `Roles_ID_Roles` INT NOT NULL,
  `Persona_ID_Persona` INT NOT NULL,
  PRIMARY KEY (`Usuario_ID`),
  CONSTRAINT `fk_Usuario_Roles1`
    FOREIGN KEY (`Roles_ID_Roles`)
    REFERENCES `RIDESCOM`.`Roles` (`ID_Roles`)
    ON DELETE NO ACTION
    ON UPDATE NO ACTION,
  CONSTRAINT `fk_Usuario_Persona1`
    FOREIGN KEY (`Persona_ID_Persona`)
    REFERENCES `RIDESCOM`.`Persona` (`ID_Persona`)
    ON DELETE CASCADE
    ON UPDATE CASCADE)
ENGINE = InnoDB;

CREATE INDEX `fk_Usuario_Roles1_idx` ON `RIDESCOM`.`Usuario` (`Roles_ID_Roles` ASC) VISIBLE;

CREATE INDEX `fk_Usuario_Persona1_idx` ON `RIDESCOM`.`Usuario` (`Persona_ID_Persona` ASC) VISIBLE;


-- -----------------------------------------------------
-- Table `RIDESCOM`.`Escuela`
-- -----------------------------------------------------
CREATE TABLE IF NOT EXISTS `RIDESCOM`.`Escuela` (
  `ID_Escuela` INT NOT NULL AUTO_INCREMENT,
  `Escuela` VARCHAR(100) NOT NULL,
  PRIMARY KEY (`ID_Escuela`))
ENGINE = InnoDB;


-- -----------------------------------------------------
-- Table `RIDESCOM`.`Area_Conocimiento`
-- -----------------------------------------------------
CREATE TABLE IF NOT EXISTS `RIDESCOM`.`Area_Conocimiento` (
  `ID_Area_Conocimiento` INT NOT NULL AUTO_INCREMENT,
  `Area` VARCHAR(100) NOT NULL,
  PRIMARY KEY (`ID_Area_Conocimiento`))
ENGINE = InnoDB;


-- -----------------------------------------------------
-- Table `RIDESCOM`.`Nivel`
-- -----------------------------------------------------
CREATE TABLE IF NOT EXISTS `RIDESCOM`.`Nivel` (
  `ID_Nivel` INT NOT NULL DEFAULT 1,
  `Nivel` VARCHAR(14) NOT NULL,
  PRIMARY KEY (`ID_Nivel`))
ENGINE = InnoDB;


-- -----------------------------------------------------
-- Table `RIDESCOM`.`Prog_Academico`
-- -----------------------------------------------------
CREATE TABLE IF NOT EXISTS `RIDESCOM`.`Prog_Academico` (
  `ID_Prog_Academico` INT NOT NULL,
  `Nivel_ID_Nivel` INT NOT NULL,
  `Area_Conocimiento_ID_Area_Conocimiento` INT NOT NULL,
  `Programa` VARCHAR(100) NOT NULL,
  PRIMARY KEY (`ID_Prog_Academico`),
  CONSTRAINT `fk_Programa_Estudiantil_Area_Conocimiento1`
    FOREIGN KEY (`Area_Conocimiento_ID_Area_Conocimiento`)
    REFERENCES `RIDESCOM`.`Area_Conocimiento` (`ID_Area_Conocimiento`)
    ON DELETE NO ACTION
    ON UPDATE NO ACTION,
  CONSTRAINT `fk_Programa_Estudiantil_Nivel1`
    FOREIGN KEY (`Nivel_ID_Nivel`)
    REFERENCES `RIDESCOM`.`Nivel` (`ID_Nivel`)
    ON DELETE NO ACTION
    ON UPDATE NO ACTION)
ENGINE = InnoDB;

CREATE INDEX `fk_Programa_Estudiantil_Area_Conocimiento1_idx` ON `RIDESCOM`.`Prog_Academico` (`Area_Conocimiento_ID_Area_Conocimiento` ASC) VISIBLE;

CREATE INDEX `fk_Programa_Estudiantil_Nivel1_idx` ON `RIDESCOM`.`Prog_Academico` (`Nivel_ID_Nivel` ASC) VISIBLE;


-- -----------------------------------------------------
-- Table `RIDESCOM`.`Escuela_has_Prog_Academico`
-- -----------------------------------------------------
CREATE TABLE IF NOT EXISTS `RIDESCOM`.`Escuela_has_Prog_Academico` (
  `Escuela_ID_Escuela` INT NOT NULL,
  `Prog_Academico_ID_Prog_Academico` INT NOT NULL,
  PRIMARY KEY (`Escuela_ID_Escuela`, `Prog_Academico_ID_Prog_Academico`),
  CONSTRAINT `fk_Escuela_has_Programa_Academico_Escuela1`
    FOREIGN KEY (`Escuela_ID_Escuela`)
    REFERENCES `RIDESCOM`.`Escuela` (`ID_Escuela`)
    ON DELETE NO ACTION
    ON UPDATE NO ACTION,
  CONSTRAINT `fk_Escuela_has_Prog_Academico_Prog_Academico1`
    FOREIGN KEY (`Prog_Academico_ID_Prog_Academico`)
    REFERENCES `RIDESCOM`.`Prog_Academico` (`ID_Prog_Academico`)
    ON DELETE NO ACTION
    ON UPDATE NO ACTION)
ENGINE = InnoDB;

CREATE INDEX `fk_Escuela_has_Programa_Academico_Escuela1_idx` ON `RIDESCOM`.`Escuela_has_Prog_Academico` (`Escuela_ID_Escuela` ASC) VISIBLE;

CREATE INDEX `fk_Escuela_has_Prog_Academico_Prog_Academico1_idx` ON `RIDESCOM`.`Escuela_has_Prog_Academico` (`Prog_Academico_ID_Prog_Academico` ASC) VISIBLE;


-- -----------------------------------------------------
-- Table `RIDESCOM`.`Alumno`
-- -----------------------------------------------------
CREATE TABLE IF NOT EXISTS `RIDESCOM`.`Alumno` (
  `ID_Alumno` VARCHAR(10) NOT NULL,
  `Inscrito` VARCHAR(15) NOT NULL,
  `Persona_ID_Persona` INT NULL,
  `Escuela_has_Prog_Academico_Escuela_ID_Escuela` INT NOT NULL,
  `Escuela_has_Prog_Academico_Prog_Academico_ID_Prog_Academico` INT NOT NULL,
  PRIMARY KEY (`ID_Alumno`),
  CONSTRAINT `fk_Alumno_Persona1`
    FOREIGN KEY (`Persona_ID_Persona`)
    REFERENCES `RIDESCOM`.`Persona` (`ID_Persona`)
    ON DELETE SET NULL
    ON UPDATE CASCADE,
  CONSTRAINT `fk_Alumno_Escuela_has_Prog_Academico1`
    FOREIGN KEY (`Escuela_has_Prog_Academico_Escuela_ID_Escuela` , `Escuela_has_Prog_Academico_Prog_Academico_ID_Prog_Academico`)
    REFERENCES `RIDESCOM`.`Escuela_has_Prog_Academico` (`Escuela_ID_Escuela` , `Prog_Academico_ID_Prog_Academico`)
    ON DELETE NO ACTION
    ON UPDATE NO ACTION)
ENGINE = InnoDB;

CREATE INDEX `fk_Alumno_Persona1_idx` ON `RIDESCOM`.`Alumno` (`Persona_ID_Persona` ASC) VISIBLE;

CREATE INDEX `fk_Alumno_Escuela_has_Prog_Academico1_idx` ON `RIDESCOM`.`Alumno` (`Escuela_has_Prog_Academico_Escuela_ID_Escuela` ASC, `Escuela_has_Prog_Academico_Prog_Academico_ID_Prog_Academico` ASC) VISIBLE;


-- -----------------------------------------------------
-- Table `RIDESCOM`.`Ciclo`
-- -----------------------------------------------------
CREATE TABLE IF NOT EXISTS `RIDESCOM`.`Ciclo` (
  `ID_Ciclo` INT NOT NULL AUTO_INCREMENT,
  `Ciclo_Escolar` VARCHAR(6) NOT NULL,
  PRIMARY KEY (`ID_Ciclo`))
ENGINE = InnoDB;


-- -----------------------------------------------------
-- Table `RIDESCOM`.`Sede`
-- -----------------------------------------------------
CREATE TABLE IF NOT EXISTS `RIDESCOM`.`Sede` (
  `ID_Sede` INT NOT NULL AUTO_INCREMENT,
  `Nombre_S` VARCHAR(50) NOT NULL,
  `Calle` VARCHAR(100) NOT NULL,
  `Colonia` VARCHAR(100) NOT NULL,
  `Numero` VARCHAR(5) NULL DEFAULT 's/n',
  `CP` VARCHAR(10) NOT NULL,
  `Municipio_ID_Municipio` VARCHAR(4) NOT NULL,
  `Municipio_Estados_ID_estado` VARCHAR(2) NOT NULL,
  PRIMARY KEY (`ID_Sede`),
  CONSTRAINT `fk_Sede_Municipio1`
    FOREIGN KEY (`Municipio_ID_Municipio` , `Municipio_Estados_ID_estado`)
    REFERENCES `RIDESCOM`.`Municipio` (`ID_Municipio` , `Estados_ID_estado`)
    ON DELETE NO ACTION
    ON UPDATE NO ACTION)
ENGINE = InnoDB;

CREATE INDEX `fk_Sede_Municipio1_idx` ON `RIDESCOM`.`Sede` (`Municipio_ID_Municipio` ASC, `Municipio_Estados_ID_estado` ASC) VISIBLE;


-- -----------------------------------------------------
-- Table `RIDESCOM`.`Tipo_Pruebas`
-- -----------------------------------------------------
CREATE TABLE IF NOT EXISTS `RIDESCOM`.`Tipo_Pruebas` (
  `ID_Tipo` INT NOT NULL,
  `Tipo` VARCHAR(45) NOT NULL,
  PRIMARY KEY (`ID_Tipo`))
ENGINE = InnoDB;


-- -----------------------------------------------------
-- Table `RIDESCOM`.`Pruebas`
-- -----------------------------------------------------
CREATE TABLE IF NOT EXISTS `RIDESCOM`.`Pruebas` (
  `ID_Pruebas` INT NOT NULL AUTO_INCREMENT,
  `Prueba` VARCHAR(45) NOT NULL,
  `Tipo_Pruebas_ID_Prueba` INT NOT NULL,
  `Act_Deportiva_ID_Deporte` INT NOT NULL,
  PRIMARY KEY (`ID_Pruebas`),
  CONSTRAINT `fk_Pruebas_Tipo_Pruebas1`
    FOREIGN KEY (`Tipo_Pruebas_ID_Prueba`)
    REFERENCES `RIDESCOM`.`Tipo_Pruebas` (`ID_Tipo`)
    ON DELETE NO ACTION
    ON UPDATE NO ACTION,
  CONSTRAINT `fk_Pruebas_Act_Deportiva1`
    FOREIGN KEY (`Act_Deportiva_ID_Deporte`)
    REFERENCES `RIDESCOM`.`Act_Deportiva` (`ID_Deporte`)
    ON DELETE NO ACTION
    ON UPDATE NO ACTION)
ENGINE = InnoDB;

CREATE INDEX `fk_Pruebas_Tipo_Pruebas1_idx` ON `RIDESCOM`.`Pruebas` (`Tipo_Pruebas_ID_Prueba` ASC) VISIBLE;

CREATE INDEX `fk_Pruebas_Act_Deportiva1_idx` ON `RIDESCOM`.`Pruebas` (`Act_Deportiva_ID_Deporte` ASC) VISIBLE;


-- -----------------------------------------------------
-- Table `RIDESCOM`.`Evento`
-- -----------------------------------------------------
CREATE TABLE IF NOT EXISTS `RIDESCOM`.`Evento` (
  `Evento_ID` INT NOT NULL AUTO_INCREMENT,
  `Nombre_Evento` VARCHAR(300) NOT NULL,
  `Fecha_inicio_Registro` DATE NOT NULL,
  `Fecha_fin_Registro` DATE NULL,
  `Descripcion` VARCHAR(200) NULL,
  `Fecha_Evento` DATE NULL,
  `Ciclo_ID_Ciclo` INT NOT NULL,
  `Sede_ID_Sede` INT NULL,
  `Pruebas_ID_Pruebas` INT NULL,
  PRIMARY KEY (`Evento_ID`),
  CONSTRAINT `fk_Evento_Ciclo1`
    FOREIGN KEY (`Ciclo_ID_Ciclo`)
    REFERENCES `RIDESCOM`.`Ciclo` (`ID_Ciclo`)
    ON DELETE NO ACTION
    ON UPDATE NO ACTION,
  CONSTRAINT `fk_Evento_Sede1`
    FOREIGN KEY (`Sede_ID_Sede`)
    REFERENCES `RIDESCOM`.`Sede` (`ID_Sede`)
    ON DELETE SET NULL
    ON UPDATE CASCADE,
  CONSTRAINT `fk_Evento_Pruebas1`
    FOREIGN KEY (`Pruebas_ID_Pruebas`)
    REFERENCES `RIDESCOM`.`Pruebas` (`ID_Pruebas`)
    ON DELETE SET NULL
    ON UPDATE CASCADE)
ENGINE = InnoDB;

CREATE INDEX `fk_Evento_Ciclo1_idx` ON `RIDESCOM`.`Evento` (`Ciclo_ID_Ciclo` ASC) VISIBLE;

CREATE INDEX `fk_Evento_Sede1_idx` ON `RIDESCOM`.`Evento` (`Sede_ID_Sede` ASC) VISIBLE;

CREATE INDEX `fk_Evento_Pruebas1_idx` ON `RIDESCOM`.`Evento` (`Pruebas_ID_Pruebas` ASC) VISIBLE;


-- -----------------------------------------------------
-- Table `RIDESCOM`.`Inscripcion`
-- -----------------------------------------------------
CREATE TABLE IF NOT EXISTS `RIDESCOM`.`Inscripcion` (
  `Alumno_ID_Alumno` VARCHAR(10) NOT NULL,
  `Evento_Evento_ID` INT NOT NULL,
  `Escuela_ID_Escuela` INT NOT NULL,
  PRIMARY KEY (`Alumno_ID_Alumno`, `Evento_Evento_ID`),
  CONSTRAINT `fk_Alumno_has_Evento_Alumno1`
    FOREIGN KEY (`Alumno_ID_Alumno`)
    REFERENCES `RIDESCOM`.`Alumno` (`ID_Alumno`)
    ON DELETE NO ACTION
    ON UPDATE NO ACTION,
  CONSTRAINT `fk_Alumno_has_Evento_Evento1`
    FOREIGN KEY (`Evento_Evento_ID`)
    REFERENCES `RIDESCOM`.`Evento` (`Evento_ID`)
    ON DELETE NO ACTION
    ON UPDATE NO ACTION,
  CONSTRAINT `fk_Inscripcion_Escuela1`
    FOREIGN KEY (`Escuela_ID_Escuela`)
    REFERENCES `RIDESCOM`.`Escuela` (`ID_Escuela`)
    ON DELETE NO ACTION
    ON UPDATE NO ACTION)
ENGINE = InnoDB;

CREATE INDEX `fk_Alumno_has_Evento_Evento1_idx` ON `RIDESCOM`.`Inscripcion` (`Evento_Evento_ID` ASC) VISIBLE;

CREATE INDEX `fk_Alumno_has_Evento_Alumno1_idx` ON `RIDESCOM`.`Inscripcion` (`Alumno_ID_Alumno` ASC) VISIBLE;

CREATE INDEX `fk_Inscripcion_Escuela1_idx` ON `RIDESCOM`.`Inscripcion` (`Escuela_ID_Escuela` ASC) VISIBLE;


-- -----------------------------------------------------
-- Table `RIDESCOM`.`Resultados`
-- -----------------------------------------------------
CREATE TABLE IF NOT EXISTS `RIDESCOM`.`Resultados` (
  `ID_resultados` INT NOT NULL AUTO_INCREMENT,
  `Lugar_Obtenido` INT NOT NULL,
  `Marca` VARCHAR(50) NOT NULL,
  `Inscripcion_Alumno_ID_Alumno` VARCHAR(10) NOT NULL,
  `Inscripcion_Evento_Evento_ID` INT NOT NULL,
  PRIMARY KEY (`ID_resultados`),
  CONSTRAINT `fk_Resultados_Inscripcion1`
    FOREIGN KEY (`Inscripcion_Alumno_ID_Alumno` , `Inscripcion_Evento_Evento_ID`)
    REFERENCES `RIDESCOM`.`Inscripcion` (`Alumno_ID_Alumno` , `Evento_Evento_ID`)
    ON DELETE NO ACTION
    ON UPDATE NO ACTION)
ENGINE = InnoDB;

CREATE INDEX `fk_Resultados_Inscripcion1_idx` ON `RIDESCOM`.`Resultados` (`Inscripcion_Alumno_ID_Alumno` ASC, `Inscripcion_Evento_Evento_ID` ASC) VISIBLE;


-- -----------------------------------------------------
-- Table `RIDESCOM`.`Cedula`
-- -----------------------------------------------------
CREATE TABLE IF NOT EXISTS `RIDESCOM`.`Cedula` (
  `ID_Cedula` INT NOT NULL AUTO_INCREMENT,
  `Inscripcion_Alumno_ID_Alumno` VARCHAR(10) NOT NULL,
  `Inscripcion_Evento_Evento_ID` INT NOT NULL,
  PRIMARY KEY (`ID_Cedula`),
  CONSTRAINT `fk_Cedula_Inscripcion1`
    FOREIGN KEY (`Inscripcion_Alumno_ID_Alumno` , `Inscripcion_Evento_Evento_ID`)
    REFERENCES `RIDESCOM`.`Inscripcion` (`Alumno_ID_Alumno` , `Evento_Evento_ID`)
    ON DELETE NO ACTION
    ON UPDATE NO ACTION)
ENGINE = InnoDB;

CREATE INDEX `fk_Cedula_Inscripcion1_idx` ON `RIDESCOM`.`Cedula` (`Inscripcion_Alumno_ID_Alumno` ASC, `Inscripcion_Evento_Evento_ID` ASC) VISIBLE;


-- -----------------------------------------------------
-- Table `RIDESCOM`.`Contacto`
-- -----------------------------------------------------
CREATE TABLE IF NOT EXISTS `RIDESCOM`.`Contacto` (
  `ID_Contacto` INT NOT NULL AUTO_INCREMENT,
  `Persona_ID_Persona` INT NOT NULL,
  PRIMARY KEY (`ID_Contacto`),
  CONSTRAINT `fk_Contacto_Persona1`
    FOREIGN KEY (`Persona_ID_Persona`)
    REFERENCES `RIDESCOM`.`Persona` (`ID_Persona`)
    ON DELETE CASCADE
    ON UPDATE CASCADE)
ENGINE = InnoDB;

CREATE INDEX `fk_Contacto_Persona1_idx` ON `RIDESCOM`.`Contacto` (`Persona_ID_Persona` ASC) VISIBLE;


-- -----------------------------------------------------
-- Table `RIDESCOM`.`Escuela_Act_Deportiva`
-- -----------------------------------------------------
CREATE TABLE IF NOT EXISTS `RIDESCOM`.`Escuela_Act_Deportiva` (
  `Escuela_ID_Escuela` INT NOT NULL,
  `Act_Deportiva_ID_Deporte` INT NOT NULL,
  `Ciclo_ID_Ciclo` INT NOT NULL,
  CONSTRAINT `fk_Escuela_has_Areas_Deportiva_Escuela1`
    FOREIGN KEY (`Escuela_ID_Escuela`)
    REFERENCES `RIDESCOM`.`Escuela` (`ID_Escuela`)
    ON DELETE NO ACTION
    ON UPDATE NO ACTION,
  CONSTRAINT `fk_Escuela_has_Areas_Deportiva_Areas_Deportiva1`
    FOREIGN KEY (`Act_Deportiva_ID_Deporte`)
    REFERENCES `RIDESCOM`.`Act_Deportiva` (`ID_Deporte`)
    ON DELETE NO ACTION
    ON UPDATE NO ACTION,
  CONSTRAINT `fk_Escuela_has_Areas_Deportiva_Ciclo1`
    FOREIGN KEY (`Ciclo_ID_Ciclo`)
    REFERENCES `RIDESCOM`.`Ciclo` (`ID_Ciclo`)
    ON DELETE NO ACTION
    ON UPDATE NO ACTION)
ENGINE = InnoDB;

CREATE INDEX `fk_Escuela_has_Areas_Deportiva_Areas_Deportiva1_idx` ON `RIDESCOM`.`Escuela_Act_Deportiva` (`Act_Deportiva_ID_Deporte` ASC) VISIBLE;

CREATE INDEX `fk_Escuela_has_Areas_Deportiva_Escuela1_idx` ON `RIDESCOM`.`Escuela_Act_Deportiva` (`Escuela_ID_Escuela` ASC) VISIBLE;

CREATE INDEX `fk_Escuela_has_Areas_Deportiva_Ciclo1_idx` ON `RIDESCOM`.`Escuela_Act_Deportiva` (`Ciclo_ID_Ciclo` ASC) VISIBLE;


-- -----------------------------------------------------
-- Table `RIDESCOM`.`Persona_has_Act_Deportiva`
-- -----------------------------------------------------
CREATE TABLE IF NOT EXISTS `RIDESCOM`.`Persona_has_Act_Deportiva` (
  `Persona_ID_Persona` INT NOT NULL,
  `Act_Deportiva_ID_Deporte` INT NOT NULL,
  PRIMARY KEY (`Persona_ID_Persona`),
  CONSTRAINT `fk_Persona_has_Actividad_Deportiva_Persona1`
    FOREIGN KEY (`Persona_ID_Persona`)
    REFERENCES `RIDESCOM`.`Persona` (`ID_Persona`)
    ON DELETE CASCADE
    ON UPDATE CASCADE,
  CONSTRAINT `fk_Persona_Actividad_Deportiva_Act_Deportiva1`
    FOREIGN KEY (`Act_Deportiva_ID_Deporte`)
    REFERENCES `RIDESCOM`.`Act_Deportiva` (`ID_Deporte`)
    ON DELETE NO ACTION
    ON UPDATE NO ACTION)
ENGINE = InnoDB;

CREATE INDEX `fk_Persona_has_Actividad_Deportiva_Persona1_idx` ON `RIDESCOM`.`Persona_has_Act_Deportiva` (`Persona_ID_Persona` ASC) VISIBLE;

CREATE INDEX `fk_Persona_Actividad_Deportiva_Act_Deportiva1_idx` ON `RIDESCOM`.`Persona_has_Act_Deportiva` (`Act_Deportiva_ID_Deporte` ASC) VISIBLE;


-- -----------------------------------------------------
-- Table `RIDESCOM`.`Telefono_Celular`
-- -----------------------------------------------------
CREATE TABLE IF NOT EXISTS `RIDESCOM`.`Telefono_Celular` (
  `ID_Tel_Cel` INT NOT NULL AUTO_INCREMENT,
  `Celular` VARCHAR(15) NULL,
  `Contacto_ID_Contacto` INT NOT NULL,
  PRIMARY KEY (`ID_Tel_Cel`),
  CONSTRAINT `fk_Telefono_Celular_Contacto1`
    FOREIGN KEY (`Contacto_ID_Contacto`)
    REFERENCES `RIDESCOM`.`Contacto` (`ID_Contacto`)
    ON DELETE CASCADE
    ON UPDATE CASCADE)
ENGINE = InnoDB;

CREATE INDEX `fk_Telefono_Celular_Contacto1_idx` ON `RIDESCOM`.`Telefono_Celular` (`Contacto_ID_Contacto` ASC) VISIBLE;


-- -----------------------------------------------------
-- Table `RIDESCOM`.`Telefono_Fijo`
-- -----------------------------------------------------
CREATE TABLE IF NOT EXISTS `RIDESCOM`.`Telefono_Fijo` (
  `ID_Tel_Fijo` INT NOT NULL AUTO_INCREMENT,
  `Telefono` VARCHAR(10) NOT NULL,
  `Contacto_ID_Contacto` INT NOT NULL,
  PRIMARY KEY (`ID_Tel_Fijo`),
  CONSTRAINT `fk_Telefono_Fijo_Contacto1`
    FOREIGN KEY (`Contacto_ID_Contacto`)
    REFERENCES `RIDESCOM`.`Contacto` (`ID_Contacto`)
    ON DELETE CASCADE
    ON UPDATE CASCADE)
ENGINE = InnoDB;

CREATE INDEX `fk_Telefono_Fijo_Contacto1_idx` ON `RIDESCOM`.`Telefono_Fijo` (`Contacto_ID_Contacto` ASC) VISIBLE;


-- -----------------------------------------------------
-- Table `RIDESCOM`.`Email`
-- -----------------------------------------------------
CREATE TABLE IF NOT EXISTS `RIDESCOM`.`Email` (
  `ID_Email` INT NOT NULL AUTO_INCREMENT,
  `Correo` VARCHAR(45) NOT NULL,
  `Contacto_ID_Contacto` INT NOT NULL,
  PRIMARY KEY (`ID_Email`),
  CONSTRAINT `fk_Email_Contacto1`
    FOREIGN KEY (`Contacto_ID_Contacto`)
    REFERENCES `RIDESCOM`.`Contacto` (`ID_Contacto`)
    ON DELETE CASCADE
    ON UPDATE CASCADE)
ENGINE = InnoDB;

CREATE INDEX `fk_Email_Contacto1_idx` ON `RIDESCOM`.`Email` (`Contacto_ID_Contacto` ASC) VISIBLE;


-- -----------------------------------------------------
-- Table `RIDESCOM`.`Extension`
-- -----------------------------------------------------
CREATE TABLE IF NOT EXISTS `RIDESCOM`.`Extension` (
  `ID_Extension` INT NOT NULL AUTO_INCREMENT,
  `Ext` VARCHAR(10) NULL,
  `Telefono_Fijo_ID_Tel_Fijo` INT NOT NULL,
  PRIMARY KEY (`ID_Extension`),
  CONSTRAINT `fk_Extension_Telefono_Fijo1`
    FOREIGN KEY (`Telefono_Fijo_ID_Tel_Fijo`)
    REFERENCES `RIDESCOM`.`Telefono_Fijo` (`ID_Tel_Fijo`)
    ON DELETE CASCADE
    ON UPDATE CASCADE)
ENGINE = InnoDB;

CREATE INDEX `fk_Extension_Telefono_Fijo1_idx` ON `RIDESCOM`.`Extension` (`Telefono_Fijo_ID_Tel_Fijo` ASC);


SET SQL_MODE=@OLD_SQL_MODE;
SET FOREIGN_KEY_CHECKS=@OLD_FOREIGN_KEY_CHECKS;
SET UNIQUE_CHECKS=@OLD_UNIQUE_CHECKS;

-- -----------------------------------------------------
-- Data for table `RIDESCOM`.`Act_Deportiva`
-- -----------------------------------------------------
START TRANSACTION;
USE `RIDESCOM`;
INSERT INTO `RIDESCOM`.`Act_Deportiva` (`ID_Deporte`, `Disciplina`) VALUES (1, 'Ajedrez');
INSERT INTO `RIDESCOM`.`Act_Deportiva` (`ID_Deporte`, `Disciplina`) VALUES (2, 'Activación');
INSERT INTO `RIDESCOM`.`Act_Deportiva` (`ID_Deporte`, `Disciplina`) VALUES (3, 'Animación');
INSERT INTO `RIDESCOM`.`Act_Deportiva` (`ID_Deporte`, `Disciplina`) VALUES (4, 'Atletismo');
INSERT INTO `RIDESCOM`.`Act_Deportiva` (`ID_Deporte`, `Disciplina`) VALUES (5, 'Baloncesto');
INSERT INTO `RIDESCOM`.`Act_Deportiva` (`ID_Deporte`, `Disciplina`) VALUES (6, 'Beisbol');
INSERT INTO `RIDESCOM`.`Act_Deportiva` (`ID_Deporte`, `Disciplina`) VALUES (7, 'Boxeo');
INSERT INTO `RIDESCOM`.`Act_Deportiva` (`ID_Deporte`, `Disciplina`) VALUES (8, 'Excursionismo y Montañismo');
INSERT INTO `RIDESCOM`.`Act_Deportiva` (`ID_Deporte`, `Disciplina`) VALUES (9, 'Fisico-constructivismo y fitness');
INSERT INTO `RIDESCOM`.`Act_Deportiva` (`ID_Deporte`, `Disciplina`) VALUES (10, 'Frontón');
INSERT INTO `RIDESCOM`.`Act_Deportiva` (`ID_Deporte`, `Disciplina`) VALUES (11, 'Fútbol Americano Juvenil');
INSERT INTO `RIDESCOM`.`Act_Deportiva` (`ID_Deporte`, `Disciplina`) VALUES (12, 'Fútbol Asociación');
INSERT INTO `RIDESCOM`.`Act_Deportiva` (`ID_Deporte`, `Disciplina`) VALUES (13, 'Fútbol Rápido');
INSERT INTO `RIDESCOM`.`Act_Deportiva` (`ID_Deporte`, `Disciplina`) VALUES (14, 'Fútbol 7');
INSERT INTO `RIDESCOM`.`Act_Deportiva` (`ID_Deporte`, `Disciplina`) VALUES (15, 'Handball');
INSERT INTO `RIDESCOM`.`Act_Deportiva` (`ID_Deporte`, `Disciplina`) VALUES (16, 'Judo');
INSERT INTO `RIDESCOM`.`Act_Deportiva` (`ID_Deporte`, `Disciplina`) VALUES (17, 'Karate Do');
INSERT INTO `RIDESCOM`.`Act_Deportiva` (`ID_Deporte`, `Disciplina`) VALUES (18, 'Luchas Asociadas');
INSERT INTO `RIDESCOM`.`Act_Deportiva` (`ID_Deporte`, `Disciplina`) VALUES (19, 'Natación');
INSERT INTO `RIDESCOM`.`Act_Deportiva` (`ID_Deporte`, `Disciplina`) VALUES (20, 'Rugby');
INSERT INTO `RIDESCOM`.`Act_Deportiva` (`ID_Deporte`, `Disciplina`) VALUES (21, 'Softbol');
INSERT INTO `RIDESCOM`.`Act_Deportiva` (`ID_Deporte`, `Disciplina`) VALUES (22, 'Taekwondo');
INSERT INTO `RIDESCOM`.`Act_Deportiva` (`ID_Deporte`, `Disciplina`) VALUES (23, 'Tenis');
INSERT INTO `RIDESCOM`.`Act_Deportiva` (`ID_Deporte`, `Disciplina`) VALUES (24, 'Tenis de Mesa');
INSERT INTO `RIDESCOM`.`Act_Deportiva` (`ID_Deporte`, `Disciplina`) VALUES (25, 'Tiro con Arco');
INSERT INTO `RIDESCOM`.`Act_Deportiva` (`ID_Deporte`, `Disciplina`) VALUES (26, 'Tochito Bandera');

COMMIT;


-- -----------------------------------------------------
-- Data for table `RIDESCOM`.`Roles`
-- -----------------------------------------------------
START TRANSACTION;
USE `RIDESCOM`;
INSERT INTO `RIDESCOM`.`Roles` (`ID_Roles`, `Rol`) VALUES (1, 'Jefe de Area del DFD');
INSERT INTO `RIDESCOM`.`Roles` (`ID_Roles`, `Rol`) VALUES (2, 'Coordinador de Plantel');
INSERT INTO `RIDESCOM`.`Roles` (`ID_Roles`, `Rol`) VALUES (3, 'Alumno');

COMMIT;


-- -----------------------------------------------------
-- Data for table `RIDESCOM`.`Tipo_Sexo`
-- -----------------------------------------------------
START TRANSACTION;
USE `RIDESCOM`;
INSERT INTO `RIDESCOM`.`Tipo_Sexo` (`ID_Tipo_Sexo`, `Sexo`) VALUES (1, 'Hombre');
INSERT INTO `RIDESCOM`.`Tipo_Sexo` (`ID_Tipo_Sexo`, `Sexo`) VALUES (2, 'Mujer');

COMMIT;


-- -----------------------------------------------------
-- Data for table `RIDESCOM`.`Estados`
-- -----------------------------------------------------
START TRANSACTION;
USE `RIDESCOM`;
INSERT INTO `RIDESCOM`.`Estados` (`ID_estado`, `Homo`, `Estado`) VALUES ('01', 'AS', 'Aguascalientes');
INSERT INTO `RIDESCOM`.`Estados` (`ID_estado`, `Homo`, `Estado`) VALUES ('02', 'BC', 'Baja California del Norte');
INSERT INTO `RIDESCOM`.`Estados` (`ID_estado`, `Homo`, `Estado`) VALUES ('03', 'BS', 'Baja California del Sur');
INSERT INTO `RIDESCOM`.`Estados` (`ID_estado`, `Homo`, `Estado`) VALUES ('04', 'CC', 'Campeche');
INSERT INTO `RIDESCOM`.`Estados` (`ID_estado`, `Homo`, `Estado`) VALUES ('05', 'CS', 'Chiapas');
INSERT INTO `RIDESCOM`.`Estados` (`ID_estado`, `Homo`, `Estado`) VALUES ('06', 'CH', 'Chihuahua');
INSERT INTO `RIDESCOM`.`Estados` (`ID_estado`, `Homo`, `Estado`) VALUES ('07', 'DF', 'Ciudad de México');
INSERT INTO `RIDESCOM`.`Estados` (`ID_estado`, `Homo`, `Estado`) VALUES ('08', 'CL', 'Coahuila');
INSERT INTO `RIDESCOM`.`Estados` (`ID_estado`, `Homo`, `Estado`) VALUES ('09', 'CM', 'Colima');
INSERT INTO `RIDESCOM`.`Estados` (`ID_estado`, `Homo`, `Estado`) VALUES ('10', 'DG', 'Durango');
INSERT INTO `RIDESCOM`.`Estados` (`ID_estado`, `Homo`, `Estado`) VALUES ('11', 'MC', 'Estado de México');
INSERT INTO `RIDESCOM`.`Estados` (`ID_estado`, `Homo`, `Estado`) VALUES ('12', 'GT', 'Guanajuato');
INSERT INTO `RIDESCOM`.`Estados` (`ID_estado`, `Homo`, `Estado`) VALUES ('13', 'GR', 'Guerrero');
INSERT INTO `RIDESCOM`.`Estados` (`ID_estado`, `Homo`, `Estado`) VALUES ('14', 'HG', 'Hidalgo');
INSERT INTO `RIDESCOM`.`Estados` (`ID_estado`, `Homo`, `Estado`) VALUES ('15', 'JC', 'Jalisco');
INSERT INTO `RIDESCOM`.`Estados` (`ID_estado`, `Homo`, `Estado`) VALUES ('16', 'MN', 'Michoacan');
INSERT INTO `RIDESCOM`.`Estados` (`ID_estado`, `Homo`, `Estado`) VALUES ('17', 'MS', 'Morelos');
INSERT INTO `RIDESCOM`.`Estados` (`ID_estado`, `Homo`, `Estado`) VALUES ('18', 'NT', 'Nayarit');
INSERT INTO `RIDESCOM`.`Estados` (`ID_estado`, `Homo`, `Estado`) VALUES ('19', 'NL', 'Nuevo León');
INSERT INTO `RIDESCOM`.`Estados` (`ID_estado`, `Homo`, `Estado`) VALUES ('20', 'OC', 'Oaxaca');
INSERT INTO `RIDESCOM`.`Estados` (`ID_estado`, `Homo`, `Estado`) VALUES ('21', 'PL', 'Puebla');
INSERT INTO `RIDESCOM`.`Estados` (`ID_estado`, `Homo`, `Estado`) VALUES ('22', 'QT', 'Queretaro');
INSERT INTO `RIDESCOM`.`Estados` (`ID_estado`, `Homo`, `Estado`) VALUES ('23', 'QR', 'Quintana Roo');
INSERT INTO `RIDESCOM`.`Estados` (`ID_estado`, `Homo`, `Estado`) VALUES ('24', 'SP', 'San Luis Potosí');
INSERT INTO `RIDESCOM`.`Estados` (`ID_estado`, `Homo`, `Estado`) VALUES ('25', 'SL', 'Sinaloa');
INSERT INTO `RIDESCOM`.`Estados` (`ID_estado`, `Homo`, `Estado`) VALUES ('26', 'SR', 'Sonora');
INSERT INTO `RIDESCOM`.`Estados` (`ID_estado`, `Homo`, `Estado`) VALUES ('27', 'TC', 'Tabasco');
INSERT INTO `RIDESCOM`.`Estados` (`ID_estado`, `Homo`, `Estado`) VALUES ('28', 'TS', 'Tamaulipas');
INSERT INTO `RIDESCOM`.`Estados` (`ID_estado`, `Homo`, `Estado`) VALUES ('29', 'TL', 'Tlaxcala');
INSERT INTO `RIDESCOM`.`Estados` (`ID_estado`, `Homo`, `Estado`) VALUES ('30', 'VZ', 'Veracruz');
INSERT INTO `RIDESCOM`.`Estados` (`ID_estado`, `Homo`, `Estado`) VALUES ('31', 'YN', 'Yucatán');
INSERT INTO `RIDESCOM`.`Estados` (`ID_estado`, `Homo`, `Estado`) VALUES ('32', 'ZS', 'Zacatecas');
INSERT INTO `RIDESCOM`.`Estados` (`ID_estado`, `Homo`, `Estado`) VALUES ('33', 'NE', 'Nacidos en el extranjero');

COMMIT;


-- -----------------------------------------------------
-- Data for table `RIDESCOM`.`Municipio`
-- -----------------------------------------------------
START TRANSACTION;
USE `RIDESCOM`;
INSERT INTO `RIDESCOM`.`Municipio` (`ID_Municipio`, `Estados_ID_estado`, `Municipio`) VALUES ('0001', '01', 'Aguascalientes');
INSERT INTO `RIDESCOM`.`Municipio` (`ID_Municipio`, `Estados_ID_estado`, `Municipio`) VALUES ('0002', '01', 'Asientos');
INSERT INTO `RIDESCOM`.`Municipio` (`ID_Municipio`, `Estados_ID_estado`, `Municipio`) VALUES ('0003', '01', 'Calvillo');
INSERT INTO `RIDESCOM`.`Municipio` (`ID_Municipio`, `Estados_ID_estado`, `Municipio`) VALUES ('0004', '01', 'Cosío');
INSERT INTO `RIDESCOM`.`Municipio` (`ID_Municipio`, `Estados_ID_estado`, `Municipio`) VALUES ('0005', '01', 'Jesús María');
INSERT INTO `RIDESCOM`.`Municipio` (`ID_Municipio`, `Estados_ID_estado`, `Municipio`) VALUES ('0006', '01', 'Pabello de Arteaga');
INSERT INTO `RIDESCOM`.`Municipio` (`ID_Municipio`, `Estados_ID_estado`, `Municipio`) VALUES ('0007', '01', 'Rincón de Romos');
INSERT INTO `RIDESCOM`.`Municipio` (`ID_Municipio`, `Estados_ID_estado`, `Municipio`) VALUES ('0008', '01', 'San José de Gracia');
INSERT INTO `RIDESCOM`.`Municipio` (`ID_Municipio`, `Estados_ID_estado`, `Municipio`) VALUES ('0009', '01', 'Tepezalá');
INSERT INTO `RIDESCOM`.`Municipio` (`ID_Municipio`, `Estados_ID_estado`, `Municipio`) VALUES ('0010', '01', 'El Llano');
INSERT INTO `RIDESCOM`.`Municipio` (`ID_Municipio`, `Estados_ID_estado`, `Municipio`) VALUES ('0011', '01', 'San Francisco de los Romo');
INSERT INTO `RIDESCOM`.`Municipio` (`ID_Municipio`, `Estados_ID_estado`, `Municipio`) VALUES ('0012', '02', 'Ensenada');
INSERT INTO `RIDESCOM`.`Municipio` (`ID_Municipio`, `Estados_ID_estado`, `Municipio`) VALUES ('0013', '02', 'Mexicali');
INSERT INTO `RIDESCOM`.`Municipio` (`ID_Municipio`, `Estados_ID_estado`, `Municipio`) VALUES ('0014', '02', 'Tecate');
INSERT INTO `RIDESCOM`.`Municipio` (`ID_Municipio`, `Estados_ID_estado`, `Municipio`) VALUES ('0015', '02', 'Tijuana');
INSERT INTO `RIDESCOM`.`Municipio` (`ID_Municipio`, `Estados_ID_estado`, `Municipio`) VALUES ('0016', '02', 'Playas de Rosarito');
INSERT INTO `RIDESCOM`.`Municipio` (`ID_Municipio`, `Estados_ID_estado`, `Municipio`) VALUES ('0017', '03', 'Comondú');
INSERT INTO `RIDESCOM`.`Municipio` (`ID_Municipio`, `Estados_ID_estado`, `Municipio`) VALUES ('0018', '03', 'Mulegé');
INSERT INTO `RIDESCOM`.`Municipio` (`ID_Municipio`, `Estados_ID_estado`, `Municipio`) VALUES ('0019', '03', 'La Paz');
INSERT INTO `RIDESCOM`.`Municipio` (`ID_Municipio`, `Estados_ID_estado`, `Municipio`) VALUES ('0020', '03', 'Los Cabos');
INSERT INTO `RIDESCOM`.`Municipio` (`ID_Municipio`, `Estados_ID_estado`, `Municipio`) VALUES ('0021', '03', 'Loreto');
INSERT INTO `RIDESCOM`.`Municipio` (`ID_Municipio`, `Estados_ID_estado`, `Municipio`) VALUES ('0022', '04', 'Calkiní');
INSERT INTO `RIDESCOM`.`Municipio` (`ID_Municipio`, `Estados_ID_estado`, `Municipio`) VALUES ('0023', '04', 'Campeche');
INSERT INTO `RIDESCOM`.`Municipio` (`ID_Municipio`, `Estados_ID_estado`, `Municipio`) VALUES ('0024', '04', 'Carmen');
INSERT INTO `RIDESCOM`.`Municipio` (`ID_Municipio`, `Estados_ID_estado`, `Municipio`) VALUES ('0025', '04', 'Champotón');
INSERT INTO `RIDESCOM`.`Municipio` (`ID_Municipio`, `Estados_ID_estado`, `Municipio`) VALUES ('0026', '04', 'Hecelchakán');
INSERT INTO `RIDESCOM`.`Municipio` (`ID_Municipio`, `Estados_ID_estado`, `Municipio`) VALUES ('0027', '04', 'Hopelchén');
INSERT INTO `RIDESCOM`.`Municipio` (`ID_Municipio`, `Estados_ID_estado`, `Municipio`) VALUES ('0028', '04', 'Palizada');
INSERT INTO `RIDESCOM`.`Municipio` (`ID_Municipio`, `Estados_ID_estado`, `Municipio`) VALUES ('0029', '04', 'Tenabo');
INSERT INTO `RIDESCOM`.`Municipio` (`ID_Municipio`, `Estados_ID_estado`, `Municipio`) VALUES ('0030', '04', 'Escárcega');
INSERT INTO `RIDESCOM`.`Municipio` (`ID_Municipio`, `Estados_ID_estado`, `Municipio`) VALUES ('0031', '04', 'Calakmul');
INSERT INTO `RIDESCOM`.`Municipio` (`ID_Municipio`, `Estados_ID_estado`, `Municipio`) VALUES ('0032', '04', 'Candelaria');
INSERT INTO `RIDESCOM`.`Municipio` (`ID_Municipio`, `Estados_ID_estado`, `Municipio`) VALUES ('0033', '05', 'Acacoyagua ');
INSERT INTO `RIDESCOM`.`Municipio` (`ID_Municipio`, `Estados_ID_estado`, `Municipio`) VALUES ('0034', '05', 'Acala ');
INSERT INTO `RIDESCOM`.`Municipio` (`ID_Municipio`, `Estados_ID_estado`, `Municipio`) VALUES ('0035', '05', 'Acapetahua');
INSERT INTO `RIDESCOM`.`Municipio` (`ID_Municipio`, `Estados_ID_estado`, `Municipio`) VALUES ('0036', '05', 'Altamirano');
INSERT INTO `RIDESCOM`.`Municipio` (`ID_Municipio`, `Estados_ID_estado`, `Municipio`) VALUES ('0037', '05', 'Amatán');
INSERT INTO `RIDESCOM`.`Municipio` (`ID_Municipio`, `Estados_ID_estado`, `Municipio`) VALUES ('0038', '05', 'Amatenango de la Frontera');
INSERT INTO `RIDESCOM`.`Municipio` (`ID_Municipio`, `Estados_ID_estado`, `Municipio`) VALUES ('0039', '05', 'Amatenango del Valle');
INSERT INTO `RIDESCOM`.`Municipio` (`ID_Municipio`, `Estados_ID_estado`, `Municipio`) VALUES ('0040', '05', 'Angel Albino Corzo');
INSERT INTO `RIDESCOM`.`Municipio` (`ID_Municipio`, `Estados_ID_estado`, `Municipio`) VALUES ('0041', '05', 'Arriaga');
INSERT INTO `RIDESCOM`.`Municipio` (`ID_Municipio`, `Estados_ID_estado`, `Municipio`) VALUES ('0042', '05', 'Bejucal de Ocampo');
INSERT INTO `RIDESCOM`.`Municipio` (`ID_Municipio`, `Estados_ID_estado`, `Municipio`) VALUES ('0043', '05', 'Bella Vista');
INSERT INTO `RIDESCOM`.`Municipio` (`ID_Municipio`, `Estados_ID_estado`, `Municipio`) VALUES ('0044', '05', 'Berriozábal');
INSERT INTO `RIDESCOM`.`Municipio` (`ID_Municipio`, `Estados_ID_estado`, `Municipio`) VALUES ('0045', '05', 'Bochil');
INSERT INTO `RIDESCOM`.`Municipio` (`ID_Municipio`, `Estados_ID_estado`, `Municipio`) VALUES ('0046', '05', 'El Bosque');
INSERT INTO `RIDESCOM`.`Municipio` (`ID_Municipio`, `Estados_ID_estado`, `Municipio`) VALUES ('0047', '05', 'Cacahoatán');
INSERT INTO `RIDESCOM`.`Municipio` (`ID_Municipio`, `Estados_ID_estado`, `Municipio`) VALUES ('0048', '05', 'Catazajá');
INSERT INTO `RIDESCOM`.`Municipio` (`ID_Municipio`, `Estados_ID_estado`, `Municipio`) VALUES ('0049', '05', 'Cintalapa');
INSERT INTO `RIDESCOM`.`Municipio` (`ID_Municipio`, `Estados_ID_estado`, `Municipio`) VALUES ('0050', '05', 'Coapilla');
INSERT INTO `RIDESCOM`.`Municipio` (`ID_Municipio`, `Estados_ID_estado`, `Municipio`) VALUES ('0051', '05', 'Comitán de Domínguez');
INSERT INTO `RIDESCOM`.`Municipio` (`ID_Municipio`, `Estados_ID_estado`, `Municipio`) VALUES ('0052', '05', 'La Concordia');
INSERT INTO `RIDESCOM`.`Municipio` (`ID_Municipio`, `Estados_ID_estado`, `Municipio`) VALUES ('0053', '05', 'Copainalá');
INSERT INTO `RIDESCOM`.`Municipio` (`ID_Municipio`, `Estados_ID_estado`, `Municipio`) VALUES ('0054', '05', 'Chalchihuitán');
INSERT INTO `RIDESCOM`.`Municipio` (`ID_Municipio`, `Estados_ID_estado`, `Municipio`) VALUES ('0055', '05', 'Chamula');
INSERT INTO `RIDESCOM`.`Municipio` (`ID_Municipio`, `Estados_ID_estado`, `Municipio`) VALUES ('0056', '05', 'Chanal');
INSERT INTO `RIDESCOM`.`Municipio` (`ID_Municipio`, `Estados_ID_estado`, `Municipio`) VALUES ('0057', '05', 'Chapultenango');
INSERT INTO `RIDESCOM`.`Municipio` (`ID_Municipio`, `Estados_ID_estado`, `Municipio`) VALUES ('0058', '05', 'Chenalhó');
INSERT INTO `RIDESCOM`.`Municipio` (`ID_Municipio`, `Estados_ID_estado`, `Municipio`) VALUES ('0059', '05', 'Chiapa de Corzo');
INSERT INTO `RIDESCOM`.`Municipio` (`ID_Municipio`, `Estados_ID_estado`, `Municipio`) VALUES ('0060', '05', 'Chiapilla');
INSERT INTO `RIDESCOM`.`Municipio` (`ID_Municipio`, `Estados_ID_estado`, `Municipio`) VALUES ('0061', '05', 'Chicoasén');
INSERT INTO `RIDESCOM`.`Municipio` (`ID_Municipio`, `Estados_ID_estado`, `Municipio`) VALUES ('0062', '05', 'Chicomuselo');
INSERT INTO `RIDESCOM`.`Municipio` (`ID_Municipio`, `Estados_ID_estado`, `Municipio`) VALUES ('0063', '05', 'Chilón');
INSERT INTO `RIDESCOM`.`Municipio` (`ID_Municipio`, `Estados_ID_estado`, `Municipio`) VALUES ('0064', '05', 'Escuintla');
INSERT INTO `RIDESCOM`.`Municipio` (`ID_Municipio`, `Estados_ID_estado`, `Municipio`) VALUES ('0065', '05', 'Francisco León');
INSERT INTO `RIDESCOM`.`Municipio` (`ID_Municipio`, `Estados_ID_estado`, `Municipio`) VALUES ('0066', '05', 'Frontera Comalapa');
INSERT INTO `RIDESCOM`.`Municipio` (`ID_Municipio`, `Estados_ID_estado`, `Municipio`) VALUES ('0067', '05', 'Frontera Hidalgo');
INSERT INTO `RIDESCOM`.`Municipio` (`ID_Municipio`, `Estados_ID_estado`, `Municipio`) VALUES ('0068', '05', 'La Grandeza');
INSERT INTO `RIDESCOM`.`Municipio` (`ID_Municipio`, `Estados_ID_estado`, `Municipio`) VALUES ('0069', '05', 'Huehuetán');
INSERT INTO `RIDESCOM`.`Municipio` (`ID_Municipio`, `Estados_ID_estado`, `Municipio`) VALUES ('0070', '05', 'Huixtán');
INSERT INTO `RIDESCOM`.`Municipio` (`ID_Municipio`, `Estados_ID_estado`, `Municipio`) VALUES ('0071', '05', 'Huitiupán');
INSERT INTO `RIDESCOM`.`Municipio` (`ID_Municipio`, `Estados_ID_estado`, `Municipio`) VALUES ('0072', '05', 'Huixtla');
INSERT INTO `RIDESCOM`.`Municipio` (`ID_Municipio`, `Estados_ID_estado`, `Municipio`) VALUES ('0073', '05', 'La Independencia');
INSERT INTO `RIDESCOM`.`Municipio` (`ID_Municipio`, `Estados_ID_estado`, `Municipio`) VALUES ('0074', '05', 'Ixhuatán');
INSERT INTO `RIDESCOM`.`Municipio` (`ID_Municipio`, `Estados_ID_estado`, `Municipio`) VALUES ('0075', '05', 'Ixtacomitán');
INSERT INTO `RIDESCOM`.`Municipio` (`ID_Municipio`, `Estados_ID_estado`, `Municipio`) VALUES ('0076', '05', 'Ixtapa');
INSERT INTO `RIDESCOM`.`Municipio` (`ID_Municipio`, `Estados_ID_estado`, `Municipio`) VALUES ('0077', '05', 'Ixtapangajoya');
INSERT INTO `RIDESCOM`.`Municipio` (`ID_Municipio`, `Estados_ID_estado`, `Municipio`) VALUES ('0078', '05', 'Jiquipilas');
INSERT INTO `RIDESCOM`.`Municipio` (`ID_Municipio`, `Estados_ID_estado`, `Municipio`) VALUES ('0079', '05', 'Jitotol');
INSERT INTO `RIDESCOM`.`Municipio` (`ID_Municipio`, `Estados_ID_estado`, `Municipio`) VALUES ('0080', '05', 'Juárez');
INSERT INTO `RIDESCOM`.`Municipio` (`ID_Municipio`, `Estados_ID_estado`, `Municipio`) VALUES ('0081', '05', 'Larráinzar');
INSERT INTO `RIDESCOM`.`Municipio` (`ID_Municipio`, `Estados_ID_estado`, `Municipio`) VALUES ('0082', '05', 'La Libertad');
INSERT INTO `RIDESCOM`.`Municipio` (`ID_Municipio`, `Estados_ID_estado`, `Municipio`) VALUES ('0083', '05', 'Mapastepec');
INSERT INTO `RIDESCOM`.`Municipio` (`ID_Municipio`, `Estados_ID_estado`, `Municipio`) VALUES ('0084', '05', 'Las Margaritas');
INSERT INTO `RIDESCOM`.`Municipio` (`ID_Municipio`, `Estados_ID_estado`, `Municipio`) VALUES ('0085', '05', 'Mazapa de Madero');
INSERT INTO `RIDESCOM`.`Municipio` (`ID_Municipio`, `Estados_ID_estado`, `Municipio`) VALUES ('0086', '05', 'Mazatán');
INSERT INTO `RIDESCOM`.`Municipio` (`ID_Municipio`, `Estados_ID_estado`, `Municipio`) VALUES ('0087', '05', 'Metapa');
INSERT INTO `RIDESCOM`.`Municipio` (`ID_Municipio`, `Estados_ID_estado`, `Municipio`) VALUES ('0088', '05', 'Mitontic');
INSERT INTO `RIDESCOM`.`Municipio` (`ID_Municipio`, `Estados_ID_estado`, `Municipio`) VALUES ('0089', '05', 'Motozintla');
INSERT INTO `RIDESCOM`.`Municipio` (`ID_Municipio`, `Estados_ID_estado`, `Municipio`) VALUES ('0090', '05', 'Nicolás Ruíz');
INSERT INTO `RIDESCOM`.`Municipio` (`ID_Municipio`, `Estados_ID_estado`, `Municipio`) VALUES ('0091', '05', 'Ocosingo');
INSERT INTO `RIDESCOM`.`Municipio` (`ID_Municipio`, `Estados_ID_estado`, `Municipio`) VALUES ('0092', '05', 'Ocotepec');
INSERT INTO `RIDESCOM`.`Municipio` (`ID_Municipio`, `Estados_ID_estado`, `Municipio`) VALUES ('0093', '05', 'Ocozocoautla de Espinosa');
INSERT INTO `RIDESCOM`.`Municipio` (`ID_Municipio`, `Estados_ID_estado`, `Municipio`) VALUES ('0094', '05', 'Ostuacán ');
INSERT INTO `RIDESCOM`.`Municipio` (`ID_Municipio`, `Estados_ID_estado`, `Municipio`) VALUES ('0095', '05', 'Osumacinta');
INSERT INTO `RIDESCOM`.`Municipio` (`ID_Municipio`, `Estados_ID_estado`, `Municipio`) VALUES ('0096', '05', 'Oxchuc');
INSERT INTO `RIDESCOM`.`Municipio` (`ID_Municipio`, `Estados_ID_estado`, `Municipio`) VALUES ('0097', '05', 'Palenque');
INSERT INTO `RIDESCOM`.`Municipio` (`ID_Municipio`, `Estados_ID_estado`, `Municipio`) VALUES ('0098', '05', 'Pantelhó');
INSERT INTO `RIDESCOM`.`Municipio` (`ID_Municipio`, `Estados_ID_estado`, `Municipio`) VALUES ('0099', '05', 'Pantepec');
INSERT INTO `RIDESCOM`.`Municipio` (`ID_Municipio`, `Estados_ID_estado`, `Municipio`) VALUES ('0100', '05', 'Pichucalco');
INSERT INTO `RIDESCOM`.`Municipio` (`ID_Municipio`, `Estados_ID_estado`, `Municipio`) VALUES ('0101', '05', 'Pijijiapan');
INSERT INTO `RIDESCOM`.`Municipio` (`ID_Municipio`, `Estados_ID_estado`, `Municipio`) VALUES ('0102', '05', 'El Porvenir');
INSERT INTO `RIDESCOM`.`Municipio` (`ID_Municipio`, `Estados_ID_estado`, `Municipio`) VALUES ('0103', '05', 'Villa Comaltitlán');
INSERT INTO `RIDESCOM`.`Municipio` (`ID_Municipio`, `Estados_ID_estado`, `Municipio`) VALUES ('0104', '05', 'Pueblo Nuevo Solistahuacán');
INSERT INTO `RIDESCOM`.`Municipio` (`ID_Municipio`, `Estados_ID_estado`, `Municipio`) VALUES ('0105', '05', 'Rayón');
INSERT INTO `RIDESCOM`.`Municipio` (`ID_Municipio`, `Estados_ID_estado`, `Municipio`) VALUES ('0106', '05', 'Reforma');
INSERT INTO `RIDESCOM`.`Municipio` (`ID_Municipio`, `Estados_ID_estado`, `Municipio`) VALUES ('0107', '05', 'Las Rosas');
INSERT INTO `RIDESCOM`.`Municipio` (`ID_Municipio`, `Estados_ID_estado`, `Municipio`) VALUES ('0108', '05', 'Sabanilla');
INSERT INTO `RIDESCOM`.`Municipio` (`ID_Municipio`, `Estados_ID_estado`, `Municipio`) VALUES ('0109', '05', 'Salto de Agua');
INSERT INTO `RIDESCOM`.`Municipio` (`ID_Municipio`, `Estados_ID_estado`, `Municipio`) VALUES ('0110', '05', 'San Cristóbal de las Casas');
INSERT INTO `RIDESCOM`.`Municipio` (`ID_Municipio`, `Estados_ID_estado`, `Municipio`) VALUES ('0111', '05', 'San Fernando');
INSERT INTO `RIDESCOM`.`Municipio` (`ID_Municipio`, `Estados_ID_estado`, `Municipio`) VALUES ('0112', '05', 'Siltepec');
INSERT INTO `RIDESCOM`.`Municipio` (`ID_Municipio`, `Estados_ID_estado`, `Municipio`) VALUES ('0113', '05', 'Simojovel');
INSERT INTO `RIDESCOM`.`Municipio` (`ID_Municipio`, `Estados_ID_estado`, `Municipio`) VALUES ('0114', '05', 'Sitalá');
INSERT INTO `RIDESCOM`.`Municipio` (`ID_Municipio`, `Estados_ID_estado`, `Municipio`) VALUES ('0115', '05', 'Socoltenango');
INSERT INTO `RIDESCOM`.`Municipio` (`ID_Municipio`, `Estados_ID_estado`, `Municipio`) VALUES ('0116', '05', 'Solosuchiapa');
INSERT INTO `RIDESCOM`.`Municipio` (`ID_Municipio`, `Estados_ID_estado`, `Municipio`) VALUES ('0117', '05', 'Soyaló');
INSERT INTO `RIDESCOM`.`Municipio` (`ID_Municipio`, `Estados_ID_estado`, `Municipio`) VALUES ('0118', '05', 'Suchiapa');
INSERT INTO `RIDESCOM`.`Municipio` (`ID_Municipio`, `Estados_ID_estado`, `Municipio`) VALUES ('0119', '05', 'Suchiate');
INSERT INTO `RIDESCOM`.`Municipio` (`ID_Municipio`, `Estados_ID_estado`, `Municipio`) VALUES ('0120', '05', 'Sunuapa');
INSERT INTO `RIDESCOM`.`Municipio` (`ID_Municipio`, `Estados_ID_estado`, `Municipio`) VALUES ('0121', '05', 'Tapachula');
INSERT INTO `RIDESCOM`.`Municipio` (`ID_Municipio`, `Estados_ID_estado`, `Municipio`) VALUES ('0122', '05', 'Tapalapa');
INSERT INTO `RIDESCOM`.`Municipio` (`ID_Municipio`, `Estados_ID_estado`, `Municipio`) VALUES ('0123', '05', 'Tapilula');
INSERT INTO `RIDESCOM`.`Municipio` (`ID_Municipio`, `Estados_ID_estado`, `Municipio`) VALUES ('0124', '05', 'Tecpatán');
INSERT INTO `RIDESCOM`.`Municipio` (`ID_Municipio`, `Estados_ID_estado`, `Municipio`) VALUES ('0125', '05', 'Tenejapa');
INSERT INTO `RIDESCOM`.`Municipio` (`ID_Municipio`, `Estados_ID_estado`, `Municipio`) VALUES ('0126', '05', 'Teopisca');
INSERT INTO `RIDESCOM`.`Municipio` (`ID_Municipio`, `Estados_ID_estado`, `Municipio`) VALUES ('0127', '05', 'Tila');
INSERT INTO `RIDESCOM`.`Municipio` (`ID_Municipio`, `Estados_ID_estado`, `Municipio`) VALUES ('0128', '05', 'Tonalá');
INSERT INTO `RIDESCOM`.`Municipio` (`ID_Municipio`, `Estados_ID_estado`, `Municipio`) VALUES ('0129', '05', 'Totolapa');
INSERT INTO `RIDESCOM`.`Municipio` (`ID_Municipio`, `Estados_ID_estado`, `Municipio`) VALUES ('0130', '05', 'La Trinitaria');
INSERT INTO `RIDESCOM`.`Municipio` (`ID_Municipio`, `Estados_ID_estado`, `Municipio`) VALUES ('0131', '05', 'Tumbalá');
INSERT INTO `RIDESCOM`.`Municipio` (`ID_Municipio`, `Estados_ID_estado`, `Municipio`) VALUES ('0132', '05', 'Tuxtla Gutiérrez');
INSERT INTO `RIDESCOM`.`Municipio` (`ID_Municipio`, `Estados_ID_estado`, `Municipio`) VALUES ('0133', '05', 'Tuxtla Chico');
INSERT INTO `RIDESCOM`.`Municipio` (`ID_Municipio`, `Estados_ID_estado`, `Municipio`) VALUES ('0134', '05', 'Tuzantán');
INSERT INTO `RIDESCOM`.`Municipio` (`ID_Municipio`, `Estados_ID_estado`, `Municipio`) VALUES ('0135', '05', 'Tzimol');
INSERT INTO `RIDESCOM`.`Municipio` (`ID_Municipio`, `Estados_ID_estado`, `Municipio`) VALUES ('0136', '05', 'Unión Juárez');
INSERT INTO `RIDESCOM`.`Municipio` (`ID_Municipio`, `Estados_ID_estado`, `Municipio`) VALUES ('0137', '05', 'Venustiano Carranza');
INSERT INTO `RIDESCOM`.`Municipio` (`ID_Municipio`, `Estados_ID_estado`, `Municipio`) VALUES ('0138', '05', 'Villa Corzo');
INSERT INTO `RIDESCOM`.`Municipio` (`ID_Municipio`, `Estados_ID_estado`, `Municipio`) VALUES ('0139', '05', 'Villaflores');
INSERT INTO `RIDESCOM`.`Municipio` (`ID_Municipio`, `Estados_ID_estado`, `Municipio`) VALUES ('0140', '05', 'Yajalón');
INSERT INTO `RIDESCOM`.`Municipio` (`ID_Municipio`, `Estados_ID_estado`, `Municipio`) VALUES ('0141', '05', 'San Lucas');
INSERT INTO `RIDESCOM`.`Municipio` (`ID_Municipio`, `Estados_ID_estado`, `Municipio`) VALUES ('0142', '05', 'Zinacantán');
INSERT INTO `RIDESCOM`.`Municipio` (`ID_Municipio`, `Estados_ID_estado`, `Municipio`) VALUES ('0143', '05', 'San Juan Cancuc');
INSERT INTO `RIDESCOM`.`Municipio` (`ID_Municipio`, `Estados_ID_estado`, `Municipio`) VALUES ('0144', '05', 'Aldama');
INSERT INTO `RIDESCOM`.`Municipio` (`ID_Municipio`, `Estados_ID_estado`, `Municipio`) VALUES ('0145', '05', 'Benemérito de las Américas');
INSERT INTO `RIDESCOM`.`Municipio` (`ID_Municipio`, `Estados_ID_estado`, `Municipio`) VALUES ('0146', '05', 'Maravilla Tenejap');
INSERT INTO `RIDESCOM`.`Municipio` (`ID_Municipio`, `Estados_ID_estado`, `Municipio`) VALUES ('0147', '05', 'Marqués de Comillas');
INSERT INTO `RIDESCOM`.`Municipio` (`ID_Municipio`, `Estados_ID_estado`, `Municipio`) VALUES ('0148', '05', 'Montecristo de Guerrero');
INSERT INTO `RIDESCOM`.`Municipio` (`ID_Municipio`, `Estados_ID_estado`, `Municipio`) VALUES ('0149', '05', 'San Andrés Duraznal');
INSERT INTO `RIDESCOM`.`Municipio` (`ID_Municipio`, `Estados_ID_estado`, `Municipio`) VALUES ('0150', '05', 'Santiago el Pinar');
INSERT INTO `RIDESCOM`.`Municipio` (`ID_Municipio`, `Estados_ID_estado`, `Municipio`) VALUES ('0151', '06', 'Ahumada');
INSERT INTO `RIDESCOM`.`Municipio` (`ID_Municipio`, `Estados_ID_estado`, `Municipio`) VALUES ('0152', '06', 'Aldama');
INSERT INTO `RIDESCOM`.`Municipio` (`ID_Municipio`, `Estados_ID_estado`, `Municipio`) VALUES ('0153', '06', 'Allende');
INSERT INTO `RIDESCOM`.`Municipio` (`ID_Municipio`, `Estados_ID_estado`, `Municipio`) VALUES ('0154', '06', 'Aquiles Serdán');
INSERT INTO `RIDESCOM`.`Municipio` (`ID_Municipio`, `Estados_ID_estado`, `Municipio`) VALUES ('0155', '06', 'Ascensión');
INSERT INTO `RIDESCOM`.`Municipio` (`ID_Municipio`, `Estados_ID_estado`, `Municipio`) VALUES ('0156', '06', 'Bachíniva');
INSERT INTO `RIDESCOM`.`Municipio` (`ID_Municipio`, `Estados_ID_estado`, `Municipio`) VALUES ('0157', '06', 'Balleza');
INSERT INTO `RIDESCOM`.`Municipio` (`ID_Municipio`, `Estados_ID_estado`, `Municipio`) VALUES ('0158', '06', 'Batopilas');
INSERT INTO `RIDESCOM`.`Municipio` (`ID_Municipio`, `Estados_ID_estado`, `Municipio`) VALUES ('0159', '06', 'Bocoyna');
INSERT INTO `RIDESCOM`.`Municipio` (`ID_Municipio`, `Estados_ID_estado`, `Municipio`) VALUES ('0160', '06', 'Buenaventura');
INSERT INTO `RIDESCOM`.`Municipio` (`ID_Municipio`, `Estados_ID_estado`, `Municipio`) VALUES ('0161', '06', 'Camargo');
INSERT INTO `RIDESCOM`.`Municipio` (`ID_Municipio`, `Estados_ID_estado`, `Municipio`) VALUES ('0162', '06', 'Carichí');
INSERT INTO `RIDESCOM`.`Municipio` (`ID_Municipio`, `Estados_ID_estado`, `Municipio`) VALUES ('0163', '06', 'Casas Grandes');
INSERT INTO `RIDESCOM`.`Municipio` (`ID_Municipio`, `Estados_ID_estado`, `Municipio`) VALUES ('0164', '06', 'Coronado');
INSERT INTO `RIDESCOM`.`Municipio` (`ID_Municipio`, `Estados_ID_estado`, `Municipio`) VALUES ('0165', '06', 'Coyame del Sotol');
INSERT INTO `RIDESCOM`.`Municipio` (`ID_Municipio`, `Estados_ID_estado`, `Municipio`) VALUES ('0166', '06', 'La Cruz');
INSERT INTO `RIDESCOM`.`Municipio` (`ID_Municipio`, `Estados_ID_estado`, `Municipio`) VALUES ('0167', '06', 'Cuauhtémoc');
INSERT INTO `RIDESCOM`.`Municipio` (`ID_Municipio`, `Estados_ID_estado`, `Municipio`) VALUES ('0168', '06', 'Cusihuiriachi');
INSERT INTO `RIDESCOM`.`Municipio` (`ID_Municipio`, `Estados_ID_estado`, `Municipio`) VALUES ('0169', '06', 'Chihuahua 	');
INSERT INTO `RIDESCOM`.`Municipio` (`ID_Municipio`, `Estados_ID_estado`, `Municipio`) VALUES ('0170', '06', 'Chínipas');
INSERT INTO `RIDESCOM`.`Municipio` (`ID_Municipio`, `Estados_ID_estado`, `Municipio`) VALUES ('0171', '06', 'Delicias');
INSERT INTO `RIDESCOM`.`Municipio` (`ID_Municipio`, `Estados_ID_estado`, `Municipio`) VALUES ('0172', '06', 'Dr. Belisario Domínguez');
INSERT INTO `RIDESCOM`.`Municipio` (`ID_Municipio`, `Estados_ID_estado`, `Municipio`) VALUES ('0173', '06', 'Galeana');
INSERT INTO `RIDESCOM`.`Municipio` (`ID_Municipio`, `Estados_ID_estado`, `Municipio`) VALUES ('0174', '06', 'Santa Isabel');
INSERT INTO `RIDESCOM`.`Municipio` (`ID_Municipio`, `Estados_ID_estado`, `Municipio`) VALUES ('0175', '06', 'Gómez Farías');
INSERT INTO `RIDESCOM`.`Municipio` (`ID_Municipio`, `Estados_ID_estado`, `Municipio`) VALUES ('0176', '06', 'Gran Morelos');
INSERT INTO `RIDESCOM`.`Municipio` (`ID_Municipio`, `Estados_ID_estado`, `Municipio`) VALUES ('0177', '06', 'Guachochi');
INSERT INTO `RIDESCOM`.`Municipio` (`ID_Municipio`, `Estados_ID_estado`, `Municipio`) VALUES ('0178', '06', 'Guadalupe');
INSERT INTO `RIDESCOM`.`Municipio` (`ID_Municipio`, `Estados_ID_estado`, `Municipio`) VALUES ('0179', '06', 'Guadalupe y Calvo');
INSERT INTO `RIDESCOM`.`Municipio` (`ID_Municipio`, `Estados_ID_estado`, `Municipio`) VALUES ('0180', '06', 'Guazapares');
INSERT INTO `RIDESCOM`.`Municipio` (`ID_Municipio`, `Estados_ID_estado`, `Municipio`) VALUES ('0181', '06', 'Guerrero');
INSERT INTO `RIDESCOM`.`Municipio` (`ID_Municipio`, `Estados_ID_estado`, `Municipio`) VALUES ('0182', '06', 'Hidalgo del Parral');
INSERT INTO `RIDESCOM`.`Municipio` (`ID_Municipio`, `Estados_ID_estado`, `Municipio`) VALUES ('0183', '06', 'Huejotitán');
INSERT INTO `RIDESCOM`.`Municipio` (`ID_Municipio`, `Estados_ID_estado`, `Municipio`) VALUES ('0184', '06', 'Ignacio Zaragoza');
INSERT INTO `RIDESCOM`.`Municipio` (`ID_Municipio`, `Estados_ID_estado`, `Municipio`) VALUES ('0185', '06', 'Janos');
INSERT INTO `RIDESCOM`.`Municipio` (`ID_Municipio`, `Estados_ID_estado`, `Municipio`) VALUES ('0186', '06', 'Jiménez');
INSERT INTO `RIDESCOM`.`Municipio` (`ID_Municipio`, `Estados_ID_estado`, `Municipio`) VALUES ('0187', '06', 'Juárez');
INSERT INTO `RIDESCOM`.`Municipio` (`ID_Municipio`, `Estados_ID_estado`, `Municipio`) VALUES ('0188', '06', 'Julimes');
INSERT INTO `RIDESCOM`.`Municipio` (`ID_Municipio`, `Estados_ID_estado`, `Municipio`) VALUES ('0189', '06', 'López');
INSERT INTO `RIDESCOM`.`Municipio` (`ID_Municipio`, `Estados_ID_estado`, `Municipio`) VALUES ('0190', '06', 'Madera');
INSERT INTO `RIDESCOM`.`Municipio` (`ID_Municipio`, `Estados_ID_estado`, `Municipio`) VALUES ('0191', '06', 'Maguarichi');
INSERT INTO `RIDESCOM`.`Municipio` (`ID_Municipio`, `Estados_ID_estado`, `Municipio`) VALUES ('0192', '06', 'Manuel Benavides');
INSERT INTO `RIDESCOM`.`Municipio` (`ID_Municipio`, `Estados_ID_estado`, `Municipio`) VALUES ('0193', '06', 'Matachí');
INSERT INTO `RIDESCOM`.`Municipio` (`ID_Municipio`, `Estados_ID_estado`, `Municipio`) VALUES ('0194', '06', 'Matamoros');
INSERT INTO `RIDESCOM`.`Municipio` (`ID_Municipio`, `Estados_ID_estado`, `Municipio`) VALUES ('0195', '06', 'Meoqui');
INSERT INTO `RIDESCOM`.`Municipio` (`ID_Municipio`, `Estados_ID_estado`, `Municipio`) VALUES ('0196', '06', 'Morelos');
INSERT INTO `RIDESCOM`.`Municipio` (`ID_Municipio`, `Estados_ID_estado`, `Municipio`) VALUES ('0197', '06', 'Moris');
INSERT INTO `RIDESCOM`.`Municipio` (`ID_Municipio`, `Estados_ID_estado`, `Municipio`) VALUES ('0198', '06', 'Namiquipa');
INSERT INTO `RIDESCOM`.`Municipio` (`ID_Municipio`, `Estados_ID_estado`, `Municipio`) VALUES ('0199', '06', 'Nonoava');
INSERT INTO `RIDESCOM`.`Municipio` (`ID_Municipio`, `Estados_ID_estado`, `Municipio`) VALUES ('0200', '06', 'Nuevo Casas Grandes');
INSERT INTO `RIDESCOM`.`Municipio` (`ID_Municipio`, `Estados_ID_estado`, `Municipio`) VALUES ('0201', '06', 'Ocampo');
INSERT INTO `RIDESCOM`.`Municipio` (`ID_Municipio`, `Estados_ID_estado`, `Municipio`) VALUES ('0202', '06', 'Ojinaga ');
INSERT INTO `RIDESCOM`.`Municipio` (`ID_Municipio`, `Estados_ID_estado`, `Municipio`) VALUES ('0203', '06', 'Praxedis G. Guerrero');
INSERT INTO `RIDESCOM`.`Municipio` (`ID_Municipio`, `Estados_ID_estado`, `Municipio`) VALUES ('0204', '06', 'Riva Palacio');
INSERT INTO `RIDESCOM`.`Municipio` (`ID_Municipio`, `Estados_ID_estado`, `Municipio`) VALUES ('0205', '06', 'Rosales');
INSERT INTO `RIDESCOM`.`Municipio` (`ID_Municipio`, `Estados_ID_estado`, `Municipio`) VALUES ('0206', '06', 'Rosario');
INSERT INTO `RIDESCOM`.`Municipio` (`ID_Municipio`, `Estados_ID_estado`, `Municipio`) VALUES ('0207', '06', 'San Francisco de Borja');
INSERT INTO `RIDESCOM`.`Municipio` (`ID_Municipio`, `Estados_ID_estado`, `Municipio`) VALUES ('0208', '06', 'San Francisco de Conchos');
INSERT INTO `RIDESCOM`.`Municipio` (`ID_Municipio`, `Estados_ID_estado`, `Municipio`) VALUES ('0209', '06', 'San Francisco del Oro');
INSERT INTO `RIDESCOM`.`Municipio` (`ID_Municipio`, `Estados_ID_estado`, `Municipio`) VALUES ('0210', '06', 'Santa Bárbara');
INSERT INTO `RIDESCOM`.`Municipio` (`ID_Municipio`, `Estados_ID_estado`, `Municipio`) VALUES ('0211', '06', 'Stevó');
INSERT INTO `RIDESCOM`.`Municipio` (`ID_Municipio`, `Estados_ID_estado`, `Municipio`) VALUES ('0212', '06', 'Saucillo');
INSERT INTO `RIDESCOM`.`Municipio` (`ID_Municipio`, `Estados_ID_estado`, `Municipio`) VALUES ('0213', '06', 'Temósachic');
INSERT INTO `RIDESCOM`.`Municipio` (`ID_Municipio`, `Estados_ID_estado`, `Municipio`) VALUES ('0214', '06', 'El Tule');
INSERT INTO `RIDESCOM`.`Municipio` (`ID_Municipio`, `Estados_ID_estado`, `Municipio`) VALUES ('0215', '06', 'Urique');
INSERT INTO `RIDESCOM`.`Municipio` (`ID_Municipio`, `Estados_ID_estado`, `Municipio`) VALUES ('0216', '06', 'Uruachi');
INSERT INTO `RIDESCOM`.`Municipio` (`ID_Municipio`, `Estados_ID_estado`, `Municipio`) VALUES ('0217', '06', 'Valle de Zaragoza');
INSERT INTO `RIDESCOM`.`Municipio` (`ID_Municipio`, `Estados_ID_estado`, `Municipio`) VALUES ('0218', '07', 'Azcapotzalco');
INSERT INTO `RIDESCOM`.`Municipio` (`ID_Municipio`, `Estados_ID_estado`, `Municipio`) VALUES ('0219', '07', 'Coyosacán');
INSERT INTO `RIDESCOM`.`Municipio` (`ID_Municipio`, `Estados_ID_estado`, `Municipio`) VALUES ('0220', '07', 'Cuajimalpa de Morelos');
INSERT INTO `RIDESCOM`.`Municipio` (`ID_Municipio`, `Estados_ID_estado`, `Municipio`) VALUES ('0221', '07', 'Gustavo A. Madero');
INSERT INTO `RIDESCOM`.`Municipio` (`ID_Municipio`, `Estados_ID_estado`, `Municipio`) VALUES ('0222', '07', 'Iztacalco');
INSERT INTO `RIDESCOM`.`Municipio` (`ID_Municipio`, `Estados_ID_estado`, `Municipio`) VALUES ('0223', '07', 'Iztapalapa');
INSERT INTO `RIDESCOM`.`Municipio` (`ID_Municipio`, `Estados_ID_estado`, `Municipio`) VALUES ('0224', '07', 'La Magdalena Contreras');
INSERT INTO `RIDESCOM`.`Municipio` (`ID_Municipio`, `Estados_ID_estado`, `Municipio`) VALUES ('0225', '07', 'Milpa Alta');
INSERT INTO `RIDESCOM`.`Municipio` (`ID_Municipio`, `Estados_ID_estado`, `Municipio`) VALUES ('0226', '07', 'Álvaro Obregón');
INSERT INTO `RIDESCOM`.`Municipio` (`ID_Municipio`, `Estados_ID_estado`, `Municipio`) VALUES ('0227', '07', 'Tláhuac');
INSERT INTO `RIDESCOM`.`Municipio` (`ID_Municipio`, `Estados_ID_estado`, `Municipio`) VALUES ('0228', '07', 'Tlalpan');
INSERT INTO `RIDESCOM`.`Municipio` (`ID_Municipio`, `Estados_ID_estado`, `Municipio`) VALUES ('0229', '07', 'Xochimilco');
INSERT INTO `RIDESCOM`.`Municipio` (`ID_Municipio`, `Estados_ID_estado`, `Municipio`) VALUES ('0230', '07', 'Benito Juárez');
INSERT INTO `RIDESCOM`.`Municipio` (`ID_Municipio`, `Estados_ID_estado`, `Municipio`) VALUES ('0231', '07', 'Cuauhtémoc');
INSERT INTO `RIDESCOM`.`Municipio` (`ID_Municipio`, `Estados_ID_estado`, `Municipio`) VALUES ('0232', '07', 'Miguel Hidalgo');
INSERT INTO `RIDESCOM`.`Municipio` (`ID_Municipio`, `Estados_ID_estado`, `Municipio`) VALUES ('0233', '07', 'Venustiano Carranza');
INSERT INTO `RIDESCOM`.`Municipio` (`ID_Municipio`, `Estados_ID_estado`, `Municipio`) VALUES ('0234', '08', 'Abasolo');
INSERT INTO `RIDESCOM`.`Municipio` (`ID_Municipio`, `Estados_ID_estado`, `Municipio`) VALUES ('0235', '08', 'Acuña');
INSERT INTO `RIDESCOM`.`Municipio` (`ID_Municipio`, `Estados_ID_estado`, `Municipio`) VALUES ('0236', '08', 'Allende');
INSERT INTO `RIDESCOM`.`Municipio` (`ID_Municipio`, `Estados_ID_estado`, `Municipio`) VALUES ('0237', '08', 'Arteaga');
INSERT INTO `RIDESCOM`.`Municipio` (`ID_Municipio`, `Estados_ID_estado`, `Municipio`) VALUES ('0238', '08', 'Candela');
INSERT INTO `RIDESCOM`.`Municipio` (`ID_Municipio`, `Estados_ID_estado`, `Municipio`) VALUES ('0239', '08', 'Castaños');
INSERT INTO `RIDESCOM`.`Municipio` (`ID_Municipio`, `Estados_ID_estado`, `Municipio`) VALUES ('0240', '08', 'Cuatro Ciénegas');
INSERT INTO `RIDESCOM`.`Municipio` (`ID_Municipio`, `Estados_ID_estado`, `Municipio`) VALUES ('0241', '08', 'Escobedo');
INSERT INTO `RIDESCOM`.`Municipio` (`ID_Municipio`, `Estados_ID_estado`, `Municipio`) VALUES ('0242', '08', 'Francisco I. Madero');
INSERT INTO `RIDESCOM`.`Municipio` (`ID_Municipio`, `Estados_ID_estado`, `Municipio`) VALUES ('0243', '08', 'Frontera');
INSERT INTO `RIDESCOM`.`Municipio` (`ID_Municipio`, `Estados_ID_estado`, `Municipio`) VALUES ('0244', '08', 'General Cepeda');
INSERT INTO `RIDESCOM`.`Municipio` (`ID_Municipio`, `Estados_ID_estado`, `Municipio`) VALUES ('0245', '08', 'Guerrero');
INSERT INTO `RIDESCOM`.`Municipio` (`ID_Municipio`, `Estados_ID_estado`, `Municipio`) VALUES ('0246', '08', 'Hidalgo');
INSERT INTO `RIDESCOM`.`Municipio` (`ID_Municipio`, `Estados_ID_estado`, `Municipio`) VALUES ('0247', '08', 'Jiménez');
INSERT INTO `RIDESCOM`.`Municipio` (`ID_Municipio`, `Estados_ID_estado`, `Municipio`) VALUES ('0248', '08', 'Juárez');
INSERT INTO `RIDESCOM`.`Municipio` (`ID_Municipio`, `Estados_ID_estado`, `Municipio`) VALUES ('0249', '08', 'Lamadrid');
INSERT INTO `RIDESCOM`.`Municipio` (`ID_Municipio`, `Estados_ID_estado`, `Municipio`) VALUES ('0250', '08', 'Matamoros');
INSERT INTO `RIDESCOM`.`Municipio` (`ID_Municipio`, `Estados_ID_estado`, `Municipio`) VALUES ('0251', '08', 'Monclova');
INSERT INTO `RIDESCOM`.`Municipio` (`ID_Municipio`, `Estados_ID_estado`, `Municipio`) VALUES ('0252', '08', 'Morelos');
INSERT INTO `RIDESCOM`.`Municipio` (`ID_Municipio`, `Estados_ID_estado`, `Municipio`) VALUES ('0253', '08', 'Múzquiz');
INSERT INTO `RIDESCOM`.`Municipio` (`ID_Municipio`, `Estados_ID_estado`, `Municipio`) VALUES ('0254', '08', 'Nadadores');
INSERT INTO `RIDESCOM`.`Municipio` (`ID_Municipio`, `Estados_ID_estado`, `Municipio`) VALUES ('0255', '08', 'Nava');
INSERT INTO `RIDESCOM`.`Municipio` (`ID_Municipio`, `Estados_ID_estado`, `Municipio`) VALUES ('0256', '08', 'Ocampo');
INSERT INTO `RIDESCOM`.`Municipio` (`ID_Municipio`, `Estados_ID_estado`, `Municipio`) VALUES ('0257', '08', 'Parras');
INSERT INTO `RIDESCOM`.`Municipio` (`ID_Municipio`, `Estados_ID_estado`, `Municipio`) VALUES ('0258', '08', 'Piedras Negras');
INSERT INTO `RIDESCOM`.`Municipio` (`ID_Municipio`, `Estados_ID_estado`, `Municipio`) VALUES ('0259', '08', 'Progreso');
INSERT INTO `RIDESCOM`.`Municipio` (`ID_Municipio`, `Estados_ID_estado`, `Municipio`) VALUES ('0260', '08', 'Ramos Arizpe');
INSERT INTO `RIDESCOM`.`Municipio` (`ID_Municipio`, `Estados_ID_estado`, `Municipio`) VALUES ('0261', '08', 'Sabinas');
INSERT INTO `RIDESCOM`.`Municipio` (`ID_Municipio`, `Estados_ID_estado`, `Municipio`) VALUES ('0262', '08', 'Sacramento');
INSERT INTO `RIDESCOM`.`Municipio` (`ID_Municipio`, `Estados_ID_estado`, `Municipio`) VALUES ('0263', '08', 'Saltillo');
INSERT INTO `RIDESCOM`.`Municipio` (`ID_Municipio`, `Estados_ID_estado`, `Municipio`) VALUES ('0264', '08', 'San Buenaventura');
INSERT INTO `RIDESCOM`.`Municipio` (`ID_Municipio`, `Estados_ID_estado`, `Municipio`) VALUES ('0265', '08', 'San Juan de Sabinas');
INSERT INTO `RIDESCOM`.`Municipio` (`ID_Municipio`, `Estados_ID_estado`, `Municipio`) VALUES ('0266', '08', 'San Pedro');
INSERT INTO `RIDESCOM`.`Municipio` (`ID_Municipio`, `Estados_ID_estado`, `Municipio`) VALUES ('0267', '08', 'Sierra Mojada');
INSERT INTO `RIDESCOM`.`Municipio` (`ID_Municipio`, `Estados_ID_estado`, `Municipio`) VALUES ('0268', '08', 'Torreón');
INSERT INTO `RIDESCOM`.`Municipio` (`ID_Municipio`, `Estados_ID_estado`, `Municipio`) VALUES ('0269', '08', 'Viesca');
INSERT INTO `RIDESCOM`.`Municipio` (`ID_Municipio`, `Estados_ID_estado`, `Municipio`) VALUES ('0270', '08', 'Villa Unión');
INSERT INTO `RIDESCOM`.`Municipio` (`ID_Municipio`, `Estados_ID_estado`, `Municipio`) VALUES ('0271', '08', 'Zaragoza');
INSERT INTO `RIDESCOM`.`Municipio` (`ID_Municipio`, `Estados_ID_estado`, `Municipio`) VALUES ('0272', '09', 'Armería');
INSERT INTO `RIDESCOM`.`Municipio` (`ID_Municipio`, `Estados_ID_estado`, `Municipio`) VALUES ('0273', '09', 'Colima');
INSERT INTO `RIDESCOM`.`Municipio` (`ID_Municipio`, `Estados_ID_estado`, `Municipio`) VALUES ('0274', '09', 'Comala');
INSERT INTO `RIDESCOM`.`Municipio` (`ID_Municipio`, `Estados_ID_estado`, `Municipio`) VALUES ('0275', '09', 'Coquimatlán');
INSERT INTO `RIDESCOM`.`Municipio` (`ID_Municipio`, `Estados_ID_estado`, `Municipio`) VALUES ('0276', '09', 'Cuauhtémoc');
INSERT INTO `RIDESCOM`.`Municipio` (`ID_Municipio`, `Estados_ID_estado`, `Municipio`) VALUES ('0277', '09', 'Ixtlahuacán');
INSERT INTO `RIDESCOM`.`Municipio` (`ID_Municipio`, `Estados_ID_estado`, `Municipio`) VALUES ('0278', '09', 'Manzanillo');
INSERT INTO `RIDESCOM`.`Municipio` (`ID_Municipio`, `Estados_ID_estado`, `Municipio`) VALUES ('0279', '09', 'Minatitlán');
INSERT INTO `RIDESCOM`.`Municipio` (`ID_Municipio`, `Estados_ID_estado`, `Municipio`) VALUES ('0280', '09', 'Tecomán');
INSERT INTO `RIDESCOM`.`Municipio` (`ID_Municipio`, `Estados_ID_estado`, `Municipio`) VALUES ('0281', '09', 'Villa de Álvarez');
INSERT INTO `RIDESCOM`.`Municipio` (`ID_Municipio`, `Estados_ID_estado`, `Municipio`) VALUES ('0282', '10', 'Canatlán');
INSERT INTO `RIDESCOM`.`Municipio` (`ID_Municipio`, `Estados_ID_estado`, `Municipio`) VALUES ('0283', '10', 'Canelas');
INSERT INTO `RIDESCOM`.`Municipio` (`ID_Municipio`, `Estados_ID_estado`, `Municipio`) VALUES ('0284', '10', 'Coneto de Comonfort');
INSERT INTO `RIDESCOM`.`Municipio` (`ID_Municipio`, `Estados_ID_estado`, `Municipio`) VALUES ('0285', '10', 'Cuencamé');
INSERT INTO `RIDESCOM`.`Municipio` (`ID_Municipio`, `Estados_ID_estado`, `Municipio`) VALUES ('0286', '10', 'Durango');
INSERT INTO `RIDESCOM`.`Municipio` (`ID_Municipio`, `Estados_ID_estado`, `Municipio`) VALUES ('0287', '10', 'General Simón Bolívar');
INSERT INTO `RIDESCOM`.`Municipio` (`ID_Municipio`, `Estados_ID_estado`, `Municipio`) VALUES ('0288', '10', 'Gómez Palacio');
INSERT INTO `RIDESCOM`.`Municipio` (`ID_Municipio`, `Estados_ID_estado`, `Municipio`) VALUES ('0289', '10', 'Guadalupe Victoria');
INSERT INTO `RIDESCOM`.`Municipio` (`ID_Municipio`, `Estados_ID_estado`, `Municipio`) VALUES ('0290', '10', 'Guanaceví');
INSERT INTO `RIDESCOM`.`Municipio` (`ID_Municipio`, `Estados_ID_estado`, `Municipio`) VALUES ('0291', '10', 'Hidalgo');
INSERT INTO `RIDESCOM`.`Municipio` (`ID_Municipio`, `Estados_ID_estado`, `Municipio`) VALUES ('0292', '10', 'Indé');
INSERT INTO `RIDESCOM`.`Municipio` (`ID_Municipio`, `Estados_ID_estado`, `Municipio`) VALUES ('0293', '10', 'Lerdo');
INSERT INTO `RIDESCOM`.`Municipio` (`ID_Municipio`, `Estados_ID_estado`, `Municipio`) VALUES ('0294', '10', 'Mapimí');
INSERT INTO `RIDESCOM`.`Municipio` (`ID_Municipio`, `Estados_ID_estado`, `Municipio`) VALUES ('0295', '10', 'Mezquital');
INSERT INTO `RIDESCOM`.`Municipio` (`ID_Municipio`, `Estados_ID_estado`, `Municipio`) VALUES ('0296', '10', 'Nazas');
INSERT INTO `RIDESCOM`.`Municipio` (`ID_Municipio`, `Estados_ID_estado`, `Municipio`) VALUES ('0297', '10', 'Nombre de Dios');
INSERT INTO `RIDESCOM`.`Municipio` (`ID_Municipio`, `Estados_ID_estado`, `Municipio`) VALUES ('0298', '10', 'Ocampo');
INSERT INTO `RIDESCOM`.`Municipio` (`ID_Municipio`, `Estados_ID_estado`, `Municipio`) VALUES ('0299', '10', 'El Oro');
INSERT INTO `RIDESCOM`.`Municipio` (`ID_Municipio`, `Estados_ID_estado`, `Municipio`) VALUES ('0300', '10', 'Otáez');
INSERT INTO `RIDESCOM`.`Municipio` (`ID_Municipio`, `Estados_ID_estado`, `Municipio`) VALUES ('0301', '10', 'Pánuco de Coronado');
INSERT INTO `RIDESCOM`.`Municipio` (`ID_Municipio`, `Estados_ID_estado`, `Municipio`) VALUES ('0302', '10', 'Peñon Blanco');
INSERT INTO `RIDESCOM`.`Municipio` (`ID_Municipio`, `Estados_ID_estado`, `Municipio`) VALUES ('0303', '10', 'Poanas');
INSERT INTO `RIDESCOM`.`Municipio` (`ID_Municipio`, `Estados_ID_estado`, `Municipio`) VALUES ('0304', '10', 'Pueblo Nuevo');
INSERT INTO `RIDESCOM`.`Municipio` (`ID_Municipio`, `Estados_ID_estado`, `Municipio`) VALUES ('0305', '10', 'Rodeo');
INSERT INTO `RIDESCOM`.`Municipio` (`ID_Municipio`, `Estados_ID_estado`, `Municipio`) VALUES ('0306', '10', 'San Bernardo');
INSERT INTO `RIDESCOM`.`Municipio` (`ID_Municipio`, `Estados_ID_estado`, `Municipio`) VALUES ('0307', '10', 'San Dimas');
INSERT INTO `RIDESCOM`.`Municipio` (`ID_Municipio`, `Estados_ID_estado`, `Municipio`) VALUES ('0308', '10', 'San Juan de Guadalupe');
INSERT INTO `RIDESCOM`.`Municipio` (`ID_Municipio`, `Estados_ID_estado`, `Municipio`) VALUES ('0309', '10', 'San Juan del Río');
INSERT INTO `RIDESCOM`.`Municipio` (`ID_Municipio`, `Estados_ID_estado`, `Municipio`) VALUES ('0310', '10', 'San Luis del Cordero');
INSERT INTO `RIDESCOM`.`Municipio` (`ID_Municipio`, `Estados_ID_estado`, `Municipio`) VALUES ('0311', '10', 'San Pedro del Gallo');
INSERT INTO `RIDESCOM`.`Municipio` (`ID_Municipio`, `Estados_ID_estado`, `Municipio`) VALUES ('0312', '10', 'Santa Clara');
INSERT INTO `RIDESCOM`.`Municipio` (`ID_Municipio`, `Estados_ID_estado`, `Municipio`) VALUES ('0313', '10', 'Santiago Papasquiaro');
INSERT INTO `RIDESCOM`.`Municipio` (`ID_Municipio`, `Estados_ID_estado`, `Municipio`) VALUES ('0314', '10', 'Súchil');
INSERT INTO `RIDESCOM`.`Municipio` (`ID_Municipio`, `Estados_ID_estado`, `Municipio`) VALUES ('0315', '10', 'Tamazula');
INSERT INTO `RIDESCOM`.`Municipio` (`ID_Municipio`, `Estados_ID_estado`, `Municipio`) VALUES ('0316', '10', 'Tepehuanes');
INSERT INTO `RIDESCOM`.`Municipio` (`ID_Municipio`, `Estados_ID_estado`, `Municipio`) VALUES ('0317', '10', 'Tlahualilo');
INSERT INTO `RIDESCOM`.`Municipio` (`ID_Municipio`, `Estados_ID_estado`, `Municipio`) VALUES ('0318', '10', 'Topia');
INSERT INTO `RIDESCOM`.`Municipio` (`ID_Municipio`, `Estados_ID_estado`, `Municipio`) VALUES ('0319', '10', 'Vicente Guerrero');
INSERT INTO `RIDESCOM`.`Municipio` (`ID_Municipio`, `Estados_ID_estado`, `Municipio`) VALUES ('0320', '10', 'Nuevo Ideal');
INSERT INTO `RIDESCOM`.`Municipio` (`ID_Municipio`, `Estados_ID_estado`, `Municipio`) VALUES ('0321', '11', 'Acambay de Ruíz Castañeda');
INSERT INTO `RIDESCOM`.`Municipio` (`ID_Municipio`, `Estados_ID_estado`, `Municipio`) VALUES ('0322', '11', 'Acolman');
INSERT INTO `RIDESCOM`.`Municipio` (`ID_Municipio`, `Estados_ID_estado`, `Municipio`) VALUES ('0323', '11', 'Aculco');
INSERT INTO `RIDESCOM`.`Municipio` (`ID_Municipio`, `Estados_ID_estado`, `Municipio`) VALUES ('0324', '11', 'Almoloya de Alquisiras');
INSERT INTO `RIDESCOM`.`Municipio` (`ID_Municipio`, `Estados_ID_estado`, `Municipio`) VALUES ('0325', '11', 'Almoloya de Juárez');
INSERT INTO `RIDESCOM`.`Municipio` (`ID_Municipio`, `Estados_ID_estado`, `Municipio`) VALUES ('0326', '11', 'Almoloya del Río');
INSERT INTO `RIDESCOM`.`Municipio` (`ID_Municipio`, `Estados_ID_estado`, `Municipio`) VALUES ('0327', '11', 'Amanalco');
INSERT INTO `RIDESCOM`.`Municipio` (`ID_Municipio`, `Estados_ID_estado`, `Municipio`) VALUES ('0328', '11', 'Amatepec');
INSERT INTO `RIDESCOM`.`Municipio` (`ID_Municipio`, `Estados_ID_estado`, `Municipio`) VALUES ('0329', '11', 'Amecameca');
INSERT INTO `RIDESCOM`.`Municipio` (`ID_Municipio`, `Estados_ID_estado`, `Municipio`) VALUES ('0330', '11', 'Apaxco');
INSERT INTO `RIDESCOM`.`Municipio` (`ID_Municipio`, `Estados_ID_estado`, `Municipio`) VALUES ('0331', '11', 'Atenco');
INSERT INTO `RIDESCOM`.`Municipio` (`ID_Municipio`, `Estados_ID_estado`, `Municipio`) VALUES ('0332', '11', 'Atizapán');
INSERT INTO `RIDESCOM`.`Municipio` (`ID_Municipio`, `Estados_ID_estado`, `Municipio`) VALUES ('0333', '11', 'Atizapán de Zaragoza');
INSERT INTO `RIDESCOM`.`Municipio` (`ID_Municipio`, `Estados_ID_estado`, `Municipio`) VALUES ('0334', '11', 'Atlacomulco');
INSERT INTO `RIDESCOM`.`Municipio` (`ID_Municipio`, `Estados_ID_estado`, `Municipio`) VALUES ('0335', '11', 'Atlautla');
INSERT INTO `RIDESCOM`.`Municipio` (`ID_Municipio`, `Estados_ID_estado`, `Municipio`) VALUES ('0336', '11', 'Axapusco');
INSERT INTO `RIDESCOM`.`Municipio` (`ID_Municipio`, `Estados_ID_estado`, `Municipio`) VALUES ('0337', '11', 'Ayapango');
INSERT INTO `RIDESCOM`.`Municipio` (`ID_Municipio`, `Estados_ID_estado`, `Municipio`) VALUES ('0338', '11', 'Calimaya');
INSERT INTO `RIDESCOM`.`Municipio` (`ID_Municipio`, `Estados_ID_estado`, `Municipio`) VALUES ('0339', '11', 'Capulhuac');
INSERT INTO `RIDESCOM`.`Municipio` (`ID_Municipio`, `Estados_ID_estado`, `Municipio`) VALUES ('0340', '11', 'Coacalco de Berriozábal');
INSERT INTO `RIDESCOM`.`Municipio` (`ID_Municipio`, `Estados_ID_estado`, `Municipio`) VALUES ('0341', '11', 'Coatepec Harinas');
INSERT INTO `RIDESCOM`.`Municipio` (`ID_Municipio`, `Estados_ID_estado`, `Municipio`) VALUES ('0342', '11', 'Cocotitlán');
INSERT INTO `RIDESCOM`.`Municipio` (`ID_Municipio`, `Estados_ID_estado`, `Municipio`) VALUES ('0343', '11', 'Coyotepec');
INSERT INTO `RIDESCOM`.`Municipio` (`ID_Municipio`, `Estados_ID_estado`, `Municipio`) VALUES ('0344', '11', 'Cuautitlán');
INSERT INTO `RIDESCOM`.`Municipio` (`ID_Municipio`, `Estados_ID_estado`, `Municipio`) VALUES ('0345', '11', 'Chalco');
INSERT INTO `RIDESCOM`.`Municipio` (`ID_Municipio`, `Estados_ID_estado`, `Municipio`) VALUES ('0346', '11', 'Chapa de Mota');
INSERT INTO `RIDESCOM`.`Municipio` (`ID_Municipio`, `Estados_ID_estado`, `Municipio`) VALUES ('0347', '11', 'Chapultepec');
INSERT INTO `RIDESCOM`.`Municipio` (`ID_Municipio`, `Estados_ID_estado`, `Municipio`) VALUES ('0348', '11', 'Chiautla');
INSERT INTO `RIDESCOM`.`Municipio` (`ID_Municipio`, `Estados_ID_estado`, `Municipio`) VALUES ('0349', '11', 'Chicoloapan');
INSERT INTO `RIDESCOM`.`Municipio` (`ID_Municipio`, `Estados_ID_estado`, `Municipio`) VALUES ('0350', '11', 'Chiconcuac');
INSERT INTO `RIDESCOM`.`Municipio` (`ID_Municipio`, `Estados_ID_estado`, `Municipio`) VALUES ('0351', '11', 'Chimalhuacán');
INSERT INTO `RIDESCOM`.`Municipio` (`ID_Municipio`, `Estados_ID_estado`, `Municipio`) VALUES ('0352', '11', 'Donato Guerra');
INSERT INTO `RIDESCOM`.`Municipio` (`ID_Municipio`, `Estados_ID_estado`, `Municipio`) VALUES ('0353', '11', 'Ecatepec de Morelos');
INSERT INTO `RIDESCOM`.`Municipio` (`ID_Municipio`, `Estados_ID_estado`, `Municipio`) VALUES ('0354', '11', 'Ecatzingo');
INSERT INTO `RIDESCOM`.`Municipio` (`ID_Municipio`, `Estados_ID_estado`, `Municipio`) VALUES ('0355', '11', 'Huehuetoca');
INSERT INTO `RIDESCOM`.`Municipio` (`ID_Municipio`, `Estados_ID_estado`, `Municipio`) VALUES ('0356', '11', 'Hueypoxtla');
INSERT INTO `RIDESCOM`.`Municipio` (`ID_Municipio`, `Estados_ID_estado`, `Municipio`) VALUES ('0357', '11', 'Huixquilucan');
INSERT INTO `RIDESCOM`.`Municipio` (`ID_Municipio`, `Estados_ID_estado`, `Municipio`) VALUES ('0358', '11', 'Isidro Fabela');
INSERT INTO `RIDESCOM`.`Municipio` (`ID_Municipio`, `Estados_ID_estado`, `Municipio`) VALUES ('0359', '11', 'Ixtapaluca');
INSERT INTO `RIDESCOM`.`Municipio` (`ID_Municipio`, `Estados_ID_estado`, `Municipio`) VALUES ('0360', '11', 'Ixtapan de la Sal');
INSERT INTO `RIDESCOM`.`Municipio` (`ID_Municipio`, `Estados_ID_estado`, `Municipio`) VALUES ('0361', '11', 'Ixtapan del Oro');
INSERT INTO `RIDESCOM`.`Municipio` (`ID_Municipio`, `Estados_ID_estado`, `Municipio`) VALUES ('0362', '11', 'Ixtlahuaca');
INSERT INTO `RIDESCOM`.`Municipio` (`ID_Municipio`, `Estados_ID_estado`, `Municipio`) VALUES ('0363', '11', 'Xalatlaco');
INSERT INTO `RIDESCOM`.`Municipio` (`ID_Municipio`, `Estados_ID_estado`, `Municipio`) VALUES ('0364', '11', 'Jaltenco');
INSERT INTO `RIDESCOM`.`Municipio` (`ID_Municipio`, `Estados_ID_estado`, `Municipio`) VALUES ('0365', '11', 'Jilotepec');
INSERT INTO `RIDESCOM`.`Municipio` (`ID_Municipio`, `Estados_ID_estado`, `Municipio`) VALUES ('0366', '11', 'Jilotzingo');
INSERT INTO `RIDESCOM`.`Municipio` (`ID_Municipio`, `Estados_ID_estado`, `Municipio`) VALUES ('0367', '11', 'Jiquipilco');
INSERT INTO `RIDESCOM`.`Municipio` (`ID_Municipio`, `Estados_ID_estado`, `Municipio`) VALUES ('0368', '11', 'Jocotitlán');
INSERT INTO `RIDESCOM`.`Municipio` (`ID_Municipio`, `Estados_ID_estado`, `Municipio`) VALUES ('0369', '11', 'Joquicingo');
INSERT INTO `RIDESCOM`.`Municipio` (`ID_Municipio`, `Estados_ID_estado`, `Municipio`) VALUES ('0370', '11', 'Juchitepec');
INSERT INTO `RIDESCOM`.`Municipio` (`ID_Municipio`, `Estados_ID_estado`, `Municipio`) VALUES ('0371', '11', 'Lerma');
INSERT INTO `RIDESCOM`.`Municipio` (`ID_Municipio`, `Estados_ID_estado`, `Municipio`) VALUES ('0372', '11', 'Malinalco');
INSERT INTO `RIDESCOM`.`Municipio` (`ID_Municipio`, `Estados_ID_estado`, `Municipio`) VALUES ('0373', '11', 'Melchor Ocampo');
INSERT INTO `RIDESCOM`.`Municipio` (`ID_Municipio`, `Estados_ID_estado`, `Municipio`) VALUES ('0374', '11', 'Metepec');
INSERT INTO `RIDESCOM`.`Municipio` (`ID_Municipio`, `Estados_ID_estado`, `Municipio`) VALUES ('0375', '11', 'Mexicaltzingo');
INSERT INTO `RIDESCOM`.`Municipio` (`ID_Municipio`, `Estados_ID_estado`, `Municipio`) VALUES ('0376', '11', 'Morelos');
INSERT INTO `RIDESCOM`.`Municipio` (`ID_Municipio`, `Estados_ID_estado`, `Municipio`) VALUES ('0377', '11', 'Naucalpan de Juárez');
INSERT INTO `RIDESCOM`.`Municipio` (`ID_Municipio`, `Estados_ID_estado`, `Municipio`) VALUES ('0378', '11', 'Nezahualcoyotl');
INSERT INTO `RIDESCOM`.`Municipio` (`ID_Municipio`, `Estados_ID_estado`, `Municipio`) VALUES ('0379', '11', 'Nextlalpan');
INSERT INTO `RIDESCOM`.`Municipio` (`ID_Municipio`, `Estados_ID_estado`, `Municipio`) VALUES ('0380', '11', 'Nicolás Romero');
INSERT INTO `RIDESCOM`.`Municipio` (`ID_Municipio`, `Estados_ID_estado`, `Municipio`) VALUES ('0381', '11', 'Nopaltepec');
INSERT INTO `RIDESCOM`.`Municipio` (`ID_Municipio`, `Estados_ID_estado`, `Municipio`) VALUES ('0382', '11', 'Ocoyoacac');
INSERT INTO `RIDESCOM`.`Municipio` (`ID_Municipio`, `Estados_ID_estado`, `Municipio`) VALUES ('0383', '11', 'Ocuilan');
INSERT INTO `RIDESCOM`.`Municipio` (`ID_Municipio`, `Estados_ID_estado`, `Municipio`) VALUES ('0384', '11', 'El Oro');
INSERT INTO `RIDESCOM`.`Municipio` (`ID_Municipio`, `Estados_ID_estado`, `Municipio`) VALUES ('0385', '11', 'Otumba');
INSERT INTO `RIDESCOM`.`Municipio` (`ID_Municipio`, `Estados_ID_estado`, `Municipio`) VALUES ('0386', '11', 'Otzoloapan');
INSERT INTO `RIDESCOM`.`Municipio` (`ID_Municipio`, `Estados_ID_estado`, `Municipio`) VALUES ('0387', '11', 'Otzolotepec');
INSERT INTO `RIDESCOM`.`Municipio` (`ID_Municipio`, `Estados_ID_estado`, `Municipio`) VALUES ('0388', '11', 'Ozumba');
INSERT INTO `RIDESCOM`.`Municipio` (`ID_Municipio`, `Estados_ID_estado`, `Municipio`) VALUES ('0389', '11', 'Papalotla');
INSERT INTO `RIDESCOM`.`Municipio` (`ID_Municipio`, `Estados_ID_estado`, `Municipio`) VALUES ('0390', '11', 'La Paz');
INSERT INTO `RIDESCOM`.`Municipio` (`ID_Municipio`, `Estados_ID_estado`, `Municipio`) VALUES ('0391', '11', 'Polotitlán');
INSERT INTO `RIDESCOM`.`Municipio` (`ID_Municipio`, `Estados_ID_estado`, `Municipio`) VALUES ('0392', '11', 'Rayón');
INSERT INTO `RIDESCOM`.`Municipio` (`ID_Municipio`, `Estados_ID_estado`, `Municipio`) VALUES ('0393', '11', 'San Antonio Isla');
INSERT INTO `RIDESCOM`.`Municipio` (`ID_Municipio`, `Estados_ID_estado`, `Municipio`) VALUES ('0394', '11', 'San Felipe del Progreso');
INSERT INTO `RIDESCOM`.`Municipio` (`ID_Municipio`, `Estados_ID_estado`, `Municipio`) VALUES ('0395', '11', 'San Martín de las Pirámides');
INSERT INTO `RIDESCOM`.`Municipio` (`ID_Municipio`, `Estados_ID_estado`, `Municipio`) VALUES ('0396', '11', 'San Mateo Atenco');
INSERT INTO `RIDESCOM`.`Municipio` (`ID_Municipio`, `Estados_ID_estado`, `Municipio`) VALUES ('0397', '11', 'San Simón de Guerrero');
INSERT INTO `RIDESCOM`.`Municipio` (`ID_Municipio`, `Estados_ID_estado`, `Municipio`) VALUES ('0398', '11', 'Santo Tomás');
INSERT INTO `RIDESCOM`.`Municipio` (`ID_Municipio`, `Estados_ID_estado`, `Municipio`) VALUES ('0399', '11', 'Soyaniquilpan de Juárez');
INSERT INTO `RIDESCOM`.`Municipio` (`ID_Municipio`, `Estados_ID_estado`, `Municipio`) VALUES ('0400', '11', 'Sultepec');
INSERT INTO `RIDESCOM`.`Municipio` (`ID_Municipio`, `Estados_ID_estado`, `Municipio`) VALUES ('0401', '11', 'Tecámac');
INSERT INTO `RIDESCOM`.`Municipio` (`ID_Municipio`, `Estados_ID_estado`, `Municipio`) VALUES ('0402', '11', 'Tejupilco');
INSERT INTO `RIDESCOM`.`Municipio` (`ID_Municipio`, `Estados_ID_estado`, `Municipio`) VALUES ('0403', '11', 'Temamatla');
INSERT INTO `RIDESCOM`.`Municipio` (`ID_Municipio`, `Estados_ID_estado`, `Municipio`) VALUES ('0404', '11', 'Temascalapa');
INSERT INTO `RIDESCOM`.`Municipio` (`ID_Municipio`, `Estados_ID_estado`, `Municipio`) VALUES ('0405', '11', 'Temascalcingo');
INSERT INTO `RIDESCOM`.`Municipio` (`ID_Municipio`, `Estados_ID_estado`, `Municipio`) VALUES ('0406', '11', 'Temascaltepec');
INSERT INTO `RIDESCOM`.`Municipio` (`ID_Municipio`, `Estados_ID_estado`, `Municipio`) VALUES ('0407', '11', 'Temoaya');
INSERT INTO `RIDESCOM`.`Municipio` (`ID_Municipio`, `Estados_ID_estado`, `Municipio`) VALUES ('0408', '11', 'Tenancingo');
INSERT INTO `RIDESCOM`.`Municipio` (`ID_Municipio`, `Estados_ID_estado`, `Municipio`) VALUES ('0409', '11', 'Tenango del Aire');
INSERT INTO `RIDESCOM`.`Municipio` (`ID_Municipio`, `Estados_ID_estado`, `Municipio`) VALUES ('0410', '11', 'Tenango del Valle');
INSERT INTO `RIDESCOM`.`Municipio` (`ID_Municipio`, `Estados_ID_estado`, `Municipio`) VALUES ('0411', '11', 'Teoloyucan');
INSERT INTO `RIDESCOM`.`Municipio` (`ID_Municipio`, `Estados_ID_estado`, `Municipio`) VALUES ('0412', '11', 'Teotihuacán');
INSERT INTO `RIDESCOM`.`Municipio` (`ID_Municipio`, `Estados_ID_estado`, `Municipio`) VALUES ('0413', '11', 'Tepetlaoxtoc');
INSERT INTO `RIDESCOM`.`Municipio` (`ID_Municipio`, `Estados_ID_estado`, `Municipio`) VALUES ('0414', '11', 'Tepetlixpa');
INSERT INTO `RIDESCOM`.`Municipio` (`ID_Municipio`, `Estados_ID_estado`, `Municipio`) VALUES ('0415', '11', 'Tepotzotlán');
INSERT INTO `RIDESCOM`.`Municipio` (`ID_Municipio`, `Estados_ID_estado`, `Municipio`) VALUES ('0416', '11', 'Tequixquiac');
INSERT INTO `RIDESCOM`.`Municipio` (`ID_Municipio`, `Estados_ID_estado`, `Municipio`) VALUES ('0417', '11', 'Texcaltitlán');
INSERT INTO `RIDESCOM`.`Municipio` (`ID_Municipio`, `Estados_ID_estado`, `Municipio`) VALUES ('0418', '11', 'Texcalyacac');
INSERT INTO `RIDESCOM`.`Municipio` (`ID_Municipio`, `Estados_ID_estado`, `Municipio`) VALUES ('0419', '11', 'Texcoco');
INSERT INTO `RIDESCOM`.`Municipio` (`ID_Municipio`, `Estados_ID_estado`, `Municipio`) VALUES ('0420', '11', 'Tezoyuca');
INSERT INTO `RIDESCOM`.`Municipio` (`ID_Municipio`, `Estados_ID_estado`, `Municipio`) VALUES ('0421', '11', 'Tianguistenco');
INSERT INTO `RIDESCOM`.`Municipio` (`ID_Municipio`, `Estados_ID_estado`, `Municipio`) VALUES ('0422', '11', 'Timilpan');
INSERT INTO `RIDESCOM`.`Municipio` (`ID_Municipio`, `Estados_ID_estado`, `Municipio`) VALUES ('0423', '11', 'Tlalmanalco');
INSERT INTO `RIDESCOM`.`Municipio` (`ID_Municipio`, `Estados_ID_estado`, `Municipio`) VALUES ('0424', '11', 'Tlalnepantla de Baz');
INSERT INTO `RIDESCOM`.`Municipio` (`ID_Municipio`, `Estados_ID_estado`, `Municipio`) VALUES ('0425', '11', 'Tlatlaya');
INSERT INTO `RIDESCOM`.`Municipio` (`ID_Municipio`, `Estados_ID_estado`, `Municipio`) VALUES ('0426', '11', 'Toluca');
INSERT INTO `RIDESCOM`.`Municipio` (`ID_Municipio`, `Estados_ID_estado`, `Municipio`) VALUES ('0427', '11', 'Tonatico');
INSERT INTO `RIDESCOM`.`Municipio` (`ID_Municipio`, `Estados_ID_estado`, `Municipio`) VALUES ('0428', '11', 'Tultepec');
INSERT INTO `RIDESCOM`.`Municipio` (`ID_Municipio`, `Estados_ID_estado`, `Municipio`) VALUES ('0429', '11', 'Tultitlán');
INSERT INTO `RIDESCOM`.`Municipio` (`ID_Municipio`, `Estados_ID_estado`, `Municipio`) VALUES ('0430', '11', 'Valle de Bravo');
INSERT INTO `RIDESCOM`.`Municipio` (`ID_Municipio`, `Estados_ID_estado`, `Municipio`) VALUES ('0431', '11', 'Villa de Allende');
INSERT INTO `RIDESCOM`.`Municipio` (`ID_Municipio`, `Estados_ID_estado`, `Municipio`) VALUES ('0432', '11', 'Villa del Carbón');
INSERT INTO `RIDESCOM`.`Municipio` (`ID_Municipio`, `Estados_ID_estado`, `Municipio`) VALUES ('0433', '11', 'Villa Guerrero');
INSERT INTO `RIDESCOM`.`Municipio` (`ID_Municipio`, `Estados_ID_estado`, `Municipio`) VALUES ('0434', '11', 'Villa Victoria');
INSERT INTO `RIDESCOM`.`Municipio` (`ID_Municipio`, `Estados_ID_estado`, `Municipio`) VALUES ('0435', '11', 'Xonacatlán');
INSERT INTO `RIDESCOM`.`Municipio` (`ID_Municipio`, `Estados_ID_estado`, `Municipio`) VALUES ('0436', '11', 'Zacazonapan');
INSERT INTO `RIDESCOM`.`Municipio` (`ID_Municipio`, `Estados_ID_estado`, `Municipio`) VALUES ('0437', '11', 'Zacualpan');
INSERT INTO `RIDESCOM`.`Municipio` (`ID_Municipio`, `Estados_ID_estado`, `Municipio`) VALUES ('0438', '11', 'Zinacantepec');
INSERT INTO `RIDESCOM`.`Municipio` (`ID_Municipio`, `Estados_ID_estado`, `Municipio`) VALUES ('0439', '11', 'Zumpahuacán');
INSERT INTO `RIDESCOM`.`Municipio` (`ID_Municipio`, `Estados_ID_estado`, `Municipio`) VALUES ('0440', '11', 'Zumpango');
INSERT INTO `RIDESCOM`.`Municipio` (`ID_Municipio`, `Estados_ID_estado`, `Municipio`) VALUES ('0441', '11', 'Cuautitlán Izcalli');
INSERT INTO `RIDESCOM`.`Municipio` (`ID_Municipio`, `Estados_ID_estado`, `Municipio`) VALUES ('0442', '11', 'Valle de Chalco Solidaridad');
INSERT INTO `RIDESCOM`.`Municipio` (`ID_Municipio`, `Estados_ID_estado`, `Municipio`) VALUES ('0443', '11', 'Luvianos');
INSERT INTO `RIDESCOM`.`Municipio` (`ID_Municipio`, `Estados_ID_estado`, `Municipio`) VALUES ('0444', '11', 'San José del Rincón');
INSERT INTO `RIDESCOM`.`Municipio` (`ID_Municipio`, `Estados_ID_estado`, `Municipio`) VALUES ('0445', '11', 'Tonanitla');
INSERT INTO `RIDESCOM`.`Municipio` (`ID_Municipio`, `Estados_ID_estado`, `Municipio`) VALUES ('0446', '12', 'Abasolo');
INSERT INTO `RIDESCOM`.`Municipio` (`ID_Municipio`, `Estados_ID_estado`, `Municipio`) VALUES ('0447', '12', 'Acámbaro');
INSERT INTO `RIDESCOM`.`Municipio` (`ID_Municipio`, `Estados_ID_estado`, `Municipio`) VALUES ('0448', '12', 'San Miguel de Allende');
INSERT INTO `RIDESCOM`.`Municipio` (`ID_Municipio`, `Estados_ID_estado`, `Municipio`) VALUES ('0449', '12', 'Apaseo el Alto');
INSERT INTO `RIDESCOM`.`Municipio` (`ID_Municipio`, `Estados_ID_estado`, `Municipio`) VALUES ('0450', '12', 'Apaseo el Grande');
INSERT INTO `RIDESCOM`.`Municipio` (`ID_Municipio`, `Estados_ID_estado`, `Municipio`) VALUES ('0451', '12', 'Atarjea');
INSERT INTO `RIDESCOM`.`Municipio` (`ID_Municipio`, `Estados_ID_estado`, `Municipio`) VALUES ('0452', '12', 'Celaya');
INSERT INTO `RIDESCOM`.`Municipio` (`ID_Municipio`, `Estados_ID_estado`, `Municipio`) VALUES ('0453', '12', 'Manuel Doblado');
INSERT INTO `RIDESCOM`.`Municipio` (`ID_Municipio`, `Estados_ID_estado`, `Municipio`) VALUES ('0454', '12', 'Comonfort');
INSERT INTO `RIDESCOM`.`Municipio` (`ID_Municipio`, `Estados_ID_estado`, `Municipio`) VALUES ('0455', '12', 'Coroneo');
INSERT INTO `RIDESCOM`.`Municipio` (`ID_Municipio`, `Estados_ID_estado`, `Municipio`) VALUES ('0456', '12', 'Cortazar');
INSERT INTO `RIDESCOM`.`Municipio` (`ID_Municipio`, `Estados_ID_estado`, `Municipio`) VALUES ('0457', '12', 'Cuerámaro');
INSERT INTO `RIDESCOM`.`Municipio` (`ID_Municipio`, `Estados_ID_estado`, `Municipio`) VALUES ('0458', '12', 'Doctor Mora');
INSERT INTO `RIDESCOM`.`Municipio` (`ID_Municipio`, `Estados_ID_estado`, `Municipio`) VALUES ('0459', '12', 'Dolores Hidalgo Cuna de la Independencia Nacional');
INSERT INTO `RIDESCOM`.`Municipio` (`ID_Municipio`, `Estados_ID_estado`, `Municipio`) VALUES ('0460', '12', 'Guanajuato');
INSERT INTO `RIDESCOM`.`Municipio` (`ID_Municipio`, `Estados_ID_estado`, `Municipio`) VALUES ('0461', '12', 'Huanímaro');
INSERT INTO `RIDESCOM`.`Municipio` (`ID_Municipio`, `Estados_ID_estado`, `Municipio`) VALUES ('0462', '12', 'Irapuato');
INSERT INTO `RIDESCOM`.`Municipio` (`ID_Municipio`, `Estados_ID_estado`, `Municipio`) VALUES ('0463', '12', 'Jaral del Progreso');
INSERT INTO `RIDESCOM`.`Municipio` (`ID_Municipio`, `Estados_ID_estado`, `Municipio`) VALUES ('0464', '12', 'Jerécuaro');
INSERT INTO `RIDESCOM`.`Municipio` (`ID_Municipio`, `Estados_ID_estado`, `Municipio`) VALUES ('0465', '12', 'León');
INSERT INTO `RIDESCOM`.`Municipio` (`ID_Municipio`, `Estados_ID_estado`, `Municipio`) VALUES ('0466', '12', 'Moroleón');
INSERT INTO `RIDESCOM`.`Municipio` (`ID_Municipio`, `Estados_ID_estado`, `Municipio`) VALUES ('0467', '12', 'Ocampo');
INSERT INTO `RIDESCOM`.`Municipio` (`ID_Municipio`, `Estados_ID_estado`, `Municipio`) VALUES ('0468', '12', 'Pénjamo');
INSERT INTO `RIDESCOM`.`Municipio` (`ID_Municipio`, `Estados_ID_estado`, `Municipio`) VALUES ('0469', '12', 'Pueblo Nuevo');
INSERT INTO `RIDESCOM`.`Municipio` (`ID_Municipio`, `Estados_ID_estado`, `Municipio`) VALUES ('0470', '12', 'Purísima del Rincón');
INSERT INTO `RIDESCOM`.`Municipio` (`ID_Municipio`, `Estados_ID_estado`, `Municipio`) VALUES ('0471', '12', 'Romita');
INSERT INTO `RIDESCOM`.`Municipio` (`ID_Municipio`, `Estados_ID_estado`, `Municipio`) VALUES ('0472', '12', 'Salamanca');
INSERT INTO `RIDESCOM`.`Municipio` (`ID_Municipio`, `Estados_ID_estado`, `Municipio`) VALUES ('0473', '12', 'Salvatierra');
INSERT INTO `RIDESCOM`.`Municipio` (`ID_Municipio`, `Estados_ID_estado`, `Municipio`) VALUES ('0474', '12', 'San Diego de la Unión');
INSERT INTO `RIDESCOM`.`Municipio` (`ID_Municipio`, `Estados_ID_estado`, `Municipio`) VALUES ('0475', '12', 'San Felipe');
INSERT INTO `RIDESCOM`.`Municipio` (`ID_Municipio`, `Estados_ID_estado`, `Municipio`) VALUES ('0476', '12', 'San Francisco del Rincón');
INSERT INTO `RIDESCOM`.`Municipio` (`ID_Municipio`, `Estados_ID_estado`, `Municipio`) VALUES ('0477', '12', 'San José Iturbide');
INSERT INTO `RIDESCOM`.`Municipio` (`ID_Municipio`, `Estados_ID_estado`, `Municipio`) VALUES ('0478', '12', 'San Luis de la Paz');
INSERT INTO `RIDESCOM`.`Municipio` (`ID_Municipio`, `Estados_ID_estado`, `Municipio`) VALUES ('0479', '12', 'Santa Catarina');
INSERT INTO `RIDESCOM`.`Municipio` (`ID_Municipio`, `Estados_ID_estado`, `Municipio`) VALUES ('0480', '12', 'Santa Cruz de Juventino Rosas');
INSERT INTO `RIDESCOM`.`Municipio` (`ID_Municipio`, `Estados_ID_estado`, `Municipio`) VALUES ('0481', '12', 'Santiago Maravatí');
INSERT INTO `RIDESCOM`.`Municipio` (`ID_Municipio`, `Estados_ID_estado`, `Municipio`) VALUES ('0482', '12', 'Silao de la Victoria');
INSERT INTO `RIDESCOM`.`Municipio` (`ID_Municipio`, `Estados_ID_estado`, `Municipio`) VALUES ('0483', '12', 'Tarandacuao');
INSERT INTO `RIDESCOM`.`Municipio` (`ID_Municipio`, `Estados_ID_estado`, `Municipio`) VALUES ('0484', '12', 'Tarimoro');
INSERT INTO `RIDESCOM`.`Municipio` (`ID_Municipio`, `Estados_ID_estado`, `Municipio`) VALUES ('0485', '12', 'Tierra Blanca');
INSERT INTO `RIDESCOM`.`Municipio` (`ID_Municipio`, `Estados_ID_estado`, `Municipio`) VALUES ('0486', '12', 'Uriangato');
INSERT INTO `RIDESCOM`.`Municipio` (`ID_Municipio`, `Estados_ID_estado`, `Municipio`) VALUES ('0487', '12', 'Valle de Santiago');
INSERT INTO `RIDESCOM`.`Municipio` (`ID_Municipio`, `Estados_ID_estado`, `Municipio`) VALUES ('0488', '12', 'Victoria');
INSERT INTO `RIDESCOM`.`Municipio` (`ID_Municipio`, `Estados_ID_estado`, `Municipio`) VALUES ('0489', '12', 'Villagrán');
INSERT INTO `RIDESCOM`.`Municipio` (`ID_Municipio`, `Estados_ID_estado`, `Municipio`) VALUES ('0490', '12', 'Xichú');
INSERT INTO `RIDESCOM`.`Municipio` (`ID_Municipio`, `Estados_ID_estado`, `Municipio`) VALUES ('0491', '12', 'Yuriria');
INSERT INTO `RIDESCOM`.`Municipio` (`ID_Municipio`, `Estados_ID_estado`, `Municipio`) VALUES ('0492', '13', 'Acapulco de Juárez');
INSERT INTO `RIDESCOM`.`Municipio` (`ID_Municipio`, `Estados_ID_estado`, `Municipio`) VALUES ('0493', '13', 'Ahuacuotzingo');
INSERT INTO `RIDESCOM`.`Municipio` (`ID_Municipio`, `Estados_ID_estado`, `Municipio`) VALUES ('0494', '13', 'Ajuchitlán del Progreso');
INSERT INTO `RIDESCOM`.`Municipio` (`ID_Municipio`, `Estados_ID_estado`, `Municipio`) VALUES ('0495', '13', 'Alcozauca de Guerrero');
INSERT INTO `RIDESCOM`.`Municipio` (`ID_Municipio`, `Estados_ID_estado`, `Municipio`) VALUES ('0496', '13', 'Alpoyeca');
INSERT INTO `RIDESCOM`.`Municipio` (`ID_Municipio`, `Estados_ID_estado`, `Municipio`) VALUES ('0497', '13', 'Apaxtla');
INSERT INTO `RIDESCOM`.`Municipio` (`ID_Municipio`, `Estados_ID_estado`, `Municipio`) VALUES ('0498', '13', 'Arcelia');
INSERT INTO `RIDESCOM`.`Municipio` (`ID_Municipio`, `Estados_ID_estado`, `Municipio`) VALUES ('0499', '13', 'Atenango del Río');
INSERT INTO `RIDESCOM`.`Municipio` (`ID_Municipio`, `Estados_ID_estado`, `Municipio`) VALUES ('0500', '13', 'Atlamajalcingo del Monte');
INSERT INTO `RIDESCOM`.`Municipio` (`ID_Municipio`, `Estados_ID_estado`, `Municipio`) VALUES ('0501', '13', 'Atlixtac');
INSERT INTO `RIDESCOM`.`Municipio` (`ID_Municipio`, `Estados_ID_estado`, `Municipio`) VALUES ('0502', '13', 'Atoyac de Álvarez');
INSERT INTO `RIDESCOM`.`Municipio` (`ID_Municipio`, `Estados_ID_estado`, `Municipio`) VALUES ('0503', '13', 'Ayutla de los Libres');
INSERT INTO `RIDESCOM`.`Municipio` (`ID_Municipio`, `Estados_ID_estado`, `Municipio`) VALUES ('0504', '13', 'Azoyú');
INSERT INTO `RIDESCOM`.`Municipio` (`ID_Municipio`, `Estados_ID_estado`, `Municipio`) VALUES ('0505', '13', 'Benito Juárez');
INSERT INTO `RIDESCOM`.`Municipio` (`ID_Municipio`, `Estados_ID_estado`, `Municipio`) VALUES ('0506', '13', 'Buenavista de Cuéllar');
INSERT INTO `RIDESCOM`.`Municipio` (`ID_Municipio`, `Estados_ID_estado`, `Municipio`) VALUES ('0507', '13', 'Coahuayutla de José María Izazaga');
INSERT INTO `RIDESCOM`.`Municipio` (`ID_Municipio`, `Estados_ID_estado`, `Municipio`) VALUES ('0508', '13', 'Cocula');
INSERT INTO `RIDESCOM`.`Municipio` (`ID_Municipio`, `Estados_ID_estado`, `Municipio`) VALUES ('0509', '13', 'Copala');
INSERT INTO `RIDESCOM`.`Municipio` (`ID_Municipio`, `Estados_ID_estado`, `Municipio`) VALUES ('0510', '13', 'Copalillo');
INSERT INTO `RIDESCOM`.`Municipio` (`ID_Municipio`, `Estados_ID_estado`, `Municipio`) VALUES ('0511', '13', 'Copanatoyac');
INSERT INTO `RIDESCOM`.`Municipio` (`ID_Municipio`, `Estados_ID_estado`, `Municipio`) VALUES ('0512', '13', 'Coyuca de Benítez');
INSERT INTO `RIDESCOM`.`Municipio` (`ID_Municipio`, `Estados_ID_estado`, `Municipio`) VALUES ('0513', '13', 'Coyuca de Catalán');
INSERT INTO `RIDESCOM`.`Municipio` (`ID_Municipio`, `Estados_ID_estado`, `Municipio`) VALUES ('0514', '13', 'Cuajinicuilapa');
INSERT INTO `RIDESCOM`.`Municipio` (`ID_Municipio`, `Estados_ID_estado`, `Municipio`) VALUES ('0515', '13', 'Cualác');
INSERT INTO `RIDESCOM`.`Municipio` (`ID_Municipio`, `Estados_ID_estado`, `Municipio`) VALUES ('0516', '13', 'Cuautepec');
INSERT INTO `RIDESCOM`.`Municipio` (`ID_Municipio`, `Estados_ID_estado`, `Municipio`) VALUES ('0517', '13', 'Cuetzala del Progreso');
INSERT INTO `RIDESCOM`.`Municipio` (`ID_Municipio`, `Estados_ID_estado`, `Municipio`) VALUES ('0518', '13', 'Cutzamala de Pinzón');
INSERT INTO `RIDESCOM`.`Municipio` (`ID_Municipio`, `Estados_ID_estado`, `Municipio`) VALUES ('0519', '13', 'Chilapa de Álvarez');
INSERT INTO `RIDESCOM`.`Municipio` (`ID_Municipio`, `Estados_ID_estado`, `Municipio`) VALUES ('0520', '13', 'Chilpancingo de los Bravo');
INSERT INTO `RIDESCOM`.`Municipio` (`ID_Municipio`, `Estados_ID_estado`, `Municipio`) VALUES ('0521', '13', 'Florencio Villarreal');
INSERT INTO `RIDESCOM`.`Municipio` (`ID_Municipio`, `Estados_ID_estado`, `Municipio`) VALUES ('0522', '13', 'General Canuto A. Neri');
INSERT INTO `RIDESCOM`.`Municipio` (`ID_Municipio`, `Estados_ID_estado`, `Municipio`) VALUES ('0523', '13', 'General Heliodoro Castillo');
INSERT INTO `RIDESCOM`.`Municipio` (`ID_Municipio`, `Estados_ID_estado`, `Municipio`) VALUES ('0524', '13', 'Huamuxtitlán');
INSERT INTO `RIDESCOM`.`Municipio` (`ID_Municipio`, `Estados_ID_estado`, `Municipio`) VALUES ('0525', '13', 'Huitzuco de los Figueroa');
INSERT INTO `RIDESCOM`.`Municipio` (`ID_Municipio`, `Estados_ID_estado`, `Municipio`) VALUES ('0526', '13', 'Iguala de la Independencia');
INSERT INTO `RIDESCOM`.`Municipio` (`ID_Municipio`, `Estados_ID_estado`, `Municipio`) VALUES ('0527', '13', 'Igualapa');
INSERT INTO `RIDESCOM`.`Municipio` (`ID_Municipio`, `Estados_ID_estado`, `Municipio`) VALUES ('0528', '13', 'Ixcateopan de Cuauhtémoc');
INSERT INTO `RIDESCOM`.`Municipio` (`ID_Municipio`, `Estados_ID_estado`, `Municipio`) VALUES ('0529', '13', 'Zihuatanejo de Azueta');
INSERT INTO `RIDESCOM`.`Municipio` (`ID_Municipio`, `Estados_ID_estado`, `Municipio`) VALUES ('0530', '13', 'Juan R. Escudero');
INSERT INTO `RIDESCOM`.`Municipio` (`ID_Municipio`, `Estados_ID_estado`, `Municipio`) VALUES ('0531', '13', 'Leonardo Bravo');
INSERT INTO `RIDESCOM`.`Municipio` (`ID_Municipio`, `Estados_ID_estado`, `Municipio`) VALUES ('0532', '13', 'Malinaltepec');
INSERT INTO `RIDESCOM`.`Municipio` (`ID_Municipio`, `Estados_ID_estado`, `Municipio`) VALUES ('0533', '13', 'Mártir de Cuilapan');
INSERT INTO `RIDESCOM`.`Municipio` (`ID_Municipio`, `Estados_ID_estado`, `Municipio`) VALUES ('0534', '13', 'Metlatónoc');
INSERT INTO `RIDESCOM`.`Municipio` (`ID_Municipio`, `Estados_ID_estado`, `Municipio`) VALUES ('0535', '13', 'Mochitlán');
INSERT INTO `RIDESCOM`.`Municipio` (`ID_Municipio`, `Estados_ID_estado`, `Municipio`) VALUES ('0536', '13', 'Olinalá');
INSERT INTO `RIDESCOM`.`Municipio` (`ID_Municipio`, `Estados_ID_estado`, `Municipio`) VALUES ('0537', '13', 'Ometepec');
INSERT INTO `RIDESCOM`.`Municipio` (`ID_Municipio`, `Estados_ID_estado`, `Municipio`) VALUES ('0538', '13', 'Pedro Ascencio Alquisiras');
INSERT INTO `RIDESCOM`.`Municipio` (`ID_Municipio`, `Estados_ID_estado`, `Municipio`) VALUES ('0539', '13', 'Petatlán');
INSERT INTO `RIDESCOM`.`Municipio` (`ID_Municipio`, `Estados_ID_estado`, `Municipio`) VALUES ('0540', '13', 'Pilcaya');
INSERT INTO `RIDESCOM`.`Municipio` (`ID_Municipio`, `Estados_ID_estado`, `Municipio`) VALUES ('0541', '13', 'Pungarabato');
INSERT INTO `RIDESCOM`.`Municipio` (`ID_Municipio`, `Estados_ID_estado`, `Municipio`) VALUES ('0542', '13', 'Quechultenango');
INSERT INTO `RIDESCOM`.`Municipio` (`ID_Municipio`, `Estados_ID_estado`, `Municipio`) VALUES ('0543', '13', 'San Luis Acatlán');
INSERT INTO `RIDESCOM`.`Municipio` (`ID_Municipio`, `Estados_ID_estado`, `Municipio`) VALUES ('0544', '13', 'San Marcos');
INSERT INTO `RIDESCOM`.`Municipio` (`ID_Municipio`, `Estados_ID_estado`, `Municipio`) VALUES ('0545', '13', 'San Miguel Totolapan');
INSERT INTO `RIDESCOM`.`Municipio` (`ID_Municipio`, `Estados_ID_estado`, `Municipio`) VALUES ('0546', '13', 'Taxco de Alarcón');
INSERT INTO `RIDESCOM`.`Municipio` (`ID_Municipio`, `Estados_ID_estado`, `Municipio`) VALUES ('0547', '13', 'Tecoanapa');
INSERT INTO `RIDESCOM`.`Municipio` (`ID_Municipio`, `Estados_ID_estado`, `Municipio`) VALUES ('0548', '13', 'Técpan de Galeana');
INSERT INTO `RIDESCOM`.`Municipio` (`ID_Municipio`, `Estados_ID_estado`, `Municipio`) VALUES ('0549', '13', 'Teloloapan');
INSERT INTO `RIDESCOM`.`Municipio` (`ID_Municipio`, `Estados_ID_estado`, `Municipio`) VALUES ('0550', '13', 'Tepecoacuilco de Trujano');
INSERT INTO `RIDESCOM`.`Municipio` (`ID_Municipio`, `Estados_ID_estado`, `Municipio`) VALUES ('0551', '13', 'Tetipac');
INSERT INTO `RIDESCOM`.`Municipio` (`ID_Municipio`, `Estados_ID_estado`, `Municipio`) VALUES ('0552', '13', 'Tixtla de Guerrero');
INSERT INTO `RIDESCOM`.`Municipio` (`ID_Municipio`, `Estados_ID_estado`, `Municipio`) VALUES ('0553', '13', 'Tlacoachistlahuaca');
INSERT INTO `RIDESCOM`.`Municipio` (`ID_Municipio`, `Estados_ID_estado`, `Municipio`) VALUES ('0554', '13', 'Tlacoapa');
INSERT INTO `RIDESCOM`.`Municipio` (`ID_Municipio`, `Estados_ID_estado`, `Municipio`) VALUES ('0556', '13', 'Tlalchapa ');
INSERT INTO `RIDESCOM`.`Municipio` (`ID_Municipio`, `Estados_ID_estado`, `Municipio`) VALUES ('0557', '13', 'Tlalixtaquilla de Maldonado');
INSERT INTO `RIDESCOM`.`Municipio` (`ID_Municipio`, `Estados_ID_estado`, `Municipio`) VALUES ('0558', '13', 'Tlapa de Comonfort');
INSERT INTO `RIDESCOM`.`Municipio` (`ID_Municipio`, `Estados_ID_estado`, `Municipio`) VALUES ('0559', '13', 'Tlapehuala');
INSERT INTO `RIDESCOM`.`Municipio` (`ID_Municipio`, `Estados_ID_estado`, `Municipio`) VALUES ('0560', '13', 'La Unión de Isidoro Montes de Oca');
INSERT INTO `RIDESCOM`.`Municipio` (`ID_Municipio`, `Estados_ID_estado`, `Municipio`) VALUES ('0561', '13', 'Xalpatláhuac');
INSERT INTO `RIDESCOM`.`Municipio` (`ID_Municipio`, `Estados_ID_estado`, `Municipio`) VALUES ('0562', '13', 'Xochihuehuetlán');
INSERT INTO `RIDESCOM`.`Municipio` (`ID_Municipio`, `Estados_ID_estado`, `Municipio`) VALUES ('0563', '13', 'Xochistlahuaca');
INSERT INTO `RIDESCOM`.`Municipio` (`ID_Municipio`, `Estados_ID_estado`, `Municipio`) VALUES ('0564', '13', 'Zapotitlán Tablas');
INSERT INTO `RIDESCOM`.`Municipio` (`ID_Municipio`, `Estados_ID_estado`, `Municipio`) VALUES ('0565', '13', 'Zirándaro');
INSERT INTO `RIDESCOM`.`Municipio` (`ID_Municipio`, `Estados_ID_estado`, `Municipio`) VALUES ('0567', '13', 'Zitlala');
INSERT INTO `RIDESCOM`.`Municipio` (`ID_Municipio`, `Estados_ID_estado`, `Municipio`) VALUES ('0568', '13', 'Eduardo Neri');
INSERT INTO `RIDESCOM`.`Municipio` (`ID_Municipio`, `Estados_ID_estado`, `Municipio`) VALUES ('0569', '13', 'Acatepec');
INSERT INTO `RIDESCOM`.`Municipio` (`ID_Municipio`, `Estados_ID_estado`, `Municipio`) VALUES ('0570', '13', 'Marquelia');
INSERT INTO `RIDESCOM`.`Municipio` (`ID_Municipio`, `Estados_ID_estado`, `Municipio`) VALUES ('0571', '13', 'Cochoapa el Grande');
INSERT INTO `RIDESCOM`.`Municipio` (`ID_Municipio`, `Estados_ID_estado`, `Municipio`) VALUES ('0572', '13', 'José Joaquín de Herrera');
INSERT INTO `RIDESCOM`.`Municipio` (`ID_Municipio`, `Estados_ID_estado`, `Municipio`) VALUES ('0573', '13', 'Juchitán');
INSERT INTO `RIDESCOM`.`Municipio` (`ID_Municipio`, `Estados_ID_estado`, `Municipio`) VALUES ('0574', '13', 'Iliatenco');
INSERT INTO `RIDESCOM`.`Municipio` (`ID_Municipio`, `Estados_ID_estado`, `Municipio`) VALUES ('0575', '14', 'Acatlán');
INSERT INTO `RIDESCOM`.`Municipio` (`ID_Municipio`, `Estados_ID_estado`, `Municipio`) VALUES ('0576', '14', 'Acaxochitlán');
INSERT INTO `RIDESCOM`.`Municipio` (`ID_Municipio`, `Estados_ID_estado`, `Municipio`) VALUES ('0577', '14', 'Actopan');
INSERT INTO `RIDESCOM`.`Municipio` (`ID_Municipio`, `Estados_ID_estado`, `Municipio`) VALUES ('0578', '14', 'Agua Blanca de Iturbide');
INSERT INTO `RIDESCOM`.`Municipio` (`ID_Municipio`, `Estados_ID_estado`, `Municipio`) VALUES ('0579', '14', 'Ajacuba');
INSERT INTO `RIDESCOM`.`Municipio` (`ID_Municipio`, `Estados_ID_estado`, `Municipio`) VALUES ('0580', '14', 'Alfajayucan');
INSERT INTO `RIDESCOM`.`Municipio` (`ID_Municipio`, `Estados_ID_estado`, `Municipio`) VALUES ('0581', '14', 'Almoloya');
INSERT INTO `RIDESCOM`.`Municipio` (`ID_Municipio`, `Estados_ID_estado`, `Municipio`) VALUES ('0582', '14', 'Apan');
INSERT INTO `RIDESCOM`.`Municipio` (`ID_Municipio`, `Estados_ID_estado`, `Municipio`) VALUES ('0583', '14', 'El Arenal');
INSERT INTO `RIDESCOM`.`Municipio` (`ID_Municipio`, `Estados_ID_estado`, `Municipio`) VALUES ('0584', '14', 'Atitalaquia');
INSERT INTO `RIDESCOM`.`Municipio` (`ID_Municipio`, `Estados_ID_estado`, `Municipio`) VALUES ('0585', '14', 'Atlapexco');
INSERT INTO `RIDESCOM`.`Municipio` (`ID_Municipio`, `Estados_ID_estado`, `Municipio`) VALUES ('0586', '14', 'Atotonilco el Grande');
INSERT INTO `RIDESCOM`.`Municipio` (`ID_Municipio`, `Estados_ID_estado`, `Municipio`) VALUES ('0587', '14', 'Atotonilco de Tula');
INSERT INTO `RIDESCOM`.`Municipio` (`ID_Municipio`, `Estados_ID_estado`, `Municipio`) VALUES ('0588', '14', 'Calnali');
INSERT INTO `RIDESCOM`.`Municipio` (`ID_Municipio`, `Estados_ID_estado`, `Municipio`) VALUES ('0589', '14', 'Cardonal');
INSERT INTO `RIDESCOM`.`Municipio` (`ID_Municipio`, `Estados_ID_estado`, `Municipio`) VALUES ('0590', '14', 'Cuautepec de Hinojosa');
INSERT INTO `RIDESCOM`.`Municipio` (`ID_Municipio`, `Estados_ID_estado`, `Municipio`) VALUES ('0591', '14', 'Chapantongo');
INSERT INTO `RIDESCOM`.`Municipio` (`ID_Municipio`, `Estados_ID_estado`, `Municipio`) VALUES ('0592', '14', 'Chapulhuacán');
INSERT INTO `RIDESCOM`.`Municipio` (`ID_Municipio`, `Estados_ID_estado`, `Municipio`) VALUES ('0593', '14', 'Chilcuautla');
INSERT INTO `RIDESCOM`.`Municipio` (`ID_Municipio`, `Estados_ID_estado`, `Municipio`) VALUES ('0594', '14', 'Eloxochitlán');
INSERT INTO `RIDESCOM`.`Municipio` (`ID_Municipio`, `Estados_ID_estado`, `Municipio`) VALUES ('0595', '14', 'Emiliano Zapata');
INSERT INTO `RIDESCOM`.`Municipio` (`ID_Municipio`, `Estados_ID_estado`, `Municipio`) VALUES ('0596', '14', 'Epazoyucan');
INSERT INTO `RIDESCOM`.`Municipio` (`ID_Municipio`, `Estados_ID_estado`, `Municipio`) VALUES ('0597', '14', 'Francisco I. Madero');
INSERT INTO `RIDESCOM`.`Municipio` (`ID_Municipio`, `Estados_ID_estado`, `Municipio`) VALUES ('0598', '14', 'Huasca de Ocampo');
INSERT INTO `RIDESCOM`.`Municipio` (`ID_Municipio`, `Estados_ID_estado`, `Municipio`) VALUES ('0599', '14', 'Huautla');
INSERT INTO `RIDESCOM`.`Municipio` (`ID_Municipio`, `Estados_ID_estado`, `Municipio`) VALUES ('0600', '14', 'Huazalingo');
INSERT INTO `RIDESCOM`.`Municipio` (`ID_Municipio`, `Estados_ID_estado`, `Municipio`) VALUES ('0601', '14', 'Huehuetla');
INSERT INTO `RIDESCOM`.`Municipio` (`ID_Municipio`, `Estados_ID_estado`, `Municipio`) VALUES ('0602', '14', 'Huejutla de Reyes');
INSERT INTO `RIDESCOM`.`Municipio` (`ID_Municipio`, `Estados_ID_estado`, `Municipio`) VALUES ('0603', '14', 'Huichapan');
INSERT INTO `RIDESCOM`.`Municipio` (`ID_Municipio`, `Estados_ID_estado`, `Municipio`) VALUES ('0604', '14', 'Ixmiquilpan');
INSERT INTO `RIDESCOM`.`Municipio` (`ID_Municipio`, `Estados_ID_estado`, `Municipio`) VALUES ('0605', '14', 'Jacala de Ledezma');
INSERT INTO `RIDESCOM`.`Municipio` (`ID_Municipio`, `Estados_ID_estado`, `Municipio`) VALUES ('0606', '14', 'Jatlocán');
INSERT INTO `RIDESCOM`.`Municipio` (`ID_Municipio`, `Estados_ID_estado`, `Municipio`) VALUES ('0607', '14', 'Juárez Hidalgo');
INSERT INTO `RIDESCOM`.`Municipio` (`ID_Municipio`, `Estados_ID_estado`, `Municipio`) VALUES ('0608', '14', 'Lolotla');
INSERT INTO `RIDESCOM`.`Municipio` (`ID_Municipio`, `Estados_ID_estado`, `Municipio`) VALUES ('0609', '14', 'Metepec');
INSERT INTO `RIDESCOM`.`Municipio` (`ID_Municipio`, `Estados_ID_estado`, `Municipio`) VALUES ('0610', '14', 'San Agustín Metziquititlán');
INSERT INTO `RIDESCOM`.`Municipio` (`ID_Municipio`, `Estados_ID_estado`, `Municipio`) VALUES ('0611', '14', 'Metztitlán');
INSERT INTO `RIDESCOM`.`Municipio` (`ID_Municipio`, `Estados_ID_estado`, `Municipio`) VALUES ('0612', '14', 'Mineral del Chico');
INSERT INTO `RIDESCOM`.`Municipio` (`ID_Municipio`, `Estados_ID_estado`, `Municipio`) VALUES ('0613', '14', 'Mineral del Monte');
INSERT INTO `RIDESCOM`.`Municipio` (`ID_Municipio`, `Estados_ID_estado`, `Municipio`) VALUES ('0614', '14', 'La Misión');
INSERT INTO `RIDESCOM`.`Municipio` (`ID_Municipio`, `Estados_ID_estado`, `Municipio`) VALUES ('0615', '14', 'Mizquiahuala de Juárez');
INSERT INTO `RIDESCOM`.`Municipio` (`ID_Municipio`, `Estados_ID_estado`, `Municipio`) VALUES ('0616', '14', 'Molango de Escamilla');
INSERT INTO `RIDESCOM`.`Municipio` (`ID_Municipio`, `Estados_ID_estado`, `Municipio`) VALUES ('0617', '14', 'Nicolás Flores');
INSERT INTO `RIDESCOM`.`Municipio` (`ID_Municipio`, `Estados_ID_estado`, `Municipio`) VALUES ('0618', '14', 'Nopala de Villagrán');
INSERT INTO `RIDESCOM`.`Municipio` (`ID_Municipio`, `Estados_ID_estado`, `Municipio`) VALUES ('0619', '14', 'Omitlán de Juárez');
INSERT INTO `RIDESCOM`.`Municipio` (`ID_Municipio`, `Estados_ID_estado`, `Municipio`) VALUES ('0620', '14', 'San Felipe Orizatlán');
INSERT INTO `RIDESCOM`.`Municipio` (`ID_Municipio`, `Estados_ID_estado`, `Municipio`) VALUES ('0621', '14', 'Pacula');
INSERT INTO `RIDESCOM`.`Municipio` (`ID_Municipio`, `Estados_ID_estado`, `Municipio`) VALUES ('0622', '14', 'Pachuca de Soto');
INSERT INTO `RIDESCOM`.`Municipio` (`ID_Municipio`, `Estados_ID_estado`, `Municipio`) VALUES ('0623', '14', 'Pisaflores');
INSERT INTO `RIDESCOM`.`Municipio` (`ID_Municipio`, `Estados_ID_estado`, `Municipio`) VALUES ('0624', '14', 'Progreso de Obregón');
INSERT INTO `RIDESCOM`.`Municipio` (`ID_Municipio`, `Estados_ID_estado`, `Municipio`) VALUES ('0625', '14', 'Mineral de la Reforma');
INSERT INTO `RIDESCOM`.`Municipio` (`ID_Municipio`, `Estados_ID_estado`, `Municipio`) VALUES ('0626', '14', 'San Agustín Tlaxiaca');
INSERT INTO `RIDESCOM`.`Municipio` (`ID_Municipio`, `Estados_ID_estado`, `Municipio`) VALUES ('0627', '14', 'San Bartolo Tutotepec');
INSERT INTO `RIDESCOM`.`Municipio` (`ID_Municipio`, `Estados_ID_estado`, `Municipio`) VALUES ('0628', '14', 'San Salvador');
INSERT INTO `RIDESCOM`.`Municipio` (`ID_Municipio`, `Estados_ID_estado`, `Municipio`) VALUES ('0629', '14', 'Santiago de Anaya');
INSERT INTO `RIDESCOM`.`Municipio` (`ID_Municipio`, `Estados_ID_estado`, `Municipio`) VALUES ('0630', '14', 'Santiago Tulantepec de Lugo Guerrero');
INSERT INTO `RIDESCOM`.`Municipio` (`ID_Municipio`, `Estados_ID_estado`, `Municipio`) VALUES ('0631', '14', 'Singuilucan');
INSERT INTO `RIDESCOM`.`Municipio` (`ID_Municipio`, `Estados_ID_estado`, `Municipio`) VALUES ('0632', '14', 'Tasquillo');
INSERT INTO `RIDESCOM`.`Municipio` (`ID_Municipio`, `Estados_ID_estado`, `Municipio`) VALUES ('0633', '14', 'Tecozautla');
INSERT INTO `RIDESCOM`.`Municipio` (`ID_Municipio`, `Estados_ID_estado`, `Municipio`) VALUES ('0634', '14', 'Tenango de Doria');
INSERT INTO `RIDESCOM`.`Municipio` (`ID_Municipio`, `Estados_ID_estado`, `Municipio`) VALUES ('0635', '14', 'Tepeapulco');
INSERT INTO `RIDESCOM`.`Municipio` (`ID_Municipio`, `Estados_ID_estado`, `Municipio`) VALUES ('0636', '14', 'Tepehuacán de Guerrero');
INSERT INTO `RIDESCOM`.`Municipio` (`ID_Municipio`, `Estados_ID_estado`, `Municipio`) VALUES ('0637', '14', 'Tepeji del Río de Ocampo');
INSERT INTO `RIDESCOM`.`Municipio` (`ID_Municipio`, `Estados_ID_estado`, `Municipio`) VALUES ('0638', '14', 'Tepetitlán');
INSERT INTO `RIDESCOM`.`Municipio` (`ID_Municipio`, `Estados_ID_estado`, `Municipio`) VALUES ('0639', '14', 'Tetepango');
INSERT INTO `RIDESCOM`.`Municipio` (`ID_Municipio`, `Estados_ID_estado`, `Municipio`) VALUES ('0640', '14', 'Villa de Tezontepec');
INSERT INTO `RIDESCOM`.`Municipio` (`ID_Municipio`, `Estados_ID_estado`, `Municipio`) VALUES ('0641', '14', 'Tezontepec de Aldama');
INSERT INTO `RIDESCOM`.`Municipio` (`ID_Municipio`, `Estados_ID_estado`, `Municipio`) VALUES ('0642', '14', 'Tianguistengo');
INSERT INTO `RIDESCOM`.`Municipio` (`ID_Municipio`, `Estados_ID_estado`, `Municipio`) VALUES ('0643', '14', 'Tizayuca');
INSERT INTO `RIDESCOM`.`Municipio` (`ID_Municipio`, `Estados_ID_estado`, `Municipio`) VALUES ('0644', '14', 'Tlahuelilpan');
INSERT INTO `RIDESCOM`.`Municipio` (`ID_Municipio`, `Estados_ID_estado`, `Municipio`) VALUES ('0645', '14', 'Tlahuiltepa');
INSERT INTO `RIDESCOM`.`Municipio` (`ID_Municipio`, `Estados_ID_estado`, `Municipio`) VALUES ('0646', '14', 'Tlanalapa');
INSERT INTO `RIDESCOM`.`Municipio` (`ID_Municipio`, `Estados_ID_estado`, `Municipio`) VALUES ('0647', '14', 'Tlanchinol');
INSERT INTO `RIDESCOM`.`Municipio` (`ID_Municipio`, `Estados_ID_estado`, `Municipio`) VALUES ('0648', '14', 'Tlaxcoapan');
INSERT INTO `RIDESCOM`.`Municipio` (`ID_Municipio`, `Estados_ID_estado`, `Municipio`) VALUES ('0649', '14', 'Tolcayuca');
INSERT INTO `RIDESCOM`.`Municipio` (`ID_Municipio`, `Estados_ID_estado`, `Municipio`) VALUES ('0650', '14', 'Tula de Allende');
INSERT INTO `RIDESCOM`.`Municipio` (`ID_Municipio`, `Estados_ID_estado`, `Municipio`) VALUES ('0651', '14', 'Tulancingo de Bravo');
INSERT INTO `RIDESCOM`.`Municipio` (`ID_Municipio`, `Estados_ID_estado`, `Municipio`) VALUES ('0652', '14', 'Xochiatipan');
INSERT INTO `RIDESCOM`.`Municipio` (`ID_Municipio`, `Estados_ID_estado`, `Municipio`) VALUES ('0653', '14', 'Xochicoatlán');
INSERT INTO `RIDESCOM`.`Municipio` (`ID_Municipio`, `Estados_ID_estado`, `Municipio`) VALUES ('0654', '14', 'Yahualica');
INSERT INTO `RIDESCOM`.`Municipio` (`ID_Municipio`, `Estados_ID_estado`, `Municipio`) VALUES ('0655', '14', 'Zacualtipán de Ángeles');
INSERT INTO `RIDESCOM`.`Municipio` (`ID_Municipio`, `Estados_ID_estado`, `Municipio`) VALUES ('0656', '14', 'Zapotlán de Juárez');
INSERT INTO `RIDESCOM`.`Municipio` (`ID_Municipio`, `Estados_ID_estado`, `Municipio`) VALUES ('0657', '14', 'Zempoala');
INSERT INTO `RIDESCOM`.`Municipio` (`ID_Municipio`, `Estados_ID_estado`, `Municipio`) VALUES ('0658', '14', 'Zimapán');
INSERT INTO `RIDESCOM`.`Municipio` (`ID_Municipio`, `Estados_ID_estado`, `Municipio`) VALUES ('0659', '15', 'Acatic');
INSERT INTO `RIDESCOM`.`Municipio` (`ID_Municipio`, `Estados_ID_estado`, `Municipio`) VALUES ('0660', '15', 'Acatlán de Juárez');
INSERT INTO `RIDESCOM`.`Municipio` (`ID_Municipio`, `Estados_ID_estado`, `Municipio`) VALUES ('0661', '15', 'Ahualulco de Mercado');
INSERT INTO `RIDESCOM`.`Municipio` (`ID_Municipio`, `Estados_ID_estado`, `Municipio`) VALUES ('0662', '15', 'Amacueca');
INSERT INTO `RIDESCOM`.`Municipio` (`ID_Municipio`, `Estados_ID_estado`, `Municipio`) VALUES ('0663', '15', 'Amatitán');
INSERT INTO `RIDESCOM`.`Municipio` (`ID_Municipio`, `Estados_ID_estado`, `Municipio`) VALUES ('0664', '15', 'Ameca');
INSERT INTO `RIDESCOM`.`Municipio` (`ID_Municipio`, `Estados_ID_estado`, `Municipio`) VALUES ('0665', '15', 'San Juanito de Escobedo');
INSERT INTO `RIDESCOM`.`Municipio` (`ID_Municipio`, `Estados_ID_estado`, `Municipio`) VALUES ('0666', '15', 'Arandas');
INSERT INTO `RIDESCOM`.`Municipio` (`ID_Municipio`, `Estados_ID_estado`, `Municipio`) VALUES ('0667', '15', 'El Arenal');
INSERT INTO `RIDESCOM`.`Municipio` (`ID_Municipio`, `Estados_ID_estado`, `Municipio`) VALUES ('0668', '15', 'Atemajac de Brizuela');
INSERT INTO `RIDESCOM`.`Municipio` (`ID_Municipio`, `Estados_ID_estado`, `Municipio`) VALUES ('0669', '15', 'Atengo');
INSERT INTO `RIDESCOM`.`Municipio` (`ID_Municipio`, `Estados_ID_estado`, `Municipio`) VALUES ('0670', '15', 'Atenguillo');
INSERT INTO `RIDESCOM`.`Municipio` (`ID_Municipio`, `Estados_ID_estado`, `Municipio`) VALUES ('0671', '15', 'Atotonilco el Alto');
INSERT INTO `RIDESCOM`.`Municipio` (`ID_Municipio`, `Estados_ID_estado`, `Municipio`) VALUES ('0672', '15', 'Atoyac');
INSERT INTO `RIDESCOM`.`Municipio` (`ID_Municipio`, `Estados_ID_estado`, `Municipio`) VALUES ('0673', '15', 'Autlán de Navarro');
INSERT INTO `RIDESCOM`.`Municipio` (`ID_Municipio`, `Estados_ID_estado`, `Municipio`) VALUES ('0674', '15', 'Ayotlán');
INSERT INTO `RIDESCOM`.`Municipio` (`ID_Municipio`, `Estados_ID_estado`, `Municipio`) VALUES ('0675', '15', 'Ayutla');
INSERT INTO `RIDESCOM`.`Municipio` (`ID_Municipio`, `Estados_ID_estado`, `Municipio`) VALUES ('0676', '15', 'La Barca');
INSERT INTO `RIDESCOM`.`Municipio` (`ID_Municipio`, `Estados_ID_estado`, `Municipio`) VALUES ('0677', '15', 'Bolaños');
INSERT INTO `RIDESCOM`.`Municipio` (`ID_Municipio`, `Estados_ID_estado`, `Municipio`) VALUES ('0678', '15', 'Cabo Corrientes');
INSERT INTO `RIDESCOM`.`Municipio` (`ID_Municipio`, `Estados_ID_estado`, `Municipio`) VALUES ('0679', '15', 'Casimiro Castillo');
INSERT INTO `RIDESCOM`.`Municipio` (`ID_Municipio`, `Estados_ID_estado`, `Municipio`) VALUES ('0680', '15', 'Cihuatlán');
INSERT INTO `RIDESCOM`.`Municipio` (`ID_Municipio`, `Estados_ID_estado`, `Municipio`) VALUES ('0681', '15', 'Zapotlán el Grande');
INSERT INTO `RIDESCOM`.`Municipio` (`ID_Municipio`, `Estados_ID_estado`, `Municipio`) VALUES ('0682', '15', 'Cocula');
INSERT INTO `RIDESCOM`.`Municipio` (`ID_Municipio`, `Estados_ID_estado`, `Municipio`) VALUES ('0683', '15', 'Colotlán');
INSERT INTO `RIDESCOM`.`Municipio` (`ID_Municipio`, `Estados_ID_estado`, `Municipio`) VALUES ('0684', '15', 'Concepción de Buenos Aires');
INSERT INTO `RIDESCOM`.`Municipio` (`ID_Municipio`, `Estados_ID_estado`, `Municipio`) VALUES ('0685', '15', 'Cuautitlán de García Barragán');
INSERT INTO `RIDESCOM`.`Municipio` (`ID_Municipio`, `Estados_ID_estado`, `Municipio`) VALUES ('0686', '15', 'Cuautla');
INSERT INTO `RIDESCOM`.`Municipio` (`ID_Municipio`, `Estados_ID_estado`, `Municipio`) VALUES ('0687', '15', 'Cuquío');
INSERT INTO `RIDESCOM`.`Municipio` (`ID_Municipio`, `Estados_ID_estado`, `Municipio`) VALUES ('0688', '15', 'Chapala');
INSERT INTO `RIDESCOM`.`Municipio` (`ID_Municipio`, `Estados_ID_estado`, `Municipio`) VALUES ('0689', '15', 'Chimaltitán');
INSERT INTO `RIDESCOM`.`Municipio` (`ID_Municipio`, `Estados_ID_estado`, `Municipio`) VALUES ('0690', '15', 'Chiquilistlán');
INSERT INTO `RIDESCOM`.`Municipio` (`ID_Municipio`, `Estados_ID_estado`, `Municipio`) VALUES ('0691', '15', 'Degollado');
INSERT INTO `RIDESCOM`.`Municipio` (`ID_Municipio`, `Estados_ID_estado`, `Municipio`) VALUES ('0692', '15', 'Ejutla');
INSERT INTO `RIDESCOM`.`Municipio` (`ID_Municipio`, `Estados_ID_estado`, `Municipio`) VALUES ('0693', '15', 'Encarnación de Díaz');
INSERT INTO `RIDESCOM`.`Municipio` (`ID_Municipio`, `Estados_ID_estado`, `Municipio`) VALUES ('0694', '15', 'Etzatlán');
INSERT INTO `RIDESCOM`.`Municipio` (`ID_Municipio`, `Estados_ID_estado`, `Municipio`) VALUES ('0695', '15', 'El Grullo');
INSERT INTO `RIDESCOM`.`Municipio` (`ID_Municipio`, `Estados_ID_estado`, `Municipio`) VALUES ('0696', '15', 'Guachinango');
INSERT INTO `RIDESCOM`.`Municipio` (`ID_Municipio`, `Estados_ID_estado`, `Municipio`) VALUES ('0697', '15', 'Guadalajara');
INSERT INTO `RIDESCOM`.`Municipio` (`ID_Municipio`, `Estados_ID_estado`, `Municipio`) VALUES ('0698', '15', 'Hostotipaquillo');
INSERT INTO `RIDESCOM`.`Municipio` (`ID_Municipio`, `Estados_ID_estado`, `Municipio`) VALUES ('0699', '15', 'Huejúcar');
INSERT INTO `RIDESCOM`.`Municipio` (`ID_Municipio`, `Estados_ID_estado`, `Municipio`) VALUES ('0700', '15', 'Huejuquilla el Alto');
INSERT INTO `RIDESCOM`.`Municipio` (`ID_Municipio`, `Estados_ID_estado`, `Municipio`) VALUES ('0701', '15', 'La Huerta');
INSERT INTO `RIDESCOM`.`Municipio` (`ID_Municipio`, `Estados_ID_estado`, `Municipio`) VALUES ('0702', '15', 'Ixtlahuacán de los Membrillos');
INSERT INTO `RIDESCOM`.`Municipio` (`ID_Municipio`, `Estados_ID_estado`, `Municipio`) VALUES ('0703', '15', 'Ixtlahuacán del Río');
INSERT INTO `RIDESCOM`.`Municipio` (`ID_Municipio`, `Estados_ID_estado`, `Municipio`) VALUES ('0704', '15', 'Jalostotitlán');
INSERT INTO `RIDESCOM`.`Municipio` (`ID_Municipio`, `Estados_ID_estado`, `Municipio`) VALUES ('0705', '15', 'Jamay');
INSERT INTO `RIDESCOM`.`Municipio` (`ID_Municipio`, `Estados_ID_estado`, `Municipio`) VALUES ('0706', '15', 'Jesús María');
INSERT INTO `RIDESCOM`.`Municipio` (`ID_Municipio`, `Estados_ID_estado`, `Municipio`) VALUES ('0707', '15', 'Jilotlán de los Dolores');
INSERT INTO `RIDESCOM`.`Municipio` (`ID_Municipio`, `Estados_ID_estado`, `Municipio`) VALUES ('0708', '15', 'Jocotepec');
INSERT INTO `RIDESCOM`.`Municipio` (`ID_Municipio`, `Estados_ID_estado`, `Municipio`) VALUES ('0709', '15', 'Juanacatlán');
INSERT INTO `RIDESCOM`.`Municipio` (`ID_Municipio`, `Estados_ID_estado`, `Municipio`) VALUES ('0710', '15', 'Juchitlán');
INSERT INTO `RIDESCOM`.`Municipio` (`ID_Municipio`, `Estados_ID_estado`, `Municipio`) VALUES ('0711', '15', 'Lagos de Moreno');
INSERT INTO `RIDESCOM`.`Municipio` (`ID_Municipio`, `Estados_ID_estado`, `Municipio`) VALUES ('0712', '15', 'El Limón');
INSERT INTO `RIDESCOM`.`Municipio` (`ID_Municipio`, `Estados_ID_estado`, `Municipio`) VALUES ('0713', '15', 'Magdalena');
INSERT INTO `RIDESCOM`.`Municipio` (`ID_Municipio`, `Estados_ID_estado`, `Municipio`) VALUES ('0714', '15', 'Santa María del Oro');
INSERT INTO `RIDESCOM`.`Municipio` (`ID_Municipio`, `Estados_ID_estado`, `Municipio`) VALUES ('0715', '15', 'La Manzanilla de la Paz');
INSERT INTO `RIDESCOM`.`Municipio` (`ID_Municipio`, `Estados_ID_estado`, `Municipio`) VALUES ('0716', '15', 'Mascota');
INSERT INTO `RIDESCOM`.`Municipio` (`ID_Municipio`, `Estados_ID_estado`, `Municipio`) VALUES ('0717', '15', 'Mazamitla');
INSERT INTO `RIDESCOM`.`Municipio` (`ID_Municipio`, `Estados_ID_estado`, `Municipio`) VALUES ('0718', '15', 'Mexticacán');
INSERT INTO `RIDESCOM`.`Municipio` (`ID_Municipio`, `Estados_ID_estado`, `Municipio`) VALUES ('0719', '15', 'Mezquitic');
INSERT INTO `RIDESCOM`.`Municipio` (`ID_Municipio`, `Estados_ID_estado`, `Municipio`) VALUES ('0720', '15', 'Mixtlán');
INSERT INTO `RIDESCOM`.`Municipio` (`ID_Municipio`, `Estados_ID_estado`, `Municipio`) VALUES ('0721', '15', 'Ocotlán');
INSERT INTO `RIDESCOM`.`Municipio` (`ID_Municipio`, `Estados_ID_estado`, `Municipio`) VALUES ('0722', '15', 'Ojuelos de Jalisco');
INSERT INTO `RIDESCOM`.`Municipio` (`ID_Municipio`, `Estados_ID_estado`, `Municipio`) VALUES ('0723', '15', 'Pihuamo');
INSERT INTO `RIDESCOM`.`Municipio` (`ID_Municipio`, `Estados_ID_estado`, `Municipio`) VALUES ('0724', '15', 'Poncitlán');
INSERT INTO `RIDESCOM`.`Municipio` (`ID_Municipio`, `Estados_ID_estado`, `Municipio`) VALUES ('0725', '15', 'Puerto Vallarta');
INSERT INTO `RIDESCOM`.`Municipio` (`ID_Municipio`, `Estados_ID_estado`, `Municipio`) VALUES ('0726', '15', 'Villa Purificación');
INSERT INTO `RIDESCOM`.`Municipio` (`ID_Municipio`, `Estados_ID_estado`, `Municipio`) VALUES ('0727', '15', 'Quitupan');
INSERT INTO `RIDESCOM`.`Municipio` (`ID_Municipio`, `Estados_ID_estado`, `Municipio`) VALUES ('0728', '15', 'El Salto');
INSERT INTO `RIDESCOM`.`Municipio` (`ID_Municipio`, `Estados_ID_estado`, `Municipio`) VALUES ('0729', '15', 'San Cristóbal de la Barranca');
INSERT INTO `RIDESCOM`.`Municipio` (`ID_Municipio`, `Estados_ID_estado`, `Municipio`) VALUES ('0730', '15', 'San Diego de Alejandría');
INSERT INTO `RIDESCOM`.`Municipio` (`ID_Municipio`, `Estados_ID_estado`, `Municipio`) VALUES ('0731', '15', 'San Juan de los Lagos');
INSERT INTO `RIDESCOM`.`Municipio` (`ID_Municipio`, `Estados_ID_estado`, `Municipio`) VALUES ('0732', '15', 'San Julián');
INSERT INTO `RIDESCOM`.`Municipio` (`ID_Municipio`, `Estados_ID_estado`, `Municipio`) VALUES ('0733', '15', 'San Marcos');
INSERT INTO `RIDESCOM`.`Municipio` (`ID_Municipio`, `Estados_ID_estado`, `Municipio`) VALUES ('0734', '15', 'San Martín de Bolaños');
INSERT INTO `RIDESCOM`.`Municipio` (`ID_Municipio`, `Estados_ID_estado`, `Municipio`) VALUES ('0735', '15', 'San Martín Hidalgo');
INSERT INTO `RIDESCOM`.`Municipio` (`ID_Municipio`, `Estados_ID_estado`, `Municipio`) VALUES ('0736', '15', 'San Miguel el Alto');
INSERT INTO `RIDESCOM`.`Municipio` (`ID_Municipio`, `Estados_ID_estado`, `Municipio`) VALUES ('0737', '15', 'Gómez Farías');
INSERT INTO `RIDESCOM`.`Municipio` (`ID_Municipio`, `Estados_ID_estado`, `Municipio`) VALUES ('0738', '15', 'San Sebastián del Oeste');
INSERT INTO `RIDESCOM`.`Municipio` (`ID_Municipio`, `Estados_ID_estado`, `Municipio`) VALUES ('0739', '15', 'Santa María de los Ángeles');
INSERT INTO `RIDESCOM`.`Municipio` (`ID_Municipio`, `Estados_ID_estado`, `Municipio`) VALUES ('0740', '15', 'Sayula');
INSERT INTO `RIDESCOM`.`Municipio` (`ID_Municipio`, `Estados_ID_estado`, `Municipio`) VALUES ('0741', '15', 'Tala');
INSERT INTO `RIDESCOM`.`Municipio` (`ID_Municipio`, `Estados_ID_estado`, `Municipio`) VALUES ('0742', '15', 'Talpa de Allende');
INSERT INTO `RIDESCOM`.`Municipio` (`ID_Municipio`, `Estados_ID_estado`, `Municipio`) VALUES ('0743', '15', 'Tamazula de Gordiano');
INSERT INTO `RIDESCOM`.`Municipio` (`ID_Municipio`, `Estados_ID_estado`, `Municipio`) VALUES ('0744', '15', 'Tapalpa');
INSERT INTO `RIDESCOM`.`Municipio` (`ID_Municipio`, `Estados_ID_estado`, `Municipio`) VALUES ('0745', '15', 'Tecalitlán');
INSERT INTO `RIDESCOM`.`Municipio` (`ID_Municipio`, `Estados_ID_estado`, `Municipio`) VALUES ('0746', '15', 'Tecolotlán');
INSERT INTO `RIDESCOM`.`Municipio` (`ID_Municipio`, `Estados_ID_estado`, `Municipio`) VALUES ('0747', '15', 'Techaluta de Montenegro');
INSERT INTO `RIDESCOM`.`Municipio` (`ID_Municipio`, `Estados_ID_estado`, `Municipio`) VALUES ('0748', '15', 'Tenamaxtlán');
INSERT INTO `RIDESCOM`.`Municipio` (`ID_Municipio`, `Estados_ID_estado`, `Municipio`) VALUES ('0749', '15', 'Teocaltiche');
INSERT INTO `RIDESCOM`.`Municipio` (`ID_Municipio`, `Estados_ID_estado`, `Municipio`) VALUES ('0750', '15', 'Teocuitatlán de Corona');
INSERT INTO `RIDESCOM`.`Municipio` (`ID_Municipio`, `Estados_ID_estado`, `Municipio`) VALUES ('0751', '15', 'Tepatitlán de Morelos');
INSERT INTO `RIDESCOM`.`Municipio` (`ID_Municipio`, `Estados_ID_estado`, `Municipio`) VALUES ('0752', '15', 'Tequila');
INSERT INTO `RIDESCOM`.`Municipio` (`ID_Municipio`, `Estados_ID_estado`, `Municipio`) VALUES ('0753', '15', 'Teuchitlán');
INSERT INTO `RIDESCOM`.`Municipio` (`ID_Municipio`, `Estados_ID_estado`, `Municipio`) VALUES ('0754', '15', 'Tizapán el Alto');
INSERT INTO `RIDESCOM`.`Municipio` (`ID_Municipio`, `Estados_ID_estado`, `Municipio`) VALUES ('0755', '15', 'Tlajomulco de Zúñiga');
INSERT INTO `RIDESCOM`.`Municipio` (`ID_Municipio`, `Estados_ID_estado`, `Municipio`) VALUES ('0756', '15', 'San Pedro Tlaquepaque');
INSERT INTO `RIDESCOM`.`Municipio` (`ID_Municipio`, `Estados_ID_estado`, `Municipio`) VALUES ('0757', '15', 'Tolimán');
INSERT INTO `RIDESCOM`.`Municipio` (`ID_Municipio`, `Estados_ID_estado`, `Municipio`) VALUES ('0758', '15', 'Tomatlán');
INSERT INTO `RIDESCOM`.`Municipio` (`ID_Municipio`, `Estados_ID_estado`, `Municipio`) VALUES ('0759', '15', 'Tonalá');
INSERT INTO `RIDESCOM`.`Municipio` (`ID_Municipio`, `Estados_ID_estado`, `Municipio`) VALUES ('0760', '15', 'Tonaya');
INSERT INTO `RIDESCOM`.`Municipio` (`ID_Municipio`, `Estados_ID_estado`, `Municipio`) VALUES ('0761', '15', 'Tonila');
INSERT INTO `RIDESCOM`.`Municipio` (`ID_Municipio`, `Estados_ID_estado`, `Municipio`) VALUES ('0762', '15', 'Totatiche');
INSERT INTO `RIDESCOM`.`Municipio` (`ID_Municipio`, `Estados_ID_estado`, `Municipio`) VALUES ('0763', '15', 'Tototlán');
INSERT INTO `RIDESCOM`.`Municipio` (`ID_Municipio`, `Estados_ID_estado`, `Municipio`) VALUES ('0764', '15', 'Tuxcacuesco');
INSERT INTO `RIDESCOM`.`Municipio` (`ID_Municipio`, `Estados_ID_estado`, `Municipio`) VALUES ('0765', '15', 'Tuxcueca');
INSERT INTO `RIDESCOM`.`Municipio` (`ID_Municipio`, `Estados_ID_estado`, `Municipio`) VALUES ('0766', '15', 'Tuxpan');
INSERT INTO `RIDESCOM`.`Municipio` (`ID_Municipio`, `Estados_ID_estado`, `Municipio`) VALUES ('0767', '15', 'Unión de San Antonio');
INSERT INTO `RIDESCOM`.`Municipio` (`ID_Municipio`, `Estados_ID_estado`, `Municipio`) VALUES ('0768', '15', 'Unión de Tula');
INSERT INTO `RIDESCOM`.`Municipio` (`ID_Municipio`, `Estados_ID_estado`, `Municipio`) VALUES ('0769', '15', 'Valle de Guadalupe');
INSERT INTO `RIDESCOM`.`Municipio` (`ID_Municipio`, `Estados_ID_estado`, `Municipio`) VALUES ('0770', '15', 'Valle de Juárez');
INSERT INTO `RIDESCOM`.`Municipio` (`ID_Municipio`, `Estados_ID_estado`, `Municipio`) VALUES ('0771', '15', 'San Gabriel');
INSERT INTO `RIDESCOM`.`Municipio` (`ID_Municipio`, `Estados_ID_estado`, `Municipio`) VALUES ('0772', '15', 'Villa Corona');
INSERT INTO `RIDESCOM`.`Municipio` (`ID_Municipio`, `Estados_ID_estado`, `Municipio`) VALUES ('0773', '15', 'Villa Guerrero');
INSERT INTO `RIDESCOM`.`Municipio` (`ID_Municipio`, `Estados_ID_estado`, `Municipio`) VALUES ('0774', '15', 'Villa Hidalgo');
INSERT INTO `RIDESCOM`.`Municipio` (`ID_Municipio`, `Estados_ID_estado`, `Municipio`) VALUES ('0775', '15', 'Cañadas de Obregón');
INSERT INTO `RIDESCOM`.`Municipio` (`ID_Municipio`, `Estados_ID_estado`, `Municipio`) VALUES ('0776', '15', 'Yahualica de González Gallo');
INSERT INTO `RIDESCOM`.`Municipio` (`ID_Municipio`, `Estados_ID_estado`, `Municipio`) VALUES ('0777', '15', 'Zacoalco de Torres');
INSERT INTO `RIDESCOM`.`Municipio` (`ID_Municipio`, `Estados_ID_estado`, `Municipio`) VALUES ('0778', '15', 'Zapopan');
INSERT INTO `RIDESCOM`.`Municipio` (`ID_Municipio`, `Estados_ID_estado`, `Municipio`) VALUES ('0779', '15', 'Zapotiltic');
INSERT INTO `RIDESCOM`.`Municipio` (`ID_Municipio`, `Estados_ID_estado`, `Municipio`) VALUES ('0780', '15', 'Zapotitlán de Vadillo');
INSERT INTO `RIDESCOM`.`Municipio` (`ID_Municipio`, `Estados_ID_estado`, `Municipio`) VALUES ('0781', '15', 'Zapotlán del Rey');
INSERT INTO `RIDESCOM`.`Municipio` (`ID_Municipio`, `Estados_ID_estado`, `Municipio`) VALUES ('0782', '15', 'Zapotlanejo');
INSERT INTO `RIDESCOM`.`Municipio` (`ID_Municipio`, `Estados_ID_estado`, `Municipio`) VALUES ('0783', '15', 'San Ignacio Cerro Gordo');
INSERT INTO `RIDESCOM`.`Municipio` (`ID_Municipio`, `Estados_ID_estado`, `Municipio`) VALUES ('0784', '16', 'Acuitzio');
INSERT INTO `RIDESCOM`.`Municipio` (`ID_Municipio`, `Estados_ID_estado`, `Municipio`) VALUES ('0785', '16', 'Aguililla');
INSERT INTO `RIDESCOM`.`Municipio` (`ID_Municipio`, `Estados_ID_estado`, `Municipio`) VALUES ('0786', '16', 'Álvaro Obregón');
INSERT INTO `RIDESCOM`.`Municipio` (`ID_Municipio`, `Estados_ID_estado`, `Municipio`) VALUES ('0787', '16', 'Angamacutiro');
INSERT INTO `RIDESCOM`.`Municipio` (`ID_Municipio`, `Estados_ID_estado`, `Municipio`) VALUES ('0788', '16', 'Angangueo');
INSERT INTO `RIDESCOM`.`Municipio` (`ID_Municipio`, `Estados_ID_estado`, `Municipio`) VALUES ('0789', '16', 'Apatzingán');
INSERT INTO `RIDESCOM`.`Municipio` (`ID_Municipio`, `Estados_ID_estado`, `Municipio`) VALUES ('0790', '16', 'Aporo');
INSERT INTO `RIDESCOM`.`Municipio` (`ID_Municipio`, `Estados_ID_estado`, `Municipio`) VALUES ('0791', '16', 'Aquila');
INSERT INTO `RIDESCOM`.`Municipio` (`ID_Municipio`, `Estados_ID_estado`, `Municipio`) VALUES ('0792', '16', 'Ario de Rosales');
INSERT INTO `RIDESCOM`.`Municipio` (`ID_Municipio`, `Estados_ID_estado`, `Municipio`) VALUES ('0793', '16', 'Arteaga Riseñas');
INSERT INTO `RIDESCOM`.`Municipio` (`ID_Municipio`, `Estados_ID_estado`, `Municipio`) VALUES ('0794', '16', 'Briseñas');
INSERT INTO `RIDESCOM`.`Municipio` (`ID_Municipio`, `Estados_ID_estado`, `Municipio`) VALUES ('0795', '16', 'Buenavista');
INSERT INTO `RIDESCOM`.`Municipio` (`ID_Municipio`, `Estados_ID_estado`, `Municipio`) VALUES ('0796', '16', 'Carácuaro');
INSERT INTO `RIDESCOM`.`Municipio` (`ID_Municipio`, `Estados_ID_estado`, `Municipio`) VALUES ('0797', '16', 'Charapan');
INSERT INTO `RIDESCOM`.`Municipio` (`ID_Municipio`, `Estados_ID_estado`, `Municipio`) VALUES ('0798', '16', 'Charo');
INSERT INTO `RIDESCOM`.`Municipio` (`ID_Municipio`, `Estados_ID_estado`, `Municipio`) VALUES ('0799', '16', 'Chavinda');
INSERT INTO `RIDESCOM`.`Municipio` (`ID_Municipio`, `Estados_ID_estado`, `Municipio`) VALUES ('0800', '16', 'Cherán');
INSERT INTO `RIDESCOM`.`Municipio` (`ID_Municipio`, `Estados_ID_estado`, `Municipio`) VALUES ('0801', '16', 'Chilchota');
INSERT INTO `RIDESCOM`.`Municipio` (`ID_Municipio`, `Estados_ID_estado`, `Municipio`) VALUES ('0802', '16', 'Chuinicuila');
INSERT INTO `RIDESCOM`.`Municipio` (`ID_Municipio`, `Estados_ID_estado`, `Municipio`) VALUES ('0803', '16', 'Chucándiro');
INSERT INTO `RIDESCOM`.`Municipio` (`ID_Municipio`, `Estados_ID_estado`, `Municipio`) VALUES ('0804', '16', 'Churintzio');
INSERT INTO `RIDESCOM`.`Municipio` (`ID_Municipio`, `Estados_ID_estado`, `Municipio`) VALUES ('0805', '16', 'Churumuco');
INSERT INTO `RIDESCOM`.`Municipio` (`ID_Municipio`, `Estados_ID_estado`, `Municipio`) VALUES ('0806', '16', 'Coahuayana');
INSERT INTO `RIDESCOM`.`Municipio` (`ID_Municipio`, `Estados_ID_estado`, `Municipio`) VALUES ('0807', '16', 'Coalcomán de Vázquez Pallares');
INSERT INTO `RIDESCOM`.`Municipio` (`ID_Municipio`, `Estados_ID_estado`, `Municipio`) VALUES ('0808', '16', 'Coeneo');
INSERT INTO `RIDESCOM`.`Municipio` (`ID_Municipio`, `Estados_ID_estado`, `Municipio`) VALUES ('0809', '16', 'Cojumatlán de Régules');
INSERT INTO `RIDESCOM`.`Municipio` (`ID_Municipio`, `Estados_ID_estado`, `Municipio`) VALUES ('0810', '16', 'Contepec');
INSERT INTO `RIDESCOM`.`Municipio` (`ID_Municipio`, `Estados_ID_estado`, `Municipio`) VALUES ('0811', '16', 'Copándaro');
INSERT INTO `RIDESCOM`.`Municipio` (`ID_Municipio`, `Estados_ID_estado`, `Municipio`) VALUES ('0812', '16', 'Cotija');
INSERT INTO `RIDESCOM`.`Municipio` (`ID_Municipio`, `Estados_ID_estado`, `Municipio`) VALUES ('0813', '16', 'Cuitzeo');
INSERT INTO `RIDESCOM`.`Municipio` (`ID_Municipio`, `Estados_ID_estado`, `Municipio`) VALUES ('0814', '16', 'Escuandureo');
INSERT INTO `RIDESCOM`.`Municipio` (`ID_Municipio`, `Estados_ID_estado`, `Municipio`) VALUES ('0815', '16', 'Epitacio Huerta');
INSERT INTO `RIDESCOM`.`Municipio` (`ID_Municipio`, `Estados_ID_estado`, `Municipio`) VALUES ('0816', '16', 'Erongarícuaro');
INSERT INTO `RIDESCOM`.`Municipio` (`ID_Municipio`, `Estados_ID_estado`, `Municipio`) VALUES ('0817', '16', 'Gabriel Zamora');
INSERT INTO `RIDESCOM`.`Municipio` (`ID_Municipio`, `Estados_ID_estado`, `Municipio`) VALUES ('0818', '16', 'Hidalgo');
INSERT INTO `RIDESCOM`.`Municipio` (`ID_Municipio`, `Estados_ID_estado`, `Municipio`) VALUES ('0819', '16', 'Huandacareo');
INSERT INTO `RIDESCOM`.`Municipio` (`ID_Municipio`, `Estados_ID_estado`, `Municipio`) VALUES ('0820', '16', 'Huaniqueo');
INSERT INTO `RIDESCOM`.`Municipio` (`ID_Municipio`, `Estados_ID_estado`, `Municipio`) VALUES ('0821', '16', 'Huetamo');
INSERT INTO `RIDESCOM`.`Municipio` (`ID_Municipio`, `Estados_ID_estado`, `Municipio`) VALUES ('0822', '16', 'Huiramba');
INSERT INTO `RIDESCOM`.`Municipio` (`ID_Municipio`, `Estados_ID_estado`, `Municipio`) VALUES ('0823', '16', 'Indaparapeo');
INSERT INTO `RIDESCOM`.`Municipio` (`ID_Municipio`, `Estados_ID_estado`, `Municipio`) VALUES ('0824', '16', 'Irimbo');
INSERT INTO `RIDESCOM`.`Municipio` (`ID_Municipio`, `Estados_ID_estado`, `Municipio`) VALUES ('0825', '16', 'Ixtlán');
INSERT INTO `RIDESCOM`.`Municipio` (`ID_Municipio`, `Estados_ID_estado`, `Municipio`) VALUES ('0826', '16', 'Jacona');
INSERT INTO `RIDESCOM`.`Municipio` (`ID_Municipio`, `Estados_ID_estado`, `Municipio`) VALUES ('0827', '16', 'Jiménez');
INSERT INTO `RIDESCOM`.`Municipio` (`ID_Municipio`, `Estados_ID_estado`, `Municipio`) VALUES ('0828', '16', 'Jiquilpan');
INSERT INTO `RIDESCOM`.`Municipio` (`ID_Municipio`, `Estados_ID_estado`, `Municipio`) VALUES ('0829', '16', 'José Sixto Verduzco');
INSERT INTO `RIDESCOM`.`Municipio` (`ID_Municipio`, `Estados_ID_estado`, `Municipio`) VALUES ('0830', '16', 'Juárez');
INSERT INTO `RIDESCOM`.`Municipio` (`ID_Municipio`, `Estados_ID_estado`, `Municipio`) VALUES ('0831', '16', 'Jungapeo');
INSERT INTO `RIDESCOM`.`Municipio` (`ID_Municipio`, `Estados_ID_estado`, `Municipio`) VALUES ('0832', '16', 'La Huacana');
INSERT INTO `RIDESCOM`.`Municipio` (`ID_Municipio`, `Estados_ID_estado`, `Municipio`) VALUES ('0833', '16', 'La Piedad');
INSERT INTO `RIDESCOM`.`Municipio` (`ID_Municipio`, `Estados_ID_estado`, `Municipio`) VALUES ('0834', '16', 'Lagunillas');
INSERT INTO `RIDESCOM`.`Municipio` (`ID_Municipio`, `Estados_ID_estado`, `Municipio`) VALUES ('0835', '16', 'Lázaro Cárdenas');
INSERT INTO `RIDESCOM`.`Municipio` (`ID_Municipio`, `Estados_ID_estado`, `Municipio`) VALUES ('0836', '16', 'Los Reyes');
INSERT INTO `RIDESCOM`.`Municipio` (`ID_Municipio`, `Estados_ID_estado`, `Municipio`) VALUES ('0837', '16', 'Madero');
INSERT INTO `RIDESCOM`.`Municipio` (`ID_Municipio`, `Estados_ID_estado`, `Municipio`) VALUES ('0838', '16', 'Maravatío');
INSERT INTO `RIDESCOM`.`Municipio` (`ID_Municipio`, `Estados_ID_estado`, `Municipio`) VALUES ('0839', '16', 'Marcos Castellanos');
INSERT INTO `RIDESCOM`.`Municipio` (`ID_Municipio`, `Estados_ID_estado`, `Municipio`) VALUES ('0840', '16', 'Morelia');
INSERT INTO `RIDESCOM`.`Municipio` (`ID_Municipio`, `Estados_ID_estado`, `Municipio`) VALUES ('0841', '16', 'Morelos');
INSERT INTO `RIDESCOM`.`Municipio` (`ID_Municipio`, `Estados_ID_estado`, `Municipio`) VALUES ('0842', '16', 'Múgica');
INSERT INTO `RIDESCOM`.`Municipio` (`ID_Municipio`, `Estados_ID_estado`, `Municipio`) VALUES ('0843', '16', 'Nahuatzen');
INSERT INTO `RIDESCOM`.`Municipio` (`ID_Municipio`, `Estados_ID_estado`, `Municipio`) VALUES ('0844', '16', 'Nocupétaro');
INSERT INTO `RIDESCOM`.`Municipio` (`ID_Municipio`, `Estados_ID_estado`, `Municipio`) VALUES ('0845', '16', 'Nuevo Parangaricutiro');
INSERT INTO `RIDESCOM`.`Municipio` (`ID_Municipio`, `Estados_ID_estado`, `Municipio`) VALUES ('0846', '16', 'Nuevo Urecho');
INSERT INTO `RIDESCOM`.`Municipio` (`ID_Municipio`, `Estados_ID_estado`, `Municipio`) VALUES ('0847', '16', 'Numarán');
INSERT INTO `RIDESCOM`.`Municipio` (`ID_Municipio`, `Estados_ID_estado`, `Municipio`) VALUES ('0848', '16', 'Ocampo');
INSERT INTO `RIDESCOM`.`Municipio` (`ID_Municipio`, `Estados_ID_estado`, `Municipio`) VALUES ('0849', '16', 'Pajacuarán');
INSERT INTO `RIDESCOM`.`Municipio` (`ID_Municipio`, `Estados_ID_estado`, `Municipio`) VALUES ('0850', '16', 'Panindícuaro');
INSERT INTO `RIDESCOM`.`Municipio` (`ID_Municipio`, `Estados_ID_estado`, `Municipio`) VALUES ('0851', '16', 'Paracho');
INSERT INTO `RIDESCOM`.`Municipio` (`ID_Municipio`, `Estados_ID_estado`, `Municipio`) VALUES ('0852', '16', 'Parácuaro');
INSERT INTO `RIDESCOM`.`Municipio` (`ID_Municipio`, `Estados_ID_estado`, `Municipio`) VALUES ('0853', '16', 'Pátzcuaro');
INSERT INTO `RIDESCOM`.`Municipio` (`ID_Municipio`, `Estados_ID_estado`, `Municipio`) VALUES ('0854', '16', 'Penjamillo');
INSERT INTO `RIDESCOM`.`Municipio` (`ID_Municipio`, `Estados_ID_estado`, `Municipio`) VALUES ('0855', '16', 'Peribán');
INSERT INTO `RIDESCOM`.`Municipio` (`ID_Municipio`, `Estados_ID_estado`, `Municipio`) VALUES ('0856', '16', 'Purépero');
INSERT INTO `RIDESCOM`.`Municipio` (`ID_Municipio`, `Estados_ID_estado`, `Municipio`) VALUES ('0857', '16', 'Puruándiro');
INSERT INTO `RIDESCOM`.`Municipio` (`ID_Municipio`, `Estados_ID_estado`, `Municipio`) VALUES ('0858', '16', 'Queréndaro');
INSERT INTO `RIDESCOM`.`Municipio` (`ID_Municipio`, `Estados_ID_estado`, `Municipio`) VALUES ('0859', '16', 'Quiroga');
INSERT INTO `RIDESCOM`.`Municipio` (`ID_Municipio`, `Estados_ID_estado`, `Municipio`) VALUES ('0860', '16', 'Sahuayo');
INSERT INTO `RIDESCOM`.`Municipio` (`ID_Municipio`, `Estados_ID_estado`, `Municipio`) VALUES ('0861', '16', 'Salvador Escalante');
INSERT INTO `RIDESCOM`.`Municipio` (`ID_Municipio`, `Estados_ID_estado`, `Municipio`) VALUES ('0862', '16', 'San Lucas');
INSERT INTO `RIDESCOM`.`Municipio` (`ID_Municipio`, `Estados_ID_estado`, `Municipio`) VALUES ('0863', '16', 'Santa Ana Maya');
INSERT INTO `RIDESCOM`.`Municipio` (`ID_Municipio`, `Estados_ID_estado`, `Municipio`) VALUES ('0864', '16', 'Senguio');
INSERT INTO `RIDESCOM`.`Municipio` (`ID_Municipio`, `Estados_ID_estado`, `Municipio`) VALUES ('0865', '16', 'Susupuato');
INSERT INTO `RIDESCOM`.`Municipio` (`ID_Municipio`, `Estados_ID_estado`, `Municipio`) VALUES ('0866', '16', 'Tancítaro');
INSERT INTO `RIDESCOM`.`Municipio` (`ID_Municipio`, `Estados_ID_estado`, `Municipio`) VALUES ('0867', '16', 'Tangamandapio');
INSERT INTO `RIDESCOM`.`Municipio` (`ID_Municipio`, `Estados_ID_estado`, `Municipio`) VALUES ('0868', '16', 'Tangancícuaro');
INSERT INTO `RIDESCOM`.`Municipio` (`ID_Municipio`, `Estados_ID_estado`, `Municipio`) VALUES ('0869', '16', 'Tanhuato');
INSERT INTO `RIDESCOM`.`Municipio` (`ID_Municipio`, `Estados_ID_estado`, `Municipio`) VALUES ('0870', '16', 'Taretan');
INSERT INTO `RIDESCOM`.`Municipio` (`ID_Municipio`, `Estados_ID_estado`, `Municipio`) VALUES ('0871', '16', 'Tarímbaro');
INSERT INTO `RIDESCOM`.`Municipio` (`ID_Municipio`, `Estados_ID_estado`, `Municipio`) VALUES ('0872', '16', 'Tepalcatepec');
INSERT INTO `RIDESCOM`.`Municipio` (`ID_Municipio`, `Estados_ID_estado`, `Municipio`) VALUES ('0873', '16', 'Tingüindín');
INSERT INTO `RIDESCOM`.`Municipio` (`ID_Municipio`, `Estados_ID_estado`, `Municipio`) VALUES ('0874', '16', 'Tingambato');
INSERT INTO `RIDESCOM`.`Municipio` (`ID_Municipio`, `Estados_ID_estado`, `Municipio`) VALUES ('0875', '16', 'Tiquicheo de Nicolás Romero');
INSERT INTO `RIDESCOM`.`Municipio` (`ID_Municipio`, `Estados_ID_estado`, `Municipio`) VALUES ('0876', '16', 'Tlalpujahua');
INSERT INTO `RIDESCOM`.`Municipio` (`ID_Municipio`, `Estados_ID_estado`, `Municipio`) VALUES ('0877', '16', 'Tlazazalca');
INSERT INTO `RIDESCOM`.`Municipio` (`ID_Municipio`, `Estados_ID_estado`, `Municipio`) VALUES ('0878', '16', 'Tocumbo');
INSERT INTO `RIDESCOM`.`Municipio` (`ID_Municipio`, `Estados_ID_estado`, `Municipio`) VALUES ('0879', '16', 'Tumbiscatío');
INSERT INTO `RIDESCOM`.`Municipio` (`ID_Municipio`, `Estados_ID_estado`, `Municipio`) VALUES ('0880', '16', 'Turicato');
INSERT INTO `RIDESCOM`.`Municipio` (`ID_Municipio`, `Estados_ID_estado`, `Municipio`) VALUES ('0881', '16', 'Tuxpan');
INSERT INTO `RIDESCOM`.`Municipio` (`ID_Municipio`, `Estados_ID_estado`, `Municipio`) VALUES ('0882', '16', 'Tuzantla');
INSERT INTO `RIDESCOM`.`Municipio` (`ID_Municipio`, `Estados_ID_estado`, `Municipio`) VALUES ('0883', '16', 'Tzintzuntzan');
INSERT INTO `RIDESCOM`.`Municipio` (`ID_Municipio`, `Estados_ID_estado`, `Municipio`) VALUES ('0884', '16', 'Tzitzio');
INSERT INTO `RIDESCOM`.`Municipio` (`ID_Municipio`, `Estados_ID_estado`, `Municipio`) VALUES ('0885', '16', 'Uruapan');
INSERT INTO `RIDESCOM`.`Municipio` (`ID_Municipio`, `Estados_ID_estado`, `Municipio`) VALUES ('0886', '16', 'Venustiano Carranza');
INSERT INTO `RIDESCOM`.`Municipio` (`ID_Municipio`, `Estados_ID_estado`, `Municipio`) VALUES ('0887', '16', 'Villamar');
INSERT INTO `RIDESCOM`.`Municipio` (`ID_Municipio`, `Estados_ID_estado`, `Municipio`) VALUES ('0888', '16', 'Vista Hermosa');
INSERT INTO `RIDESCOM`.`Municipio` (`ID_Municipio`, `Estados_ID_estado`, `Municipio`) VALUES ('0889', '16', 'Yurécuaro');
INSERT INTO `RIDESCOM`.`Municipio` (`ID_Municipio`, `Estados_ID_estado`, `Municipio`) VALUES ('0890', '16', 'Zacapu');
INSERT INTO `RIDESCOM`.`Municipio` (`ID_Municipio`, `Estados_ID_estado`, `Municipio`) VALUES ('0891', '16', 'Zamora');
INSERT INTO `RIDESCOM`.`Municipio` (`ID_Municipio`, `Estados_ID_estado`, `Municipio`) VALUES ('0892', '16', 'Zináparo');
INSERT INTO `RIDESCOM`.`Municipio` (`ID_Municipio`, `Estados_ID_estado`, `Municipio`) VALUES ('0893', '16', 'Zinapécuaro');
INSERT INTO `RIDESCOM`.`Municipio` (`ID_Municipio`, `Estados_ID_estado`, `Municipio`) VALUES ('0894', '16', 'Ziracuaretiro');
INSERT INTO `RIDESCOM`.`Municipio` (`ID_Municipio`, `Estados_ID_estado`, `Municipio`) VALUES ('0895', '16', 'Zitácuaro');
INSERT INTO `RIDESCOM`.`Municipio` (`ID_Municipio`, `Estados_ID_estado`, `Municipio`) VALUES ('0896', '17', 'Amacuzac');
INSERT INTO `RIDESCOM`.`Municipio` (`ID_Municipio`, `Estados_ID_estado`, `Municipio`) VALUES ('0897', '17', 'Atlatlahucan');
INSERT INTO `RIDESCOM`.`Municipio` (`ID_Municipio`, `Estados_ID_estado`, `Municipio`) VALUES ('0898', '17', 'Axochiapan');
INSERT INTO `RIDESCOM`.`Municipio` (`ID_Municipio`, `Estados_ID_estado`, `Municipio`) VALUES ('0899', '17', 'Ayala');
INSERT INTO `RIDESCOM`.`Municipio` (`ID_Municipio`, `Estados_ID_estado`, `Municipio`) VALUES ('0900', '17', 'Coatlán del Río');
INSERT INTO `RIDESCOM`.`Municipio` (`ID_Municipio`, `Estados_ID_estado`, `Municipio`) VALUES ('0901', '17', 'Cuautla');
INSERT INTO `RIDESCOM`.`Municipio` (`ID_Municipio`, `Estados_ID_estado`, `Municipio`) VALUES ('0902', '17', 'Cuernavaca');
INSERT INTO `RIDESCOM`.`Municipio` (`ID_Municipio`, `Estados_ID_estado`, `Municipio`) VALUES ('0903', '17', 'Emiliano Zapata');
INSERT INTO `RIDESCOM`.`Municipio` (`ID_Municipio`, `Estados_ID_estado`, `Municipio`) VALUES ('0904', '17', 'Huitzilac');
INSERT INTO `RIDESCOM`.`Municipio` (`ID_Municipio`, `Estados_ID_estado`, `Municipio`) VALUES ('0905', '17', 'Jantetelco');
INSERT INTO `RIDESCOM`.`Municipio` (`ID_Municipio`, `Estados_ID_estado`, `Municipio`) VALUES ('0906', '17', 'Jiutepec');
INSERT INTO `RIDESCOM`.`Municipio` (`ID_Municipio`, `Estados_ID_estado`, `Municipio`) VALUES ('0907', '17', 'Jojutla');
INSERT INTO `RIDESCOM`.`Municipio` (`ID_Municipio`, `Estados_ID_estado`, `Municipio`) VALUES ('0908', '17', 'Jonacatepec');
INSERT INTO `RIDESCOM`.`Municipio` (`ID_Municipio`, `Estados_ID_estado`, `Municipio`) VALUES ('0909', '17', 'Mazatepec');
INSERT INTO `RIDESCOM`.`Municipio` (`ID_Municipio`, `Estados_ID_estado`, `Municipio`) VALUES ('0910', '17', 'Miacatlán');
INSERT INTO `RIDESCOM`.`Municipio` (`ID_Municipio`, `Estados_ID_estado`, `Municipio`) VALUES ('0911', '17', 'Ocuituco');
INSERT INTO `RIDESCOM`.`Municipio` (`ID_Municipio`, `Estados_ID_estado`, `Municipio`) VALUES ('0912', '17', 'Puente de Ixtla');
INSERT INTO `RIDESCOM`.`Municipio` (`ID_Municipio`, `Estados_ID_estado`, `Municipio`) VALUES ('0913', '17', 'Temixco');
INSERT INTO `RIDESCOM`.`Municipio` (`ID_Municipio`, `Estados_ID_estado`, `Municipio`) VALUES ('0914', '17', 'Temoac');
INSERT INTO `RIDESCOM`.`Municipio` (`ID_Municipio`, `Estados_ID_estado`, `Municipio`) VALUES ('0915', '17', 'Tepalcingo');
INSERT INTO `RIDESCOM`.`Municipio` (`ID_Municipio`, `Estados_ID_estado`, `Municipio`) VALUES ('0916', '17', 'Tepoztlán');
INSERT INTO `RIDESCOM`.`Municipio` (`ID_Municipio`, `Estados_ID_estado`, `Municipio`) VALUES ('0917', '17', 'Tetecala');
INSERT INTO `RIDESCOM`.`Municipio` (`ID_Municipio`, `Estados_ID_estado`, `Municipio`) VALUES ('0918', '17', 'Tetela del Volcán');
INSERT INTO `RIDESCOM`.`Municipio` (`ID_Municipio`, `Estados_ID_estado`, `Municipio`) VALUES ('0919', '17', 'Tlalnepantla');
INSERT INTO `RIDESCOM`.`Municipio` (`ID_Municipio`, `Estados_ID_estado`, `Municipio`) VALUES ('0920', '17', 'Tlaltizapán de Zapata');
INSERT INTO `RIDESCOM`.`Municipio` (`ID_Municipio`, `Estados_ID_estado`, `Municipio`) VALUES ('0921', '17', 'Tlaquiltenango');
INSERT INTO `RIDESCOM`.`Municipio` (`ID_Municipio`, `Estados_ID_estado`, `Municipio`) VALUES ('0922', '17', 'Tlayacapan');
INSERT INTO `RIDESCOM`.`Municipio` (`ID_Municipio`, `Estados_ID_estado`, `Municipio`) VALUES ('0923', '17', 'Totolapan');
INSERT INTO `RIDESCOM`.`Municipio` (`ID_Municipio`, `Estados_ID_estado`, `Municipio`) VALUES ('0924', '17', 'Xochitepec');
INSERT INTO `RIDESCOM`.`Municipio` (`ID_Municipio`, `Estados_ID_estado`, `Municipio`) VALUES ('0925', '17', 'Yautepec de Zaragoza');
INSERT INTO `RIDESCOM`.`Municipio` (`ID_Municipio`, `Estados_ID_estado`, `Municipio`) VALUES ('0926', '17', 'Yecapixtla');
INSERT INTO `RIDESCOM`.`Municipio` (`ID_Municipio`, `Estados_ID_estado`, `Municipio`) VALUES ('0927', '17', 'Zacatepec de Hidalgo');
INSERT INTO `RIDESCOM`.`Municipio` (`ID_Municipio`, `Estados_ID_estado`, `Municipio`) VALUES ('0928', '17', 'Zacualpan de Amilpas');
INSERT INTO `RIDESCOM`.`Municipio` (`ID_Municipio`, `Estados_ID_estado`, `Municipio`) VALUES ('0929', '18', 'Acaponeta');
INSERT INTO `RIDESCOM`.`Municipio` (`ID_Municipio`, `Estados_ID_estado`, `Municipio`) VALUES ('0930', '18', 'Ahuacatlán');
INSERT INTO `RIDESCOM`.`Municipio` (`ID_Municipio`, `Estados_ID_estado`, `Municipio`) VALUES ('0931', '18', 'Amatlán de Cañas');
INSERT INTO `RIDESCOM`.`Municipio` (`ID_Municipio`, `Estados_ID_estado`, `Municipio`) VALUES ('0932', '18', 'Bahía de Banderas');
INSERT INTO `RIDESCOM`.`Municipio` (`ID_Municipio`, `Estados_ID_estado`, `Municipio`) VALUES ('0933', '18', 'Compostela');
INSERT INTO `RIDESCOM`.`Municipio` (`ID_Municipio`, `Estados_ID_estado`, `Municipio`) VALUES ('0934', '18', 'El Nayar');
INSERT INTO `RIDESCOM`.`Municipio` (`ID_Municipio`, `Estados_ID_estado`, `Municipio`) VALUES ('0935', '18', 'Huajicori');
INSERT INTO `RIDESCOM`.`Municipio` (`ID_Municipio`, `Estados_ID_estado`, `Municipio`) VALUES ('0936', '18', 'Ixtlán del Río');
INSERT INTO `RIDESCOM`.`Municipio` (`ID_Municipio`, `Estados_ID_estado`, `Municipio`) VALUES ('0937', '18', 'Jala');
INSERT INTO `RIDESCOM`.`Municipio` (`ID_Municipio`, `Estados_ID_estado`, `Municipio`) VALUES ('0938', '18', 'La Yesca');
INSERT INTO `RIDESCOM`.`Municipio` (`ID_Municipio`, `Estados_ID_estado`, `Municipio`) VALUES ('0939', '18', 'Rosamorada');
INSERT INTO `RIDESCOM`.`Municipio` (`ID_Municipio`, `Estados_ID_estado`, `Municipio`) VALUES ('0940', '18', 'Ruíz');
INSERT INTO `RIDESCOM`.`Municipio` (`ID_Municipio`, `Estados_ID_estado`, `Municipio`) VALUES ('0941', '18', 'San Blas');
INSERT INTO `RIDESCOM`.`Municipio` (`ID_Municipio`, `Estados_ID_estado`, `Municipio`) VALUES ('0942', '18', 'San Pedro Lagunillas');
INSERT INTO `RIDESCOM`.`Municipio` (`ID_Municipio`, `Estados_ID_estado`, `Municipio`) VALUES ('0943', '18', 'Santa María del Oro');
INSERT INTO `RIDESCOM`.`Municipio` (`ID_Municipio`, `Estados_ID_estado`, `Municipio`) VALUES ('0944', '18', 'Santiago Ixcuintla');
INSERT INTO `RIDESCOM`.`Municipio` (`ID_Municipio`, `Estados_ID_estado`, `Municipio`) VALUES ('0945', '18', 'Tecuala');
INSERT INTO `RIDESCOM`.`Municipio` (`ID_Municipio`, `Estados_ID_estado`, `Municipio`) VALUES ('0946', '18', 'Tepic');
INSERT INTO `RIDESCOM`.`Municipio` (`ID_Municipio`, `Estados_ID_estado`, `Municipio`) VALUES ('0947', '18', 'Tuxpan');
INSERT INTO `RIDESCOM`.`Municipio` (`ID_Municipio`, `Estados_ID_estado`, `Municipio`) VALUES ('0948', '18', 'Xalisco');
INSERT INTO `RIDESCOM`.`Municipio` (`ID_Municipio`, `Estados_ID_estado`, `Municipio`) VALUES ('0949', '19', 'Abasolo');
INSERT INTO `RIDESCOM`.`Municipio` (`ID_Municipio`, `Estados_ID_estado`, `Municipio`) VALUES ('0950', '19', 'Agualeguas');
INSERT INTO `RIDESCOM`.`Municipio` (`ID_Municipio`, `Estados_ID_estado`, `Municipio`) VALUES ('0951', '19', 'Allende');
INSERT INTO `RIDESCOM`.`Municipio` (`ID_Municipio`, `Estados_ID_estado`, `Municipio`) VALUES ('0952', '19', 'Anáhuac');
INSERT INTO `RIDESCOM`.`Municipio` (`ID_Municipio`, `Estados_ID_estado`, `Municipio`) VALUES ('0953', '19', 'Apodaca');
INSERT INTO `RIDESCOM`.`Municipio` (`ID_Municipio`, `Estados_ID_estado`, `Municipio`) VALUES ('0954', '19', 'Aramberri');
INSERT INTO `RIDESCOM`.`Municipio` (`ID_Municipio`, `Estados_ID_estado`, `Municipio`) VALUES ('0955', '19', 'Bustamante');
INSERT INTO `RIDESCOM`.`Municipio` (`ID_Municipio`, `Estados_ID_estado`, `Municipio`) VALUES ('0956', '19', 'Cadereyta Jiménez');
INSERT INTO `RIDESCOM`.`Municipio` (`ID_Municipio`, `Estados_ID_estado`, `Municipio`) VALUES ('0957', '19', 'Cerralvo');
INSERT INTO `RIDESCOM`.`Municipio` (`ID_Municipio`, `Estados_ID_estado`, `Municipio`) VALUES ('0958', '19', 'China');
INSERT INTO `RIDESCOM`.`Municipio` (`ID_Municipio`, `Estados_ID_estado`, `Municipio`) VALUES ('0959', '19', 'Ciénega de Flores');
INSERT INTO `RIDESCOM`.`Municipio` (`ID_Municipio`, `Estados_ID_estado`, `Municipio`) VALUES ('0960', '19', 'Doctor Arroyo');
INSERT INTO `RIDESCOM`.`Municipio` (`ID_Municipio`, `Estados_ID_estado`, `Municipio`) VALUES ('0961', '19', 'Doctor Coss');
INSERT INTO `RIDESCOM`.`Municipio` (`ID_Municipio`, `Estados_ID_estado`, `Municipio`) VALUES ('0962', '19', 'Doctor González');
INSERT INTO `RIDESCOM`.`Municipio` (`ID_Municipio`, `Estados_ID_estado`, `Municipio`) VALUES ('0963', '19', 'El Carmen');
INSERT INTO `RIDESCOM`.`Municipio` (`ID_Municipio`, `Estados_ID_estado`, `Municipio`) VALUES ('0964', '19', 'Galeana');
INSERT INTO `RIDESCOM`.`Municipio` (`ID_Municipio`, `Estados_ID_estado`, `Municipio`) VALUES ('0965', '19', 'García');
INSERT INTO `RIDESCOM`.`Municipio` (`ID_Municipio`, `Estados_ID_estado`, `Municipio`) VALUES ('0966', '19', 'General Bravo');
INSERT INTO `RIDESCOM`.`Municipio` (`ID_Municipio`, `Estados_ID_estado`, `Municipio`) VALUES ('0967', '19', 'General Escobedo');
INSERT INTO `RIDESCOM`.`Municipio` (`ID_Municipio`, `Estados_ID_estado`, `Municipio`) VALUES ('0968', '19', 'General Terán');
INSERT INTO `RIDESCOM`.`Municipio` (`ID_Municipio`, `Estados_ID_estado`, `Municipio`) VALUES ('0969', '19', 'General Treviño');
INSERT INTO `RIDESCOM`.`Municipio` (`ID_Municipio`, `Estados_ID_estado`, `Municipio`) VALUES ('0970', '19', 'General Zaragoza');
INSERT INTO `RIDESCOM`.`Municipio` (`ID_Municipio`, `Estados_ID_estado`, `Municipio`) VALUES ('0971', '19', 'General Zuazua');
INSERT INTO `RIDESCOM`.`Municipio` (`ID_Municipio`, `Estados_ID_estado`, `Municipio`) VALUES ('0972', '19', 'Guadalupe');
INSERT INTO `RIDESCOM`.`Municipio` (`ID_Municipio`, `Estados_ID_estado`, `Municipio`) VALUES ('0973', '19', 'Hidalgo');
INSERT INTO `RIDESCOM`.`Municipio` (`ID_Municipio`, `Estados_ID_estado`, `Municipio`) VALUES ('0974', '19', 'Higueras');
INSERT INTO `RIDESCOM`.`Municipio` (`ID_Municipio`, `Estados_ID_estado`, `Municipio`) VALUES ('0975', '19', 'Hualahuises');
INSERT INTO `RIDESCOM`.`Municipio` (`ID_Municipio`, `Estados_ID_estado`, `Municipio`) VALUES ('0976', '19', 'Iturbide');
INSERT INTO `RIDESCOM`.`Municipio` (`ID_Municipio`, `Estados_ID_estado`, `Municipio`) VALUES ('0977', '19', 'Juárez');
INSERT INTO `RIDESCOM`.`Municipio` (`ID_Municipio`, `Estados_ID_estado`, `Municipio`) VALUES ('0978', '19', 'Lampazos de Naranjo');
INSERT INTO `RIDESCOM`.`Municipio` (`ID_Municipio`, `Estados_ID_estado`, `Municipio`) VALUES ('0979', '19', 'Linares');
INSERT INTO `RIDESCOM`.`Municipio` (`ID_Municipio`, `Estados_ID_estado`, `Municipio`) VALUES ('0980', '19', 'Los Aldamas');
INSERT INTO `RIDESCOM`.`Municipio` (`ID_Municipio`, `Estados_ID_estado`, `Municipio`) VALUES ('0981', '19', 'Los Herreras');
INSERT INTO `RIDESCOM`.`Municipio` (`ID_Municipio`, `Estados_ID_estado`, `Municipio`) VALUES ('0982', '19', 'Los Ramones');
INSERT INTO `RIDESCOM`.`Municipio` (`ID_Municipio`, `Estados_ID_estado`, `Municipio`) VALUES ('0983', '19', 'Marín');
INSERT INTO `RIDESCOM`.`Municipio` (`ID_Municipio`, `Estados_ID_estado`, `Municipio`) VALUES ('0984', '19', 'Melchor Ocampo');
INSERT INTO `RIDESCOM`.`Municipio` (`ID_Municipio`, `Estados_ID_estado`, `Municipio`) VALUES ('0985', '19', 'Mier y Noriega');
INSERT INTO `RIDESCOM`.`Municipio` (`ID_Municipio`, `Estados_ID_estado`, `Municipio`) VALUES ('0986', '19', 'Mina');
INSERT INTO `RIDESCOM`.`Municipio` (`ID_Municipio`, `Estados_ID_estado`, `Municipio`) VALUES ('0987', '19', 'Montemorelos');
INSERT INTO `RIDESCOM`.`Municipio` (`ID_Municipio`, `Estados_ID_estado`, `Municipio`) VALUES ('0988', '19', 'Monterrey');
INSERT INTO `RIDESCOM`.`Municipio` (`ID_Municipio`, `Estados_ID_estado`, `Municipio`) VALUES ('0989', '19', 'Parás');
INSERT INTO `RIDESCOM`.`Municipio` (`ID_Municipio`, `Estados_ID_estado`, `Municipio`) VALUES ('0990', '19', 'Pesquería');
INSERT INTO `RIDESCOM`.`Municipio` (`ID_Municipio`, `Estados_ID_estado`, `Municipio`) VALUES ('0991', '19', 'Rayones');
INSERT INTO `RIDESCOM`.`Municipio` (`ID_Municipio`, `Estados_ID_estado`, `Municipio`) VALUES ('0992', '19', 'Sabinas Hidalgo');
INSERT INTO `RIDESCOM`.`Municipio` (`ID_Municipio`, `Estados_ID_estado`, `Municipio`) VALUES ('0993', '19', 'Salinas Victoria');
INSERT INTO `RIDESCOM`.`Municipio` (`ID_Municipio`, `Estados_ID_estado`, `Municipio`) VALUES ('0994', '19', 'San Nicolás de los Garza');
INSERT INTO `RIDESCOM`.`Municipio` (`ID_Municipio`, `Estados_ID_estado`, `Municipio`) VALUES ('0995', '19', 'San Pedro Garza García');
INSERT INTO `RIDESCOM`.`Municipio` (`ID_Municipio`, `Estados_ID_estado`, `Municipio`) VALUES ('0996', '19', 'Santa Catarina');
INSERT INTO `RIDESCOM`.`Municipio` (`ID_Municipio`, `Estados_ID_estado`, `Municipio`) VALUES ('0997', '19', 'Santiago');
INSERT INTO `RIDESCOM`.`Municipio` (`ID_Municipio`, `Estados_ID_estado`, `Municipio`) VALUES ('0998', '19', 'Vallecillo');
INSERT INTO `RIDESCOM`.`Municipio` (`ID_Municipio`, `Estados_ID_estado`, `Municipio`) VALUES ('0999', '19', 'Villaldama');
INSERT INTO `RIDESCOM`.`Municipio` (`ID_Municipio`, `Estados_ID_estado`, `Municipio`) VALUES ('1000', '20', 'Abejones');
INSERT INTO `RIDESCOM`.`Municipio` (`ID_Municipio`, `Estados_ID_estado`, `Municipio`) VALUES ('1001', '20', 'Acatlán de Pérez Figueroa');
INSERT INTO `RIDESCOM`.`Municipio` (`ID_Municipio`, `Estados_ID_estado`, `Municipio`) VALUES ('1002', '20', 'Ánimas Trujano');
INSERT INTO `RIDESCOM`.`Municipio` (`ID_Municipio`, `Estados_ID_estado`, `Municipio`) VALUES ('1003', '20', 'Asunción Cacalotepec');
INSERT INTO `RIDESCOM`.`Municipio` (`ID_Municipio`, `Estados_ID_estado`, `Municipio`) VALUES ('1004', '20', 'Asunción Cuyotepeji');
INSERT INTO `RIDESCOM`.`Municipio` (`ID_Municipio`, `Estados_ID_estado`, `Municipio`) VALUES ('1005', '20', 'Asunción Ixtaltepec');
INSERT INTO `RIDESCOM`.`Municipio` (`ID_Municipio`, `Estados_ID_estado`, `Municipio`) VALUES ('1006', '20', 'Asunción Nochixtlán');
INSERT INTO `RIDESCOM`.`Municipio` (`ID_Municipio`, `Estados_ID_estado`, `Municipio`) VALUES ('1007', '20', 'Asunción Ocotlán');
INSERT INTO `RIDESCOM`.`Municipio` (`ID_Municipio`, `Estados_ID_estado`, `Municipio`) VALUES ('1008', '20', 'Asunción Tlacolulita');
INSERT INTO `RIDESCOM`.`Municipio` (`ID_Municipio`, `Estados_ID_estado`, `Municipio`) VALUES ('1009', '20', 'Ayoquezco de Aldama');
INSERT INTO `RIDESCOM`.`Municipio` (`ID_Municipio`, `Estados_ID_estado`, `Municipio`) VALUES ('1010', '20', 'Ayotzintepec');
INSERT INTO `RIDESCOM`.`Municipio` (`ID_Municipio`, `Estados_ID_estado`, `Municipio`) VALUES ('1011', '20', 'Calihualá');
INSERT INTO `RIDESCOM`.`Municipio` (`ID_Municipio`, `Estados_ID_estado`, `Municipio`) VALUES ('1012', '20', 'Candelaria Loxicha');
INSERT INTO `RIDESCOM`.`Municipio` (`ID_Municipio`, `Estados_ID_estado`, `Municipio`) VALUES ('1013', '20', 'Capulalpam de Méndez');
INSERT INTO `RIDESCOM`.`Municipio` (`ID_Municipio`, `Estados_ID_estado`, `Municipio`) VALUES ('1014', '20', 'Chahuites');
INSERT INTO `RIDESCOM`.`Municipio` (`ID_Municipio`, `Estados_ID_estado`, `Municipio`) VALUES ('1015', '20', 'Chalcatongo de Hidalgo');
INSERT INTO `RIDESCOM`.`Municipio` (`ID_Municipio`, `Estados_ID_estado`, `Municipio`) VALUES ('1016', '20', 'Chiquihuitlán de Benito Juárez');
INSERT INTO `RIDESCOM`.`Municipio` (`ID_Municipio`, `Estados_ID_estado`, `Municipio`) VALUES ('1017', '20', 'Ciénega de Zimatlán');
INSERT INTO `RIDESCOM`.`Municipio` (`ID_Municipio`, `Estados_ID_estado`, `Municipio`) VALUES ('1018', '20', 'Ciudad Ixtepec');
INSERT INTO `RIDESCOM`.`Municipio` (`ID_Municipio`, `Estados_ID_estado`, `Municipio`) VALUES ('1019', '20', 'Coatecas Altas');
INSERT INTO `RIDESCOM`.`Municipio` (`ID_Municipio`, `Estados_ID_estado`, `Municipio`) VALUES ('1020', '20', 'Coicoyán de las Flores');
INSERT INTO `RIDESCOM`.`Municipio` (`ID_Municipio`, `Estados_ID_estado`, `Municipio`) VALUES ('1021', '20', 'Concepción Buenavista');
INSERT INTO `RIDESCOM`.`Municipio` (`ID_Municipio`, `Estados_ID_estado`, `Municipio`) VALUES ('1022', '20', 'Concepción Pápalo');
INSERT INTO `RIDESCOM`.`Municipio` (`ID_Municipio`, `Estados_ID_estado`, `Municipio`) VALUES ('1023', '20', 'Constancia del Rosario');
INSERT INTO `RIDESCOM`.`Municipio` (`ID_Municipio`, `Estados_ID_estado`, `Municipio`) VALUES ('1024', '20', 'Cosolapa');
INSERT INTO `RIDESCOM`.`Municipio` (`ID_Municipio`, `Estados_ID_estado`, `Municipio`) VALUES ('1025', '20', 'Cosoltepec');
INSERT INTO `RIDESCOM`.`Municipio` (`ID_Municipio`, `Estados_ID_estado`, `Municipio`) VALUES ('1026', '20', 'Cuilapam de Guerrero');
INSERT INTO `RIDESCOM`.`Municipio` (`ID_Municipio`, `Estados_ID_estado`, `Municipio`) VALUES ('1027', '20', 'Cuyamecalco Villa de Zaragoza');
INSERT INTO `RIDESCOM`.`Municipio` (`ID_Municipio`, `Estados_ID_estado`, `Municipio`) VALUES ('1028', '20', 'El Barrio de la Soledad');
INSERT INTO `RIDESCOM`.`Municipio` (`ID_Municipio`, `Estados_ID_estado`, `Municipio`) VALUES ('1029', '20', 'El Espinal');
INSERT INTO `RIDESCOM`.`Municipio` (`ID_Municipio`, `Estados_ID_estado`, `Municipio`) VALUES ('1030', '20', 'Eloxochitlán de Flores Magón');
INSERT INTO `RIDESCOM`.`Municipio` (`ID_Municipio`, `Estados_ID_estado`, `Municipio`) VALUES ('1031', '20', 'Fresnillo de Trujano');
INSERT INTO `RIDESCOM`.`Municipio` (`ID_Municipio`, `Estados_ID_estado`, `Municipio`) VALUES ('1032', '20', 'Guadalupe de Ramírez');
INSERT INTO `RIDESCOM`.`Municipio` (`ID_Municipio`, `Estados_ID_estado`, `Municipio`) VALUES ('1033', '20', 'Guadalupe Etla');
INSERT INTO `RIDESCOM`.`Municipio` (`ID_Municipio`, `Estados_ID_estado`, `Municipio`) VALUES ('1034', '20', 'Guelatao de Juárez');
INSERT INTO `RIDESCOM`.`Municipio` (`ID_Municipio`, `Estados_ID_estado`, `Municipio`) VALUES ('1035', '20', 'Guevea de Humboldt');
INSERT INTO `RIDESCOM`.`Municipio` (`ID_Municipio`, `Estados_ID_estado`, `Municipio`) VALUES ('1036', '20', 'Heróica Ciudad de Ejutla de Crespo');
INSERT INTO `RIDESCOM`.`Municipio` (`ID_Municipio`, `Estados_ID_estado`, `Municipio`) VALUES ('1037', '20', 'Heróica Ciudad de Huajuapan de León');
INSERT INTO `RIDESCOM`.`Municipio` (`ID_Municipio`, `Estados_ID_estado`, `Municipio`) VALUES ('1038', '20', 'Heróica Ciudad de Tlaxiaco');
INSERT INTO `RIDESCOM`.`Municipio` (`ID_Municipio`, `Estados_ID_estado`, `Municipio`) VALUES ('1039', '20', 'Huautepec');
INSERT INTO `RIDESCOM`.`Municipio` (`ID_Municipio`, `Estados_ID_estado`, `Municipio`) VALUES ('1040', '20', 'Huautla de Jiménez');
INSERT INTO `RIDESCOM`.`Municipio` (`ID_Municipio`, `Estados_ID_estado`, `Municipio`) VALUES ('1041', '20', 'Ixpantepec Nieves');
INSERT INTO `RIDESCOM`.`Municipio` (`ID_Municipio`, `Estados_ID_estado`, `Municipio`) VALUES ('1042', '20', 'Ixtlán de Juárez');
INSERT INTO `RIDESCOM`.`Municipio` (`ID_Municipio`, `Estados_ID_estado`, `Municipio`) VALUES ('1043', '20', 'Juchitán de Zaragoza');
INSERT INTO `RIDESCOM`.`Municipio` (`ID_Municipio`, `Estados_ID_estado`, `Municipio`) VALUES ('1044', '20', 'La Compañía');
INSERT INTO `RIDESCOM`.`Municipio` (`ID_Municipio`, `Estados_ID_estado`, `Municipio`) VALUES ('1045', '20', 'La Pe');
INSERT INTO `RIDESCOM`.`Municipio` (`ID_Municipio`, `Estados_ID_estado`, `Municipio`) VALUES ('1046', '20', 'La Reforma');
INSERT INTO `RIDESCOM`.`Municipio` (`ID_Municipio`, `Estados_ID_estado`, `Municipio`) VALUES ('1047', '20', 'La Trinidad Vista Hermosa');
INSERT INTO `RIDESCOM`.`Municipio` (`ID_Municipio`, `Estados_ID_estado`, `Municipio`) VALUES ('1048', '20', 'Loma Bonita');
INSERT INTO `RIDESCOM`.`Municipio` (`ID_Municipio`, `Estados_ID_estado`, `Municipio`) VALUES ('1049', '20', 'Magdalena Apasco');
INSERT INTO `RIDESCOM`.`Municipio` (`ID_Municipio`, `Estados_ID_estado`, `Municipio`) VALUES ('1050', '20', 'Magdalena Jaltepec');
INSERT INTO `RIDESCOM`.`Municipio` (`ID_Municipio`, `Estados_ID_estado`, `Municipio`) VALUES ('1051', '20', 'Magdalena Mixtepec');
INSERT INTO `RIDESCOM`.`Municipio` (`ID_Municipio`, `Estados_ID_estado`, `Municipio`) VALUES ('1052', '20', 'Magdalena Ocotlán');
INSERT INTO `RIDESCOM`.`Municipio` (`ID_Municipio`, `Estados_ID_estado`, `Municipio`) VALUES ('1053', '20', 'Magdalena Peñasco');
INSERT INTO `RIDESCOM`.`Municipio` (`ID_Municipio`, `Estados_ID_estado`, `Municipio`) VALUES ('1054', '20', 'Magdalena Teitipac');
INSERT INTO `RIDESCOM`.`Municipio` (`ID_Municipio`, `Estados_ID_estado`, `Municipio`) VALUES ('1055', '20', 'Magdalena Tequisistlán');
INSERT INTO `RIDESCOM`.`Municipio` (`ID_Municipio`, `Estados_ID_estado`, `Municipio`) VALUES ('1056', '20', 'Magdalena Tlacotepec');
INSERT INTO `RIDESCOM`.`Municipio` (`ID_Municipio`, `Estados_ID_estado`, `Municipio`) VALUES ('1057', '20', 'Magdalena Yodocono de Porfirio Díaz');
INSERT INTO `RIDESCOM`.`Municipio` (`ID_Municipio`, `Estados_ID_estado`, `Municipio`) VALUES ('1058', '20', 'Magdalena Zahuatlán');
INSERT INTO `RIDESCOM`.`Municipio` (`ID_Municipio`, `Estados_ID_estado`, `Municipio`) VALUES ('1059', '20', 'Mariscala de Juárez');
INSERT INTO `RIDESCOM`.`Municipio` (`ID_Municipio`, `Estados_ID_estado`, `Municipio`) VALUES ('1060', '20', 'Mártires de Tacubaya');
INSERT INTO `RIDESCOM`.`Municipio` (`ID_Municipio`, `Estados_ID_estado`, `Municipio`) VALUES ('1061', '20', 'Matías Romero Avendaño');
INSERT INTO `RIDESCOM`.`Municipio` (`ID_Municipio`, `Estados_ID_estado`, `Municipio`) VALUES ('1062', '20', 'Mazatlán Villa de Flores');
INSERT INTO `RIDESCOM`.`Municipio` (`ID_Municipio`, `Estados_ID_estado`, `Municipio`) VALUES ('1063', '20', 'Mesones Hidalgo');
INSERT INTO `RIDESCOM`.`Municipio` (`ID_Municipio`, `Estados_ID_estado`, `Municipio`) VALUES ('1064', '20', 'Miahuatlán de Porfirio Díaz');
INSERT INTO `RIDESCOM`.`Municipio` (`ID_Municipio`, `Estados_ID_estado`, `Municipio`) VALUES ('1065', '20', 'Mixistlán de la Reforma');
INSERT INTO `RIDESCOM`.`Municipio` (`ID_Municipio`, `Estados_ID_estado`, `Municipio`) VALUES ('1066', '20', 'Monjas');
INSERT INTO `RIDESCOM`.`Municipio` (`ID_Municipio`, `Estados_ID_estado`, `Municipio`) VALUES ('1067', '20', 'Natividad');
INSERT INTO `RIDESCOM`.`Municipio` (`ID_Municipio`, `Estados_ID_estado`, `Municipio`) VALUES ('1068', '20', 'Nazareno Etla');
INSERT INTO `RIDESCOM`.`Municipio` (`ID_Municipio`, `Estados_ID_estado`, `Municipio`) VALUES ('1069', '20', 'Nejapa de Madero');
INSERT INTO `RIDESCOM`.`Municipio` (`ID_Municipio`, `Estados_ID_estado`, `Municipio`) VALUES ('1070', '20', 'Nuevo Zoquiapam');
INSERT INTO `RIDESCOM`.`Municipio` (`ID_Municipio`, `Estados_ID_estado`, `Municipio`) VALUES ('1071', '20', 'Oaxaca de Juárez');
INSERT INTO `RIDESCOM`.`Municipio` (`ID_Municipio`, `Estados_ID_estado`, `Municipio`) VALUES ('1072', '20', 'Ocotlán de Morelos');
INSERT INTO `RIDESCOM`.`Municipio` (`ID_Municipio`, `Estados_ID_estado`, `Municipio`) VALUES ('1073', '20', 'Pinotepa de Don Luis');
INSERT INTO `RIDESCOM`.`Municipio` (`ID_Municipio`, `Estados_ID_estado`, `Municipio`) VALUES ('1074', '20', 'Pluma Hidalgo');
INSERT INTO `RIDESCOM`.`Municipio` (`ID_Municipio`, `Estados_ID_estado`, `Municipio`) VALUES ('1075', '20', 'Putla Villa de Guerrero');
INSERT INTO `RIDESCOM`.`Municipio` (`ID_Municipio`, `Estados_ID_estado`, `Municipio`) VALUES ('1076', '20', 'Reforma de Pineda');
INSERT INTO `RIDESCOM`.`Municipio` (`ID_Municipio`, `Estados_ID_estado`, `Municipio`) VALUES ('1077', '20', 'Reyes Etla');
INSERT INTO `RIDESCOM`.`Municipio` (`ID_Municipio`, `Estados_ID_estado`, `Municipio`) VALUES ('1078', '20', 'Rojas de Cuauhtémoc');
INSERT INTO `RIDESCOM`.`Municipio` (`ID_Municipio`, `Estados_ID_estado`, `Municipio`) VALUES ('1079', '20', 'Salina Cruz');
INSERT INTO `RIDESCOM`.`Municipio` (`ID_Municipio`, `Estados_ID_estado`, `Municipio`) VALUES ('1080', '20', 'San Agustín Amatengo');
INSERT INTO `RIDESCOM`.`Municipio` (`ID_Municipio`, `Estados_ID_estado`, `Municipio`) VALUES ('1081', '20', 'San Agustín Atenango');
INSERT INTO `RIDESCOM`.`Municipio` (`ID_Municipio`, `Estados_ID_estado`, `Municipio`) VALUES ('1082', '20', 'San Agustín Chayuco');
INSERT INTO `RIDESCOM`.`Municipio` (`ID_Municipio`, `Estados_ID_estado`, `Municipio`) VALUES ('1083', '20', 'San Agustín de las Juntas');
INSERT INTO `RIDESCOM`.`Municipio` (`ID_Municipio`, `Estados_ID_estado`, `Municipio`) VALUES ('1084', '20', 'San Agustín Etla');
INSERT INTO `RIDESCOM`.`Municipio` (`ID_Municipio`, `Estados_ID_estado`, `Municipio`) VALUES ('1085', '20', 'San Agustín Loxicha');
INSERT INTO `RIDESCOM`.`Municipio` (`ID_Municipio`, `Estados_ID_estado`, `Municipio`) VALUES ('1086', '20', 'San Agustín Tlacotepec');
INSERT INTO `RIDESCOM`.`Municipio` (`ID_Municipio`, `Estados_ID_estado`, `Municipio`) VALUES ('1087', '20', 'San Agustín Yatareni');
INSERT INTO `RIDESCOM`.`Municipio` (`ID_Municipio`, `Estados_ID_estado`, `Municipio`) VALUES ('1088', '20', 'San Andrés Cabecera Nueva');
INSERT INTO `RIDESCOM`.`Municipio` (`ID_Municipio`, `Estados_ID_estado`, `Municipio`) VALUES ('1089', '20', 'San Andrés Dinicuiti');
INSERT INTO `RIDESCOM`.`Municipio` (`ID_Municipio`, `Estados_ID_estado`, `Municipio`) VALUES ('1090', '20', 'San Andrés Huaxpaltepec');
INSERT INTO `RIDESCOM`.`Municipio` (`ID_Municipio`, `Estados_ID_estado`, `Municipio`) VALUES ('1091', '20', 'San Andrés Huayapam');
INSERT INTO `RIDESCOM`.`Municipio` (`ID_Municipio`, `Estados_ID_estado`, `Municipio`) VALUES ('1092', '20', 'San Andrés Ixtlahuaca');
INSERT INTO `RIDESCOM`.`Municipio` (`ID_Municipio`, `Estados_ID_estado`, `Municipio`) VALUES ('1093', '20', 'San Andrés Lagunas');
INSERT INTO `RIDESCOM`.`Municipio` (`ID_Municipio`, `Estados_ID_estado`, `Municipio`) VALUES ('1094', '20', 'San Andrés Nuxiño');
INSERT INTO `RIDESCOM`.`Municipio` (`ID_Municipio`, `Estados_ID_estado`, `Municipio`) VALUES ('1095', '20', 'San Andrés Paxtlán');
INSERT INTO `RIDESCOM`.`Municipio` (`ID_Municipio`, `Estados_ID_estado`, `Municipio`) VALUES ('1096', '20', 'San Andrés Sinaxtla');
INSERT INTO `RIDESCOM`.`Municipio` (`ID_Municipio`, `Estados_ID_estado`, `Municipio`) VALUES ('1097', '20', 'San Andrés Solaga');
INSERT INTO `RIDESCOM`.`Municipio` (`ID_Municipio`, `Estados_ID_estado`, `Municipio`) VALUES ('1098', '20', 'San Andrés Teotilalpam');
INSERT INTO `RIDESCOM`.`Municipio` (`ID_Municipio`, `Estados_ID_estado`, `Municipio`) VALUES ('1099', '20', 'San Andrés Tepetlapa');
INSERT INTO `RIDESCOM`.`Municipio` (`ID_Municipio`, `Estados_ID_estado`, `Municipio`) VALUES ('1100', '20', 'San Andrés Yaa');
INSERT INTO `RIDESCOM`.`Municipio` (`ID_Municipio`, `Estados_ID_estado`, `Municipio`) VALUES ('1101', '20', 'San Andrés Zabache');
INSERT INTO `RIDESCOM`.`Municipio` (`ID_Municipio`, `Estados_ID_estado`, `Municipio`) VALUES ('1102', '20', 'San Andrés Zautla');
INSERT INTO `RIDESCOM`.`Municipio` (`ID_Municipio`, `Estados_ID_estado`, `Municipio`) VALUES ('1103', '20', 'San Antonino Castillo Velasco');
INSERT INTO `RIDESCOM`.`Municipio` (`ID_Municipio`, `Estados_ID_estado`, `Municipio`) VALUES ('1104', '20', 'San Antonino el Alto');
INSERT INTO `RIDESCOM`.`Municipio` (`ID_Municipio`, `Estados_ID_estado`, `Municipio`) VALUES ('1105', '20', 'San Antonino Monteverde');
INSERT INTO `RIDESCOM`.`Municipio` (`ID_Municipio`, `Estados_ID_estado`, `Municipio`) VALUES ('1106', '20', 'San Antonio Acutla');
INSERT INTO `RIDESCOM`.`Municipio` (`ID_Municipio`, `Estados_ID_estado`, `Municipio`) VALUES ('1107', '20', 'San Antonio de la Cal');
INSERT INTO `RIDESCOM`.`Municipio` (`ID_Municipio`, `Estados_ID_estado`, `Municipio`) VALUES ('1108', '20', 'San Antonio Huitepec');
INSERT INTO `RIDESCOM`.`Municipio` (`ID_Municipio`, `Estados_ID_estado`, `Municipio`) VALUES ('1109', '20', 'San Antonio Nanahuatipam');
INSERT INTO `RIDESCOM`.`Municipio` (`ID_Municipio`, `Estados_ID_estado`, `Municipio`) VALUES ('1110', '20', 'San Antonio Sinicahua');
INSERT INTO `RIDESCOM`.`Municipio` (`ID_Municipio`, `Estados_ID_estado`, `Municipio`) VALUES ('1111', '20', 'San Antonio Tepetlapa');
INSERT INTO `RIDESCOM`.`Municipio` (`ID_Municipio`, `Estados_ID_estado`, `Municipio`) VALUES ('1112', '20', 'San Baltazar Chichicápam');
INSERT INTO `RIDESCOM`.`Municipio` (`ID_Municipio`, `Estados_ID_estado`, `Municipio`) VALUES ('1113', '20', 'San Baltazar Loxicha');
INSERT INTO `RIDESCOM`.`Municipio` (`ID_Municipio`, `Estados_ID_estado`, `Municipio`) VALUES ('1114', '20', 'San Baltazar Yatzachi el Bajo');
INSERT INTO `RIDESCOM`.`Municipio` (`ID_Municipio`, `Estados_ID_estado`, `Municipio`) VALUES ('1115', '20', 'San Bartolo Coyotepec');
INSERT INTO `RIDESCOM`.`Municipio` (`ID_Municipio`, `Estados_ID_estado`, `Municipio`) VALUES ('1116', '20', 'San Bartolo Soyaltepec');
INSERT INTO `RIDESCOM`.`Municipio` (`ID_Municipio`, `Estados_ID_estado`, `Municipio`) VALUES ('1117', '20', 'San Bartolo Yautepec');
INSERT INTO `RIDESCOM`.`Municipio` (`ID_Municipio`, `Estados_ID_estado`, `Municipio`) VALUES ('1118', '20', 'San Bartolomé Ayautla');
INSERT INTO `RIDESCOM`.`Municipio` (`ID_Municipio`, `Estados_ID_estado`, `Municipio`) VALUES ('1119', '20', 'San Bartolomé Loxicha');
INSERT INTO `RIDESCOM`.`Municipio` (`ID_Municipio`, `Estados_ID_estado`, `Municipio`) VALUES ('1120', '20', 'San Bartolomé Quialana');
INSERT INTO `RIDESCOM`.`Municipio` (`ID_Municipio`, `Estados_ID_estado`, `Municipio`) VALUES ('1121', '20', 'San Bartolomé Yucuañe');
INSERT INTO `RIDESCOM`.`Municipio` (`ID_Municipio`, `Estados_ID_estado`, `Municipio`) VALUES ('1122', '20', 'San Bartolomé Zoogocho');
INSERT INTO `RIDESCOM`.`Municipio` (`ID_Municipio`, `Estados_ID_estado`, `Municipio`) VALUES ('1123', '20', 'San Bernardo Mixtepec');
INSERT INTO `RIDESCOM`.`Municipio` (`ID_Municipio`, `Estados_ID_estado`, `Municipio`) VALUES ('1124', '20', 'San Blas Atempa');
INSERT INTO `RIDESCOM`.`Municipio` (`ID_Municipio`, `Estados_ID_estado`, `Municipio`) VALUES ('1125', '20', 'San Carlos Yautepec');
INSERT INTO `RIDESCOM`.`Municipio` (`ID_Municipio`, `Estados_ID_estado`, `Municipio`) VALUES ('1126', '20', 'San Cristóbal Amatlán');
INSERT INTO `RIDESCOM`.`Municipio` (`ID_Municipio`, `Estados_ID_estado`, `Municipio`) VALUES ('1127', '20', 'San Cristóbal Amoltepec');
INSERT INTO `RIDESCOM`.`Municipio` (`ID_Municipio`, `Estados_ID_estado`, `Municipio`) VALUES ('1128', '20', 'San Cristóbal Lachirioag');
INSERT INTO `RIDESCOM`.`Municipio` (`ID_Municipio`, `Estados_ID_estado`, `Municipio`) VALUES ('1129', '20', 'San Cristóbal Suchixtlahuaca');
INSERT INTO `RIDESCOM`.`Municipio` (`ID_Municipio`, `Estados_ID_estado`, `Municipio`) VALUES ('1130', '20', 'San Dionisio del Mar');
INSERT INTO `RIDESCOM`.`Municipio` (`ID_Municipio`, `Estados_ID_estado`, `Municipio`) VALUES ('1131', '20', 'San Dionisio Ocotepec');
INSERT INTO `RIDESCOM`.`Municipio` (`ID_Municipio`, `Estados_ID_estado`, `Municipio`) VALUES ('1132', '20', 'San Dionisio Ocotlán');
INSERT INTO `RIDESCOM`.`Municipio` (`ID_Municipio`, `Estados_ID_estado`, `Municipio`) VALUES ('1133', '20', 'San Esteban Atatlahuca');
INSERT INTO `RIDESCOM`.`Municipio` (`ID_Municipio`, `Estados_ID_estado`, `Municipio`) VALUES ('1134', '20', 'San Felipe Jalapa de Díaz');
INSERT INTO `RIDESCOM`.`Municipio` (`ID_Municipio`, `Estados_ID_estado`, `Municipio`) VALUES ('1135', '20', 'San Felipe Tejalapam');
INSERT INTO `RIDESCOM`.`Municipio` (`ID_Municipio`, `Estados_ID_estado`, `Municipio`) VALUES ('1136', '20', 'San Felipe Usila');
INSERT INTO `RIDESCOM`.`Municipio` (`ID_Municipio`, `Estados_ID_estado`, `Municipio`) VALUES ('1137', '20', 'San Francisco Cahuacuá');
INSERT INTO `RIDESCOM`.`Municipio` (`ID_Municipio`, `Estados_ID_estado`, `Municipio`) VALUES ('1138', '20', 'San Francisco Cajonos');
INSERT INTO `RIDESCOM`.`Municipio` (`ID_Municipio`, `Estados_ID_estado`, `Municipio`) VALUES ('1139', '20', 'San Francisco Chapulapa');
INSERT INTO `RIDESCOM`.`Municipio` (`ID_Municipio`, `Estados_ID_estado`, `Municipio`) VALUES ('1140', '20', 'San Francisco Chindua');
INSERT INTO `RIDESCOM`.`Municipio` (`ID_Municipio`, `Estados_ID_estado`, `Municipio`) VALUES ('1141', '20', 'San Francisco del Mar');
INSERT INTO `RIDESCOM`.`Municipio` (`ID_Municipio`, `Estados_ID_estado`, `Municipio`) VALUES ('1142', '20', 'San Francisco Huehuetlán');
INSERT INTO `RIDESCOM`.`Municipio` (`ID_Municipio`, `Estados_ID_estado`, `Municipio`) VALUES ('1143', '20', 'San Francisco Ixhuatán');
INSERT INTO `RIDESCOM`.`Municipio` (`ID_Municipio`, `Estados_ID_estado`, `Municipio`) VALUES ('1144', '20', 'San Francisco Jaltepetongo');
INSERT INTO `RIDESCOM`.`Municipio` (`ID_Municipio`, `Estados_ID_estado`, `Municipio`) VALUES ('1145', '20', 'San Francisco Lachigoló');
INSERT INTO `RIDESCOM`.`Municipio` (`ID_Municipio`, `Estados_ID_estado`, `Municipio`) VALUES ('1146', '20', 'San Francisco Logueche');
INSERT INTO `RIDESCOM`.`Municipio` (`ID_Municipio`, `Estados_ID_estado`, `Municipio`) VALUES ('1147', '20', 'San Francisco Nuxaño');
INSERT INTO `RIDESCOM`.`Municipio` (`ID_Municipio`, `Estados_ID_estado`, `Municipio`) VALUES ('1148', '20', 'San Francisco Ozolotepec');
INSERT INTO `RIDESCOM`.`Municipio` (`ID_Municipio`, `Estados_ID_estado`, `Municipio`) VALUES ('1149', '20', 'San Francisco Sola');
INSERT INTO `RIDESCOM`.`Municipio` (`ID_Municipio`, `Estados_ID_estado`, `Municipio`) VALUES ('1150', '20', 'San Francisco Telixtlahuaca');
INSERT INTO `RIDESCOM`.`Municipio` (`ID_Municipio`, `Estados_ID_estado`, `Municipio`) VALUES ('1151', '20', 'San Francisco Teopan');
INSERT INTO `RIDESCOM`.`Municipio` (`ID_Municipio`, `Estados_ID_estado`, `Municipio`) VALUES ('1152', '20', 'San Francisco Tlapancingo');
INSERT INTO `RIDESCOM`.`Municipio` (`ID_Municipio`, `Estados_ID_estado`, `Municipio`) VALUES ('1153', '20', 'San Gabriel Mixtepec');
INSERT INTO `RIDESCOM`.`Municipio` (`ID_Municipio`, `Estados_ID_estado`, `Municipio`) VALUES ('1154', '20', 'San Ildefonso Amatlán');
INSERT INTO `RIDESCOM`.`Municipio` (`ID_Municipio`, `Estados_ID_estado`, `Municipio`) VALUES ('1155', '20', 'San Ildefonso Sola');
INSERT INTO `RIDESCOM`.`Municipio` (`ID_Municipio`, `Estados_ID_estado`, `Municipio`) VALUES ('1156', '20', 'San Ildefonso Villa Alta');
INSERT INTO `RIDESCOM`.`Municipio` (`ID_Municipio`, `Estados_ID_estado`, `Municipio`) VALUES ('1157', '20', 'San Jacinto Amilpas');
INSERT INTO `RIDESCOM`.`Municipio` (`ID_Municipio`, `Estados_ID_estado`, `Municipio`) VALUES ('1158', '20', 'San Jacinto Tlacotepec');
INSERT INTO `RIDESCOM`.`Municipio` (`ID_Municipio`, `Estados_ID_estado`, `Municipio`) VALUES ('1159', '20', 'San Jerónimo Coatlán');
INSERT INTO `RIDESCOM`.`Municipio` (`ID_Municipio`, `Estados_ID_estado`, `Municipio`) VALUES ('1160', '20', 'San Jerónimo Silacayoapilla');
INSERT INTO `RIDESCOM`.`Municipio` (`ID_Municipio`, `Estados_ID_estado`, `Municipio`) VALUES ('1161', '20', 'San Jerónimo Sosola');
INSERT INTO `RIDESCOM`.`Municipio` (`ID_Municipio`, `Estados_ID_estado`, `Municipio`) VALUES ('1162', '20', 'San Jerónimo Taviche');
INSERT INTO `RIDESCOM`.`Municipio` (`ID_Municipio`, `Estados_ID_estado`, `Municipio`) VALUES ('1163', '20', 'San Jerónimo Tecoatl');
INSERT INTO `RIDESCOM`.`Municipio` (`ID_Municipio`, `Estados_ID_estado`, `Municipio`) VALUES ('1164', '20', 'San Jerónimo Tlacochahuaya');
INSERT INTO `RIDESCOM`.`Municipio` (`ID_Municipio`, `Estados_ID_estado`, `Municipio`) VALUES ('1165', '20', 'San Jorge Nuchita');
INSERT INTO `RIDESCOM`.`Municipio` (`ID_Municipio`, `Estados_ID_estado`, `Municipio`) VALUES ('1166', '20', 'San José Ayuquila');
INSERT INTO `RIDESCOM`.`Municipio` (`ID_Municipio`, `Estados_ID_estado`, `Municipio`) VALUES ('1167', '20', 'San José Chiltepec');
INSERT INTO `RIDESCOM`.`Municipio` (`ID_Municipio`, `Estados_ID_estado`, `Municipio`) VALUES ('1168', '20', 'San José del Peñasco');
INSERT INTO `RIDESCOM`.`Municipio` (`ID_Municipio`, `Estados_ID_estado`, `Municipio`) VALUES ('1169', '20', 'San José del Progreso');
INSERT INTO `RIDESCOM`.`Municipio` (`ID_Municipio`, `Estados_ID_estado`, `Municipio`) VALUES ('1170', '20', 'San José Estancia Grande');
INSERT INTO `RIDESCOM`.`Municipio` (`ID_Municipio`, `Estados_ID_estado`, `Municipio`) VALUES ('1171', '20', 'San José Independencia');
INSERT INTO `RIDESCOM`.`Municipio` (`ID_Municipio`, `Estados_ID_estado`, `Municipio`) VALUES ('1172', '20', 'San José Lachiguiri');
INSERT INTO `RIDESCOM`.`Municipio` (`ID_Municipio`, `Estados_ID_estado`, `Municipio`) VALUES ('1173', '20', 'San José Tenango');
INSERT INTO `RIDESCOM`.`Municipio` (`ID_Municipio`, `Estados_ID_estado`, `Municipio`) VALUES ('1174', '20', 'San Juan Achiutla');
INSERT INTO `RIDESCOM`.`Municipio` (`ID_Municipio`, `Estados_ID_estado`, `Municipio`) VALUES ('1175', '20', 'San Juan Atepec');
INSERT INTO `RIDESCOM`.`Municipio` (`ID_Municipio`, `Estados_ID_estado`, `Municipio`) VALUES ('1176', '20', 'San Juan Bautista Atatlahuca');
INSERT INTO `RIDESCOM`.`Municipio` (`ID_Municipio`, `Estados_ID_estado`, `Municipio`) VALUES ('1177', '20', 'San Juan Bautista Coixtlahuaca');
INSERT INTO `RIDESCOM`.`Municipio` (`ID_Municipio`, `Estados_ID_estado`, `Municipio`) VALUES ('1178', '20', 'San Juan Bautista Cuicatlán');
INSERT INTO `RIDESCOM`.`Municipio` (`ID_Municipio`, `Estados_ID_estado`, `Municipio`) VALUES ('1179', '20', 'San Juan Bautista Guelache');
INSERT INTO `RIDESCOM`.`Municipio` (`ID_Municipio`, `Estados_ID_estado`, `Municipio`) VALUES ('1180', '20', 'San Juan Bautista Jayacatlán');
INSERT INTO `RIDESCOM`.`Municipio` (`ID_Municipio`, `Estados_ID_estado`, `Municipio`) VALUES ('1181', '20', 'San Juan Bautista Lo de Soto');
INSERT INTO `RIDESCOM`.`Municipio` (`ID_Municipio`, `Estados_ID_estado`, `Municipio`) VALUES ('1182', '20', 'San Juan Bautista Suchitepec');
INSERT INTO `RIDESCOM`.`Municipio` (`ID_Municipio`, `Estados_ID_estado`, `Municipio`) VALUES ('1183', '20', 'San Juan Bautista Tlacoatzintepec');
INSERT INTO `RIDESCOM`.`Municipio` (`ID_Municipio`, `Estados_ID_estado`, `Municipio`) VALUES ('1184', '20', 'San Juan Bautista Tlachichilco');
INSERT INTO `RIDESCOM`.`Municipio` (`ID_Municipio`, `Estados_ID_estado`, `Municipio`) VALUES ('1185', '20', 'San Juan Bautista Tuxtepec');
INSERT INTO `RIDESCOM`.`Municipio` (`ID_Municipio`, `Estados_ID_estado`, `Municipio`) VALUES ('1186', '20', 'San Juan Bautista Valle Nacional');
INSERT INTO `RIDESCOM`.`Municipio` (`ID_Municipio`, `Estados_ID_estado`, `Municipio`) VALUES ('1187', '20', 'San Juan Cacahuatepec');
INSERT INTO `RIDESCOM`.`Municipio` (`ID_Municipio`, `Estados_ID_estado`, `Municipio`) VALUES ('1188', '20', 'San Juan Chicomezúchil');
INSERT INTO `RIDESCOM`.`Municipio` (`ID_Municipio`, `Estados_ID_estado`, `Municipio`) VALUES ('1189', '20', 'San Juan Chilateca');
INSERT INTO `RIDESCOM`.`Municipio` (`ID_Municipio`, `Estados_ID_estado`, `Municipio`) VALUES ('1190', '20', 'San Juan Cieneguilla');
INSERT INTO `RIDESCOM`.`Municipio` (`ID_Municipio`, `Estados_ID_estado`, `Municipio`) VALUES ('1191', '20', 'San Juan Coatzóspam');
INSERT INTO `RIDESCOM`.`Municipio` (`ID_Municipio`, `Estados_ID_estado`, `Municipio`) VALUES ('1192', '20', 'San Juan Colorado');
INSERT INTO `RIDESCOM`.`Municipio` (`ID_Municipio`, `Estados_ID_estado`, `Municipio`) VALUES ('1193', '20', 'San Juan Comaltepec');
INSERT INTO `RIDESCOM`.`Municipio` (`ID_Municipio`, `Estados_ID_estado`, `Municipio`) VALUES ('1194', '20', 'San Juan Cotzocón');
INSERT INTO `RIDESCOM`.`Municipio` (`ID_Municipio`, `Estados_ID_estado`, `Municipio`) VALUES ('1195', '20', 'San Juan del Estado');
INSERT INTO `RIDESCOM`.`Municipio` (`ID_Municipio`, `Estados_ID_estado`, `Municipio`) VALUES ('1196', '20', 'San Juan de los Cués');
INSERT INTO `RIDESCOM`.`Municipio` (`ID_Municipio`, `Estados_ID_estado`, `Municipio`) VALUES ('1197', '20', 'San Juan del Río');
INSERT INTO `RIDESCOM`.`Municipio` (`ID_Municipio`, `Estados_ID_estado`, `Municipio`) VALUES ('1198', '20', 'San Juan Diuxi');
INSERT INTO `RIDESCOM`.`Municipio` (`ID_Municipio`, `Estados_ID_estado`, `Municipio`) VALUES ('1199', '20', 'San Juan Evangelista Analco');
INSERT INTO `RIDESCOM`.`Municipio` (`ID_Municipio`, `Estados_ID_estado`, `Municipio`) VALUES ('1200', '20', 'San Juan Guelavia');
INSERT INTO `RIDESCOM`.`Municipio` (`ID_Municipio`, `Estados_ID_estado`, `Municipio`) VALUES ('1201', '20', 'San Juan Guichicovi');
INSERT INTO `RIDESCOM`.`Municipio` (`ID_Municipio`, `Estados_ID_estado`, `Municipio`) VALUES ('1202', '20', 'San Juan Ihualtepec');
INSERT INTO `RIDESCOM`.`Municipio` (`ID_Municipio`, `Estados_ID_estado`, `Municipio`) VALUES ('1203', '20', 'San Juan Juquila Mixes');
INSERT INTO `RIDESCOM`.`Municipio` (`ID_Municipio`, `Estados_ID_estado`, `Municipio`) VALUES ('1204', '20', 'San Juan Juquila Vijanos');
INSERT INTO `RIDESCOM`.`Municipio` (`ID_Municipio`, `Estados_ID_estado`, `Municipio`) VALUES ('1205', '20', 'San Juan Lachao');
INSERT INTO `RIDESCOM`.`Municipio` (`ID_Municipio`, `Estados_ID_estado`, `Municipio`) VALUES ('1206', '20', 'San Juan Lachigalla');
INSERT INTO `RIDESCOM`.`Municipio` (`ID_Municipio`, `Estados_ID_estado`, `Municipio`) VALUES ('1207', '20', 'San Juan Lajarcia');
INSERT INTO `RIDESCOM`.`Municipio` (`ID_Municipio`, `Estados_ID_estado`, `Municipio`) VALUES ('1208', '20', 'San Juan Lalana');
INSERT INTO `RIDESCOM`.`Municipio` (`ID_Municipio`, `Estados_ID_estado`, `Municipio`) VALUES ('1209', '20', 'San Juan Mazatlán');
INSERT INTO `RIDESCOM`.`Municipio` (`ID_Municipio`, `Estados_ID_estado`, `Municipio`) VALUES ('1210', '20', 'San Juan Mixtepec, distrito 08');
INSERT INTO `RIDESCOM`.`Municipio` (`ID_Municipio`, `Estados_ID_estado`, `Municipio`) VALUES ('1211', '20', 'San Juan Mixtepec, distrito 26');
INSERT INTO `RIDESCOM`.`Municipio` (`ID_Municipio`, `Estados_ID_estado`, `Municipio`) VALUES ('1212', '20', 'San Juan Ñumi');
INSERT INTO `RIDESCOM`.`Municipio` (`ID_Municipio`, `Estados_ID_estado`, `Municipio`) VALUES ('1213', '20', 'San Juan Ozolotepec');
INSERT INTO `RIDESCOM`.`Municipio` (`ID_Municipio`, `Estados_ID_estado`, `Municipio`) VALUES ('1214', '20', 'San Juan Petlapa');
INSERT INTO `RIDESCOM`.`Municipio` (`ID_Municipio`, `Estados_ID_estado`, `Municipio`) VALUES ('1215', '20', 'San Juan Quiahije');
INSERT INTO `RIDESCOM`.`Municipio` (`ID_Municipio`, `Estados_ID_estado`, `Municipio`) VALUES ('1216', '20', 'San Juan Quiotepec');
INSERT INTO `RIDESCOM`.`Municipio` (`ID_Municipio`, `Estados_ID_estado`, `Municipio`) VALUES ('1217', '20', 'San Juan Sayultepec');
INSERT INTO `RIDESCOM`.`Municipio` (`ID_Municipio`, `Estados_ID_estado`, `Municipio`) VALUES ('1218', '20', 'San Juan Tabaá');
INSERT INTO `RIDESCOM`.`Municipio` (`ID_Municipio`, `Estados_ID_estado`, `Municipio`) VALUES ('1219', '20', 'San Juan Tamazola');
INSERT INTO `RIDESCOM`.`Municipio` (`ID_Municipio`, `Estados_ID_estado`, `Municipio`) VALUES ('1220', '20', 'San Juan Teita');
INSERT INTO `RIDESCOM`.`Municipio` (`ID_Municipio`, `Estados_ID_estado`, `Municipio`) VALUES ('1221', '20', 'San Juan Teitipac');
INSERT INTO `RIDESCOM`.`Municipio` (`ID_Municipio`, `Estados_ID_estado`, `Municipio`) VALUES ('1222', '20', 'San Juan Tepeuxila');
INSERT INTO `RIDESCOM`.`Municipio` (`ID_Municipio`, `Estados_ID_estado`, `Municipio`) VALUES ('1223', '20', 'San Juan Teposcolula');
INSERT INTO `RIDESCOM`.`Municipio` (`ID_Municipio`, `Estados_ID_estado`, `Municipio`) VALUES ('1224', '20', 'San Juan Yaeé');
INSERT INTO `RIDESCOM`.`Municipio` (`ID_Municipio`, `Estados_ID_estado`, `Municipio`) VALUES ('1225', '20', 'San Juan Yatzona');
INSERT INTO `RIDESCOM`.`Municipio` (`ID_Municipio`, `Estados_ID_estado`, `Municipio`) VALUES ('1226', '20', 'San Juan Yucuita');
INSERT INTO `RIDESCOM`.`Municipio` (`ID_Municipio`, `Estados_ID_estado`, `Municipio`) VALUES ('1227', '20', 'San Lorenzo');
INSERT INTO `RIDESCOM`.`Municipio` (`ID_Municipio`, `Estados_ID_estado`, `Municipio`) VALUES ('1228', '20', 'San Lorenzo Albarradas');
INSERT INTO `RIDESCOM`.`Municipio` (`ID_Municipio`, `Estados_ID_estado`, `Municipio`) VALUES ('1229', '20', 'San Lorenzo Cacaotepec');
INSERT INTO `RIDESCOM`.`Municipio` (`ID_Municipio`, `Estados_ID_estado`, `Municipio`) VALUES ('1230', '20', 'San Lorenzo Cuaunecuiltitla');
INSERT INTO `RIDESCOM`.`Municipio` (`ID_Municipio`, `Estados_ID_estado`, `Municipio`) VALUES ('1231', '20', 'San Lorenzo Texmelucan');
INSERT INTO `RIDESCOM`.`Municipio` (`ID_Municipio`, `Estados_ID_estado`, `Municipio`) VALUES ('1232', '20', 'San Lorenzo Victoria');
INSERT INTO `RIDESCOM`.`Municipio` (`ID_Municipio`, `Estados_ID_estado`, `Municipio`) VALUES ('1233', '20', 'San Lucas Camotlán');
INSERT INTO `RIDESCOM`.`Municipio` (`ID_Municipio`, `Estados_ID_estado`, `Municipio`) VALUES ('1234', '20', 'San Lucas Ojitlán');
INSERT INTO `RIDESCOM`.`Municipio` (`ID_Municipio`, `Estados_ID_estado`, `Municipio`) VALUES ('1235', '20', 'San Lucas Quiaviní');
INSERT INTO `RIDESCOM`.`Municipio` (`ID_Municipio`, `Estados_ID_estado`, `Municipio`) VALUES ('1236', '20', 'San Lucas Zoquiápam');
INSERT INTO `RIDESCOM`.`Municipio` (`ID_Municipio`, `Estados_ID_estado`, `Municipio`) VALUES ('1237', '20', 'San Luis Amatlán');
INSERT INTO `RIDESCOM`.`Municipio` (`ID_Municipio`, `Estados_ID_estado`, `Municipio`) VALUES ('1238', '20', 'San Marcial Ozolotepec');
INSERT INTO `RIDESCOM`.`Municipio` (`ID_Municipio`, `Estados_ID_estado`, `Municipio`) VALUES ('1239', '20', 'San Marcos Arteaga');
INSERT INTO `RIDESCOM`.`Municipio` (`ID_Municipio`, `Estados_ID_estado`, `Municipio`) VALUES ('1240', '20', 'San Martín de los Cansecos');
INSERT INTO `RIDESCOM`.`Municipio` (`ID_Municipio`, `Estados_ID_estado`, `Municipio`) VALUES ('1241', '20', 'San Martín Huamelúlpam');
INSERT INTO `RIDESCOM`.`Municipio` (`ID_Municipio`, `Estados_ID_estado`, `Municipio`) VALUES ('1242', '20', 'San Martín Itunyoso');
INSERT INTO `RIDESCOM`.`Municipio` (`ID_Municipio`, `Estados_ID_estado`, `Municipio`) VALUES ('1243', '20', 'San Martín Lachilá');
INSERT INTO `RIDESCOM`.`Municipio` (`ID_Municipio`, `Estados_ID_estado`, `Municipio`) VALUES ('1244', '20', 'San Martín Peras');
INSERT INTO `RIDESCOM`.`Municipio` (`ID_Municipio`, `Estados_ID_estado`, `Municipio`) VALUES ('1245', '20', 'San Martín Tilcajete');
INSERT INTO `RIDESCOM`.`Municipio` (`ID_Municipio`, `Estados_ID_estado`, `Municipio`) VALUES ('1246', '20', 'San Martín Toxpalan');
INSERT INTO `RIDESCOM`.`Municipio` (`ID_Municipio`, `Estados_ID_estado`, `Municipio`) VALUES ('1247', '20', 'San Martín Zacatepec');
INSERT INTO `RIDESCOM`.`Municipio` (`ID_Municipio`, `Estados_ID_estado`, `Municipio`) VALUES ('1248', '20', 'San Mateo Cajonos');
INSERT INTO `RIDESCOM`.`Municipio` (`ID_Municipio`, `Estados_ID_estado`, `Municipio`) VALUES ('1249', '20', 'San Mateo del Mar');
INSERT INTO `RIDESCOM`.`Municipio` (`ID_Municipio`, `Estados_ID_estado`, `Municipio`) VALUES ('1250', '20', 'San Mateo Etlatongo');
INSERT INTO `RIDESCOM`.`Municipio` (`ID_Municipio`, `Estados_ID_estado`, `Municipio`) VALUES ('1251', '20', 'San Mateo Nejápam');
INSERT INTO `RIDESCOM`.`Municipio` (`ID_Municipio`, `Estados_ID_estado`, `Municipio`) VALUES ('1252', '20', 'San Mateo Peñasco');
INSERT INTO `RIDESCOM`.`Municipio` (`ID_Municipio`, `Estados_ID_estado`, `Municipio`) VALUES ('1253', '20', 'San Mateo Piñas');
INSERT INTO `RIDESCOM`.`Municipio` (`ID_Municipio`, `Estados_ID_estado`, `Municipio`) VALUES ('1254', '20', 'San Mateo Río Hondo');
INSERT INTO `RIDESCOM`.`Municipio` (`ID_Municipio`, `Estados_ID_estado`, `Municipio`) VALUES ('1255', '20', 'San Mateo Sindihui');
INSERT INTO `RIDESCOM`.`Municipio` (`ID_Municipio`, `Estados_ID_estado`, `Municipio`) VALUES ('1256', '20', 'San Mateo Tlapiltepec');
INSERT INTO `RIDESCOM`.`Municipio` (`ID_Municipio`, `Estados_ID_estado`, `Municipio`) VALUES ('1257', '20', 'San Mateo Yoloxochitlán');
INSERT INTO `RIDESCOM`.`Municipio` (`ID_Municipio`, `Estados_ID_estado`, `Municipio`) VALUES ('1258', '20', 'San Melchor Betaza');
INSERT INTO `RIDESCOM`.`Municipio` (`ID_Municipio`, `Estados_ID_estado`, `Municipio`) VALUES ('1259', '20', 'San Miguel Achiutla');
INSERT INTO `RIDESCOM`.`Municipio` (`ID_Municipio`, `Estados_ID_estado`, `Municipio`) VALUES ('1260', '20', 'San Miguel Ahuehuetitlán');
INSERT INTO `RIDESCOM`.`Municipio` (`ID_Municipio`, `Estados_ID_estado`, `Municipio`) VALUES ('1261', '20', 'San Miguel Aloápam');
INSERT INTO `RIDESCOM`.`Municipio` (`ID_Municipio`, `Estados_ID_estado`, `Municipio`) VALUES ('1262', '20', 'San Miguel Amatitlán');
INSERT INTO `RIDESCOM`.`Municipio` (`ID_Municipio`, `Estados_ID_estado`, `Municipio`) VALUES ('1263', '20', 'San Miguel Amatlán');
INSERT INTO `RIDESCOM`.`Municipio` (`ID_Municipio`, `Estados_ID_estado`, `Municipio`) VALUES ('1264', '20', 'San Miguel Coatlán');
INSERT INTO `RIDESCOM`.`Municipio` (`ID_Municipio`, `Estados_ID_estado`, `Municipio`) VALUES ('1265', '20', 'San Miguel Chicahua');
INSERT INTO `RIDESCOM`.`Municipio` (`ID_Municipio`, `Estados_ID_estado`, `Municipio`) VALUES ('1266', '20', 'San Miguel Chimalapa');
INSERT INTO `RIDESCOM`.`Municipio` (`ID_Municipio`, `Estados_ID_estado`, `Municipio`) VALUES ('1267', '20', 'San Miguel del Puerto');
INSERT INTO `RIDESCOM`.`Municipio` (`ID_Municipio`, `Estados_ID_estado`, `Municipio`) VALUES ('1268', '20', 'San Miguel del Río');
INSERT INTO `RIDESCOM`.`Municipio` (`ID_Municipio`, `Estados_ID_estado`, `Municipio`) VALUES ('1269', '20', 'San Miguel Ejutla');
INSERT INTO `RIDESCOM`.`Municipio` (`ID_Municipio`, `Estados_ID_estado`, `Municipio`) VALUES ('1270', '20', 'San Miguel el Grande');
INSERT INTO `RIDESCOM`.`Municipio` (`ID_Municipio`, `Estados_ID_estado`, `Municipio`) VALUES ('1271', '20', 'San Miguel Huautla');
INSERT INTO `RIDESCOM`.`Municipio` (`ID_Municipio`, `Estados_ID_estado`, `Municipio`) VALUES ('1272', '20', 'San Miguel Mixtepec');
INSERT INTO `RIDESCOM`.`Municipio` (`ID_Municipio`, `Estados_ID_estado`, `Municipio`) VALUES ('1273', '20', 'San Miguel Panixtlahuaca');
INSERT INTO `RIDESCOM`.`Municipio` (`ID_Municipio`, `Estados_ID_estado`, `Municipio`) VALUES ('1274', '20', 'San Miguel Peras');
INSERT INTO `RIDESCOM`.`Municipio` (`ID_Municipio`, `Estados_ID_estado`, `Municipio`) VALUES ('1275', '20', 'San Miguel Piedras');
INSERT INTO `RIDESCOM`.`Municipio` (`ID_Municipio`, `Estados_ID_estado`, `Municipio`) VALUES ('1276', '20', 'San Miguel Quetzaltepec');
INSERT INTO `RIDESCOM`.`Municipio` (`ID_Municipio`, `Estados_ID_estado`, `Municipio`) VALUES ('1277', '20', 'San Miguel Santa Flor');
INSERT INTO `RIDESCOM`.`Municipio` (`ID_Municipio`, `Estados_ID_estado`, `Municipio`) VALUES ('1278', '20', 'San Miguel Soyaltepec');
INSERT INTO `RIDESCOM`.`Municipio` (`ID_Municipio`, `Estados_ID_estado`, `Municipio`) VALUES ('1279', '20', 'San Miguel Suchixtepec');
INSERT INTO `RIDESCOM`.`Municipio` (`ID_Municipio`, `Estados_ID_estado`, `Municipio`) VALUES ('1280', '20', 'San Miguel Tecomatlán');
INSERT INTO `RIDESCOM`.`Municipio` (`ID_Municipio`, `Estados_ID_estado`, `Municipio`) VALUES ('1281', '20', 'San Miguel Tenango');
INSERT INTO `RIDESCOM`.`Municipio` (`ID_Municipio`, `Estados_ID_estado`, `Municipio`) VALUES ('1282', '20', 'San Miguel Tequixtepec');
INSERT INTO `RIDESCOM`.`Municipio` (`ID_Municipio`, `Estados_ID_estado`, `Municipio`) VALUES ('1283', '20', 'San Miguel Tilquiápam');
INSERT INTO `RIDESCOM`.`Municipio` (`ID_Municipio`, `Estados_ID_estado`, `Municipio`) VALUES ('1284', '20', 'San Miguel Tlacamama');
INSERT INTO `RIDESCOM`.`Municipio` (`ID_Municipio`, `Estados_ID_estado`, `Municipio`) VALUES ('1285', '20', 'San Miguel Tlacotepec');
INSERT INTO `RIDESCOM`.`Municipio` (`ID_Municipio`, `Estados_ID_estado`, `Municipio`) VALUES ('1286', '20', 'San Miguel Tulancingo');
INSERT INTO `RIDESCOM`.`Municipio` (`ID_Municipio`, `Estados_ID_estado`, `Municipio`) VALUES ('1287', '20', 'San Miguel Yotao');
INSERT INTO `RIDESCOM`.`Municipio` (`ID_Municipio`, `Estados_ID_estado`, `Municipio`) VALUES ('1288', '20', 'San Nicolás');
INSERT INTO `RIDESCOM`.`Municipio` (`ID_Municipio`, `Estados_ID_estado`, `Municipio`) VALUES ('1289', '20', 'San Nicolás Hidalgo');
INSERT INTO `RIDESCOM`.`Municipio` (`ID_Municipio`, `Estados_ID_estado`, `Municipio`) VALUES ('1290', '20', 'San Pablo Coatlán');
INSERT INTO `RIDESCOM`.`Municipio` (`ID_Municipio`, `Estados_ID_estado`, `Municipio`) VALUES ('1291', '20', 'San Pablo Cuatro Venados');
INSERT INTO `RIDESCOM`.`Municipio` (`ID_Municipio`, `Estados_ID_estado`, `Municipio`) VALUES ('1292', '20', 'San Pablo Etla');
INSERT INTO `RIDESCOM`.`Municipio` (`ID_Municipio`, `Estados_ID_estado`, `Municipio`) VALUES ('1293', '20', 'San Pablo Huitzo');
INSERT INTO `RIDESCOM`.`Municipio` (`ID_Municipio`, `Estados_ID_estado`, `Municipio`) VALUES ('1294', '20', 'San Pablo Huixtepec');
INSERT INTO `RIDESCOM`.`Municipio` (`ID_Municipio`, `Estados_ID_estado`, `Municipio`) VALUES ('1295', '20', 'San Pablo Macuiltianguis');
INSERT INTO `RIDESCOM`.`Municipio` (`ID_Municipio`, `Estados_ID_estado`, `Municipio`) VALUES ('1296', '20', 'San Pablo Tijaltepec');
INSERT INTO `RIDESCOM`.`Municipio` (`ID_Municipio`, `Estados_ID_estado`, `Municipio`) VALUES ('1297', '20', 'San Pablo Villa de Mitla');
INSERT INTO `RIDESCOM`.`Municipio` (`ID_Municipio`, `Estados_ID_estado`, `Municipio`) VALUES ('1298', '20', 'San Pablo Yaganiza');
INSERT INTO `RIDESCOM`.`Municipio` (`ID_Municipio`, `Estados_ID_estado`, `Municipio`) VALUES ('1299', '20', 'San Pedro Amuzgos');
INSERT INTO `RIDESCOM`.`Municipio` (`ID_Municipio`, `Estados_ID_estado`, `Municipio`) VALUES ('1300', '20', 'San Pedro Apóstol');
INSERT INTO `RIDESCOM`.`Municipio` (`ID_Municipio`, `Estados_ID_estado`, `Municipio`) VALUES ('1301', '20', 'San Pedro Atoyac');
INSERT INTO `RIDESCOM`.`Municipio` (`ID_Municipio`, `Estados_ID_estado`, `Municipio`) VALUES ('1302', '20', 'San Pedro Cajonos');
INSERT INTO `RIDESCOM`.`Municipio` (`ID_Municipio`, `Estados_ID_estado`, `Municipio`) VALUES ('1303', '20', 'San Pedro Comitancillo');
INSERT INTO `RIDESCOM`.`Municipio` (`ID_Municipio`, `Estados_ID_estado`, `Municipio`) VALUES ('1304', '20', 'San Pedro Cocaltepec Cántaros');
INSERT INTO `RIDESCOM`.`Municipio` (`ID_Municipio`, `Estados_ID_estado`, `Municipio`) VALUES ('1305', '20', 'San Pedro el Alto');
INSERT INTO `RIDESCOM`.`Municipio` (`ID_Municipio`, `Estados_ID_estado`, `Municipio`) VALUES ('1306', '20', 'San Pedro Huamelula');
INSERT INTO `RIDESCOM`.`Municipio` (`ID_Municipio`, `Estados_ID_estado`, `Municipio`) VALUES ('1307', '20', 'San Pedro Huilotepec');
INSERT INTO `RIDESCOM`.`Municipio` (`ID_Municipio`, `Estados_ID_estado`, `Municipio`) VALUES ('1308', '20', 'San Pedro Ixcatlán');
INSERT INTO `RIDESCOM`.`Municipio` (`ID_Municipio`, `Estados_ID_estado`, `Municipio`) VALUES ('1309', '20', 'San Pedro Ixtlahuaca');
INSERT INTO `RIDESCOM`.`Municipio` (`ID_Municipio`, `Estados_ID_estado`, `Municipio`) VALUES ('1310', '20', 'San Pedro Jaltepetongo');
INSERT INTO `RIDESCOM`.`Municipio` (`ID_Municipio`, `Estados_ID_estado`, `Municipio`) VALUES ('1311', '20', 'San Pedro Jicayán');
INSERT INTO `RIDESCOM`.`Municipio` (`ID_Municipio`, `Estados_ID_estado`, `Municipio`) VALUES ('1312', '20', 'San Pedro Jocotipac');
INSERT INTO `RIDESCOM`.`Municipio` (`ID_Municipio`, `Estados_ID_estado`, `Municipio`) VALUES ('1313', '20', 'San Pedro Juchatengo');
INSERT INTO `RIDESCOM`.`Municipio` (`ID_Municipio`, `Estados_ID_estado`, `Municipio`) VALUES ('1314', '20', 'San Pedro Mártir');
INSERT INTO `RIDESCOM`.`Municipio` (`ID_Municipio`, `Estados_ID_estado`, `Municipio`) VALUES ('1315', '20', 'San Pedro Mártir Quiechapa');
INSERT INTO `RIDESCOM`.`Municipio` (`ID_Municipio`, `Estados_ID_estado`, `Municipio`) VALUES ('1316', '20', 'San Pedro Mártir Yucuxaco');
INSERT INTO `RIDESCOM`.`Municipio` (`ID_Municipio`, `Estados_ID_estado`, `Municipio`) VALUES ('1317', '20', 'San Pedro Mixtepec, distrito 22');
INSERT INTO `RIDESCOM`.`Municipio` (`ID_Municipio`, `Estados_ID_estado`, `Municipio`) VALUES ('1318', '20', 'San Pedro Mixtepec, distrito 26');
INSERT INTO `RIDESCOM`.`Municipio` (`ID_Municipio`, `Estados_ID_estado`, `Municipio`) VALUES ('1319', '20', 'San Pedro Molinos');
INSERT INTO `RIDESCOM`.`Municipio` (`ID_Municipio`, `Estados_ID_estado`, `Municipio`) VALUES ('1320', '20', 'San Pedro Nopala');
INSERT INTO `RIDESCOM`.`Municipio` (`ID_Municipio`, `Estados_ID_estado`, `Municipio`) VALUES ('1321', '20', 'San Pedro Ocopetatillo');
INSERT INTO `RIDESCOM`.`Municipio` (`ID_Municipio`, `Estados_ID_estado`, `Municipio`) VALUES ('1322', '20', 'San Pedro Ocotepec');
INSERT INTO `RIDESCOM`.`Municipio` (`ID_Municipio`, `Estados_ID_estado`, `Municipio`) VALUES ('1323', '20', 'San Pedro Pochutla');
INSERT INTO `RIDESCOM`.`Municipio` (`ID_Municipio`, `Estados_ID_estado`, `Municipio`) VALUES ('1324', '20', 'San Pedro Quiatoni');
INSERT INTO `RIDESCOM`.`Municipio` (`ID_Municipio`, `Estados_ID_estado`, `Municipio`) VALUES ('1325', '20', 'San Pedro Sochiápam');
INSERT INTO `RIDESCOM`.`Municipio` (`ID_Municipio`, `Estados_ID_estado`, `Municipio`) VALUES ('1326', '20', 'San Pedro Tapanatepec');
INSERT INTO `RIDESCOM`.`Municipio` (`ID_Municipio`, `Estados_ID_estado`, `Municipio`) VALUES ('1327', '20', 'San Pedro Taviche');
INSERT INTO `RIDESCOM`.`Municipio` (`ID_Municipio`, `Estados_ID_estado`, `Municipio`) VALUES ('1328', '20', 'San Pedro Teozacoalco');
INSERT INTO `RIDESCOM`.`Municipio` (`ID_Municipio`, `Estados_ID_estado`, `Municipio`) VALUES ('1329', '20', 'San Pedro Teutila');
INSERT INTO `RIDESCOM`.`Municipio` (`ID_Municipio`, `Estados_ID_estado`, `Municipio`) VALUES ('1330', '20', 'San Pedro Tidaá');
INSERT INTO `RIDESCOM`.`Municipio` (`ID_Municipio`, `Estados_ID_estado`, `Municipio`) VALUES ('1331', '20', 'San Pedro Topiltepec');
INSERT INTO `RIDESCOM`.`Municipio` (`ID_Municipio`, `Estados_ID_estado`, `Municipio`) VALUES ('1332', '20', 'San Pedro Totolápam');
INSERT INTO `RIDESCOM`.`Municipio` (`ID_Municipio`, `Estados_ID_estado`, `Municipio`) VALUES ('1333', '20', 'San Pedro y San Pablo Ayutla');
INSERT INTO `RIDESCOM`.`Municipio` (`ID_Municipio`, `Estados_ID_estado`, `Municipio`) VALUES ('1334', '20', 'San Pedro y San Pablo Teposcolula');
INSERT INTO `RIDESCOM`.`Municipio` (`ID_Municipio`, `Estados_ID_estado`, `Municipio`) VALUES ('1335', '20', 'San Pedro y San Pablo Tequixtepec');
INSERT INTO `RIDESCOM`.`Municipio` (`ID_Municipio`, `Estados_ID_estado`, `Municipio`) VALUES ('1336', '20', 'San Pedro Yaneri');
INSERT INTO `RIDESCOM`.`Municipio` (`ID_Municipio`, `Estados_ID_estado`, `Municipio`) VALUES ('1337', '20', 'San Pedro Yólox');
INSERT INTO `RIDESCOM`.`Municipio` (`ID_Municipio`, `Estados_ID_estado`, `Municipio`) VALUES ('1338', '20', 'San Pedro Yucunama');
INSERT INTO `RIDESCOM`.`Municipio` (`ID_Municipio`, `Estados_ID_estado`, `Municipio`) VALUES ('1339', '20', 'San Raymundo Jalpan');
INSERT INTO `RIDESCOM`.`Municipio` (`ID_Municipio`, `Estados_ID_estado`, `Municipio`) VALUES ('1340', '20', 'San Sebastián Abasolo');
INSERT INTO `RIDESCOM`.`Municipio` (`ID_Municipio`, `Estados_ID_estado`, `Municipio`) VALUES ('1341', '20', 'San Sebastián Coatlán');
INSERT INTO `RIDESCOM`.`Municipio` (`ID_Municipio`, `Estados_ID_estado`, `Municipio`) VALUES ('1342', '20', 'San Sebastián Ixcapa');
INSERT INTO `RIDESCOM`.`Municipio` (`ID_Municipio`, `Estados_ID_estado`, `Municipio`) VALUES ('1343', '20', 'San Sebastián Nicananduta');
INSERT INTO `RIDESCOM`.`Municipio` (`ID_Municipio`, `Estados_ID_estado`, `Municipio`) VALUES ('1344', '20', 'San Sebastián Río Hondo');
INSERT INTO `RIDESCOM`.`Municipio` (`ID_Municipio`, `Estados_ID_estado`, `Municipio`) VALUES ('1345', '20', 'San Sebastián Tecomaxtlahuaca');
INSERT INTO `RIDESCOM`.`Municipio` (`ID_Municipio`, `Estados_ID_estado`, `Municipio`) VALUES ('1346', '20', 'San Sebastián Teitipac');
INSERT INTO `RIDESCOM`.`Municipio` (`ID_Municipio`, `Estados_ID_estado`, `Municipio`) VALUES ('1347', '20', 'San Sebastián Tutla');
INSERT INTO `RIDESCOM`.`Municipio` (`ID_Municipio`, `Estados_ID_estado`, `Municipio`) VALUES ('1348', '20', 'San Simón Almolongas');
INSERT INTO `RIDESCOM`.`Municipio` (`ID_Municipio`, `Estados_ID_estado`, `Municipio`) VALUES ('1349', '20', 'San Simón Zahuatlán');
INSERT INTO `RIDESCOM`.`Municipio` (`ID_Municipio`, `Estados_ID_estado`, `Municipio`) VALUES ('1350', '20', 'Santa Ana');
INSERT INTO `RIDESCOM`.`Municipio` (`ID_Municipio`, `Estados_ID_estado`, `Municipio`) VALUES ('1351', '20', 'Santa Ana Ateixtlahuaca');
INSERT INTO `RIDESCOM`.`Municipio` (`ID_Municipio`, `Estados_ID_estado`, `Municipio`) VALUES ('1352', '20', 'Santa Ana Cuauhtémoc');
INSERT INTO `RIDESCOM`.`Municipio` (`ID_Municipio`, `Estados_ID_estado`, `Municipio`) VALUES ('1353', '20', 'Santa Ana del Valle');
INSERT INTO `RIDESCOM`.`Municipio` (`ID_Municipio`, `Estados_ID_estado`, `Municipio`) VALUES ('1354', '20', 'Santa Ana Tavela');
INSERT INTO `RIDESCOM`.`Municipio` (`ID_Municipio`, `Estados_ID_estado`, `Municipio`) VALUES ('1355', '20', 'Santa Ana Tlapacoyan');
INSERT INTO `RIDESCOM`.`Municipio` (`ID_Municipio`, `Estados_ID_estado`, `Municipio`) VALUES ('1356', '20', 'Santa Ana Yareni');
INSERT INTO `RIDESCOM`.`Municipio` (`ID_Municipio`, `Estados_ID_estado`, `Municipio`) VALUES ('1357', '20', 'Santa Ana Zegache');
INSERT INTO `RIDESCOM`.`Municipio` (`ID_Municipio`, `Estados_ID_estado`, `Municipio`) VALUES ('1358', '20', 'Santa Catalina Quieri');
INSERT INTO `RIDESCOM`.`Municipio` (`ID_Municipio`, `Estados_ID_estado`, `Municipio`) VALUES ('1359', '20', 'Santa Catarina Cuixtla');
INSERT INTO `RIDESCOM`.`Municipio` (`ID_Municipio`, `Estados_ID_estado`, `Municipio`) VALUES ('1360', '20', 'Santa Catarina Ixtepeji');
INSERT INTO `RIDESCOM`.`Municipio` (`ID_Municipio`, `Estados_ID_estado`, `Municipio`) VALUES ('1361', '20', 'Santa Catarina Juquila');
INSERT INTO `RIDESCOM`.`Municipio` (`ID_Municipio`, `Estados_ID_estado`, `Municipio`) VALUES ('1362', '20', 'Santa Catarina Lachatao');
INSERT INTO `RIDESCOM`.`Municipio` (`ID_Municipio`, `Estados_ID_estado`, `Municipio`) VALUES ('1363', '20', 'Santa Catarina Loxicha');
INSERT INTO `RIDESCOM`.`Municipio` (`ID_Municipio`, `Estados_ID_estado`, `Municipio`) VALUES ('1364', '20', 'Santa Catarina Mechoacán');
INSERT INTO `RIDESCOM`.`Municipio` (`ID_Municipio`, `Estados_ID_estado`, `Municipio`) VALUES ('1365', '20', 'Santa Catarina Minas');
INSERT INTO `RIDESCOM`.`Municipio` (`ID_Municipio`, `Estados_ID_estado`, `Municipio`) VALUES ('1366', '20', 'Santa Catarina Quiané');
INSERT INTO `RIDESCOM`.`Municipio` (`ID_Municipio`, `Estados_ID_estado`, `Municipio`) VALUES ('1367', '20', 'Santa Catarina Quioquitani');
INSERT INTO `RIDESCOM`.`Municipio` (`ID_Municipio`, `Estados_ID_estado`, `Municipio`) VALUES ('1368', '20', 'Santa CatarinaTayata');
INSERT INTO `RIDESCOM`.`Municipio` (`ID_Municipio`, `Estados_ID_estado`, `Municipio`) VALUES ('1369', '20', 'Santa Catarina Ticuá');
INSERT INTO `RIDESCOM`.`Municipio` (`ID_Municipio`, `Estados_ID_estado`, `Municipio`) VALUES ('1370', '20', 'Santa Catarina Yosonotú');
INSERT INTO `RIDESCOM`.`Municipio` (`ID_Municipio`, `Estados_ID_estado`, `Municipio`) VALUES ('1371', '20', 'Santa Catarina Zapoquila');
INSERT INTO `RIDESCOM`.`Municipio` (`ID_Municipio`, `Estados_ID_estado`, `Municipio`) VALUES ('1372', '20', 'Santa Cruz Acatepec');
INSERT INTO `RIDESCOM`.`Municipio` (`ID_Municipio`, `Estados_ID_estado`, `Municipio`) VALUES ('1373', '20', 'Santa Cruz Amilpas');
INSERT INTO `RIDESCOM`.`Municipio` (`ID_Municipio`, `Estados_ID_estado`, `Municipio`) VALUES ('1374', '20', 'Santa Cruz de Bravo');
INSERT INTO `RIDESCOM`.`Municipio` (`ID_Municipio`, `Estados_ID_estado`, `Municipio`) VALUES ('1375', '20', 'Santa Cruz Itundujia');
INSERT INTO `RIDESCOM`.`Municipio` (`ID_Municipio`, `Estados_ID_estado`, `Municipio`) VALUES ('1376', '20', 'Santa Cruz Mixtepec');
INSERT INTO `RIDESCOM`.`Municipio` (`ID_Municipio`, `Estados_ID_estado`, `Municipio`) VALUES ('1377', '20', 'Santa Cruz Nundaco');
INSERT INTO `RIDESCOM`.`Municipio` (`ID_Municipio`, `Estados_ID_estado`, `Municipio`) VALUES ('1378', '20', 'Santa Cruz Papalutla');
INSERT INTO `RIDESCOM`.`Municipio` (`ID_Municipio`, `Estados_ID_estado`, `Municipio`) VALUES ('1379', '20', 'Santa Cruz Tacache de Mina');
INSERT INTO `RIDESCOM`.`Municipio` (`ID_Municipio`, `Estados_ID_estado`, `Municipio`) VALUES ('1380', '20', 'Santa Cruz Tacahua');
INSERT INTO `RIDESCOM`.`Municipio` (`ID_Municipio`, `Estados_ID_estado`, `Municipio`) VALUES ('1381', '20', 'Santa Cruz Tayata');
INSERT INTO `RIDESCOM`.`Municipio` (`ID_Municipio`, `Estados_ID_estado`, `Municipio`) VALUES ('1382', '20', 'Santa Cruz Xitla');
INSERT INTO `RIDESCOM`.`Municipio` (`ID_Municipio`, `Estados_ID_estado`, `Municipio`) VALUES ('1383', '20', 'Santa Cruz Xoxocotlán');
INSERT INTO `RIDESCOM`.`Municipio` (`ID_Municipio`, `Estados_ID_estado`, `Municipio`) VALUES ('1384', '20', 'Santa Cruz Zenzontepec');
INSERT INTO `RIDESCOM`.`Municipio` (`ID_Municipio`, `Estados_ID_estado`, `Municipio`) VALUES ('1385', '20', 'Santa Gertrudis');
INSERT INTO `RIDESCOM`.`Municipio` (`ID_Municipio`, `Estados_ID_estado`, `Municipio`) VALUES ('1386', '20', 'Santa Inés del Monte');
INSERT INTO `RIDESCOM`.`Municipio` (`ID_Municipio`, `Estados_ID_estado`, `Municipio`) VALUES ('1387', '20', 'Santa Inés de Zaragoza');
INSERT INTO `RIDESCOM`.`Municipio` (`ID_Municipio`, `Estados_ID_estado`, `Municipio`) VALUES ('1388', '20', 'Santa Inés Yatzeche');
INSERT INTO `RIDESCOM`.`Municipio` (`ID_Municipio`, `Estados_ID_estado`, `Municipio`) VALUES ('1389', '20', 'Santa Lucía del Camino');
INSERT INTO `RIDESCOM`.`Municipio` (`ID_Municipio`, `Estados_ID_estado`, `Municipio`) VALUES ('1390', '20', 'Santa Lucía Miahuatlán');
INSERT INTO `RIDESCOM`.`Municipio` (`ID_Municipio`, `Estados_ID_estado`, `Municipio`) VALUES ('1391', '20', 'Santa Lucía Monteverde');
INSERT INTO `RIDESCOM`.`Municipio` (`ID_Municipio`, `Estados_ID_estado`, `Municipio`) VALUES ('1392', '20', 'Santa Lucía Ocotlán');
INSERT INTO `RIDESCOM`.`Municipio` (`ID_Municipio`, `Estados_ID_estado`, `Municipio`) VALUES ('1393', '20', 'Santa Magdalena Jicotlán');
INSERT INTO `RIDESCOM`.`Municipio` (`ID_Municipio`, `Estados_ID_estado`, `Municipio`) VALUES ('1394', '20', 'Santa María Alotepec');
INSERT INTO `RIDESCOM`.`Municipio` (`ID_Municipio`, `Estados_ID_estado`, `Municipio`) VALUES ('1395', '20', 'Santa María Apazco');
INSERT INTO `RIDESCOM`.`Municipio` (`ID_Municipio`, `Estados_ID_estado`, `Municipio`) VALUES ('1396', '20', 'Santa María Atzompa');
INSERT INTO `RIDESCOM`.`Municipio` (`ID_Municipio`, `Estados_ID_estado`, `Municipio`) VALUES ('1397', '20', 'Santa María Camotlán');
INSERT INTO `RIDESCOM`.`Municipio` (`ID_Municipio`, `Estados_ID_estado`, `Municipio`) VALUES ('1398', '20', 'Santa María Chachoápam');
INSERT INTO `RIDESCOM`.`Municipio` (`ID_Municipio`, `Estados_ID_estado`, `Municipio`) VALUES ('1399', '20', 'Santa María Chilchotla');
INSERT INTO `RIDESCOM`.`Municipio` (`ID_Municipio`, `Estados_ID_estado`, `Municipio`) VALUES ('1400', '20', 'Santa María Chimalapa');
INSERT INTO `RIDESCOM`.`Municipio` (`ID_Municipio`, `Estados_ID_estado`, `Municipio`) VALUES ('1401', '20', 'Santa María Colotepec');
INSERT INTO `RIDESCOM`.`Municipio` (`ID_Municipio`, `Estados_ID_estado`, `Municipio`) VALUES ('1402', '20', 'Santa María Cortijo');
INSERT INTO `RIDESCOM`.`Municipio` (`ID_Municipio`, `Estados_ID_estado`, `Municipio`) VALUES ('1403', '20', 'Santa María Coyotepec');
INSERT INTO `RIDESCOM`.`Municipio` (`ID_Municipio`, `Estados_ID_estado`, `Municipio`) VALUES ('1404', '20', 'Santa María del Rosario');
INSERT INTO `RIDESCOM`.`Municipio` (`ID_Municipio`, `Estados_ID_estado`, `Municipio`) VALUES ('1405', '20', 'Santa María del Tule');
INSERT INTO `RIDESCOM`.`Municipio` (`ID_Municipio`, `Estados_ID_estado`, `Municipio`) VALUES ('1406', '20', 'Santa María Ecatepec');
INSERT INTO `RIDESCOM`.`Municipio` (`ID_Municipio`, `Estados_ID_estado`, `Municipio`) VALUES ('1407', '20', 'Santa María Guelacé');
INSERT INTO `RIDESCOM`.`Municipio` (`ID_Municipio`, `Estados_ID_estado`, `Municipio`) VALUES ('1408', '20', 'Santa María Guienagati');
INSERT INTO `RIDESCOM`.`Municipio` (`ID_Municipio`, `Estados_ID_estado`, `Municipio`) VALUES ('1409', '20', 'Santa María Huatulco');
INSERT INTO `RIDESCOM`.`Municipio` (`ID_Municipio`, `Estados_ID_estado`, `Municipio`) VALUES ('1410', '20', 'Santa María Huazolotitlán');
INSERT INTO `RIDESCOM`.`Municipio` (`ID_Municipio`, `Estados_ID_estado`, `Municipio`) VALUES ('1411', '20', 'Santa María Ipalapa');
INSERT INTO `RIDESCOM`.`Municipio` (`ID_Municipio`, `Estados_ID_estado`, `Municipio`) VALUES ('1412', '20', 'Santa María Ixcatlán');
INSERT INTO `RIDESCOM`.`Municipio` (`ID_Municipio`, `Estados_ID_estado`, `Municipio`) VALUES ('1413', '20', 'Santa María Jacatepec');
INSERT INTO `RIDESCOM`.`Municipio` (`ID_Municipio`, `Estados_ID_estado`, `Municipio`) VALUES ('1414', '20', 'Santa María Jalapa del Marqués');
INSERT INTO `RIDESCOM`.`Municipio` (`ID_Municipio`, `Estados_ID_estado`, `Municipio`) VALUES ('1415', '20', 'Santa María Jaltianguis');
INSERT INTO `RIDESCOM`.`Municipio` (`ID_Municipio`, `Estados_ID_estado`, `Municipio`) VALUES ('1416', '20', 'Santa María la Asunción');
INSERT INTO `RIDESCOM`.`Municipio` (`ID_Municipio`, `Estados_ID_estado`, `Municipio`) VALUES ('1417', '20', 'Santa María Lachixío');
INSERT INTO `RIDESCOM`.`Municipio` (`ID_Municipio`, `Estados_ID_estado`, `Municipio`) VALUES ('1418', '20', 'Santa María Mixtequilla');
INSERT INTO `RIDESCOM`.`Municipio` (`ID_Municipio`, `Estados_ID_estado`, `Municipio`) VALUES ('1419', '20', 'Santa María Nativitas');
INSERT INTO `RIDESCOM`.`Municipio` (`ID_Municipio`, `Estados_ID_estado`, `Municipio`) VALUES ('1420', '20', 'Santa María Nduayaco');
INSERT INTO `RIDESCOM`.`Municipio` (`ID_Municipio`, `Estados_ID_estado`, `Municipio`) VALUES ('1421', '20', 'Santa María Ozolotepec');
INSERT INTO `RIDESCOM`.`Municipio` (`ID_Municipio`, `Estados_ID_estado`, `Municipio`) VALUES ('1422', '20', 'Santa María Pápalo');
INSERT INTO `RIDESCOM`.`Municipio` (`ID_Municipio`, `Estados_ID_estado`, `Municipio`) VALUES ('1423', '20', 'Santa María Peñoles');
INSERT INTO `RIDESCOM`.`Municipio` (`ID_Municipio`, `Estados_ID_estado`, `Municipio`) VALUES ('1424', '20', 'Santa María Petapa');
INSERT INTO `RIDESCOM`.`Municipio` (`ID_Municipio`, `Estados_ID_estado`, `Municipio`) VALUES ('1425', '20', 'Santa María Quiegolani');
INSERT INTO `RIDESCOM`.`Municipio` (`ID_Municipio`, `Estados_ID_estado`, `Municipio`) VALUES ('1426', '20', 'Santa María Sola');
INSERT INTO `RIDESCOM`.`Municipio` (`ID_Municipio`, `Estados_ID_estado`, `Municipio`) VALUES ('1427', '20', 'Santa María Tataltepec');
INSERT INTO `RIDESCOM`.`Municipio` (`ID_Municipio`, `Estados_ID_estado`, `Municipio`) VALUES ('1428', '20', 'Santa María Tecomavaca');
INSERT INTO `RIDESCOM`.`Municipio` (`ID_Municipio`, `Estados_ID_estado`, `Municipio`) VALUES ('1429', '20', 'Santa María Temaxcalapa');
INSERT INTO `RIDESCOM`.`Municipio` (`ID_Municipio`, `Estados_ID_estado`, `Municipio`) VALUES ('1430', '20', 'Santa María Temaxcaltepec');
INSERT INTO `RIDESCOM`.`Municipio` (`ID_Municipio`, `Estados_ID_estado`, `Municipio`) VALUES ('1431', '20', 'Santa María Teopoxco');
INSERT INTO `RIDESCOM`.`Municipio` (`ID_Municipio`, `Estados_ID_estado`, `Municipio`) VALUES ('1432', '20', 'Santa María Tepantlali');
INSERT INTO `RIDESCOM`.`Municipio` (`ID_Municipio`, `Estados_ID_estado`, `Municipio`) VALUES ('1433', '20', 'Santa María Texcatitlán');
INSERT INTO `RIDESCOM`.`Municipio` (`ID_Municipio`, `Estados_ID_estado`, `Municipio`) VALUES ('1434', '20', 'Santa María Tlahuitoltepec');
INSERT INTO `RIDESCOM`.`Municipio` (`ID_Municipio`, `Estados_ID_estado`, `Municipio`) VALUES ('1435', '20', 'Santa María Tlalixtac');
INSERT INTO `RIDESCOM`.`Municipio` (`ID_Municipio`, `Estados_ID_estado`, `Municipio`) VALUES ('1436', '20', 'Santa María Tonameca');
INSERT INTO `RIDESCOM`.`Municipio` (`ID_Municipio`, `Estados_ID_estado`, `Municipio`) VALUES ('1437', '20', 'Santa María Totolapilla');
INSERT INTO `RIDESCOM`.`Municipio` (`ID_Municipio`, `Estados_ID_estado`, `Municipio`) VALUES ('1438', '20', 'Santa María Xadani');
INSERT INTO `RIDESCOM`.`Municipio` (`ID_Municipio`, `Estados_ID_estado`, `Municipio`) VALUES ('1439', '20', 'Santa María Yalina');
INSERT INTO `RIDESCOM`.`Municipio` (`ID_Municipio`, `Estados_ID_estado`, `Municipio`) VALUES ('1440', '20', 'Santa María Yavesía');
INSERT INTO `RIDESCOM`.`Municipio` (`ID_Municipio`, `Estados_ID_estado`, `Municipio`) VALUES ('1441', '20', 'Santa María Yolotepec');
INSERT INTO `RIDESCOM`.`Municipio` (`ID_Municipio`, `Estados_ID_estado`, `Municipio`) VALUES ('1442', '20', 'Santa María Yosoyua');
INSERT INTO `RIDESCOM`.`Municipio` (`ID_Municipio`, `Estados_ID_estado`, `Municipio`) VALUES ('1443', '20', 'Santa María Yucuhiti');
INSERT INTO `RIDESCOM`.`Municipio` (`ID_Municipio`, `Estados_ID_estado`, `Municipio`) VALUES ('1444', '20', 'Santa María Zacatepec');
INSERT INTO `RIDESCOM`.`Municipio` (`ID_Municipio`, `Estados_ID_estado`, `Municipio`) VALUES ('1445', '20', 'Santa María Zaniza');
INSERT INTO `RIDESCOM`.`Municipio` (`ID_Municipio`, `Estados_ID_estado`, `Municipio`) VALUES ('1446', '20', 'Santa María Zoquitlán');
INSERT INTO `RIDESCOM`.`Municipio` (`ID_Municipio`, `Estados_ID_estado`, `Municipio`) VALUES ('1447', '20', 'Santiago Amoltepec');
INSERT INTO `RIDESCOM`.`Municipio` (`ID_Municipio`, `Estados_ID_estado`, `Municipio`) VALUES ('1448', '20', 'Santiago Apoala');
INSERT INTO `RIDESCOM`.`Municipio` (`ID_Municipio`, `Estados_ID_estado`, `Municipio`) VALUES ('1449', '20', 'Santiago Apóstol');
INSERT INTO `RIDESCOM`.`Municipio` (`ID_Municipio`, `Estados_ID_estado`, `Municipio`) VALUES ('1450', '20', 'Santiago Astata');
INSERT INTO `RIDESCOM`.`Municipio` (`ID_Municipio`, `Estados_ID_estado`, `Municipio`) VALUES ('1451', '20', 'Santiago Atitlán');
INSERT INTO `RIDESCOM`.`Municipio` (`ID_Municipio`, `Estados_ID_estado`, `Municipio`) VALUES ('1452', '20', 'Santiago Ayuquililla');
INSERT INTO `RIDESCOM`.`Municipio` (`ID_Municipio`, `Estados_ID_estado`, `Municipio`) VALUES ('1453', '20', 'Santiago Cacaloxtepec');
INSERT INTO `RIDESCOM`.`Municipio` (`ID_Municipio`, `Estados_ID_estado`, `Municipio`) VALUES ('1454', '20', 'Santiago Camotlán');
INSERT INTO `RIDESCOM`.`Municipio` (`ID_Municipio`, `Estados_ID_estado`, `Municipio`) VALUES ('1455', '20', 'Santiago Chazumba');
INSERT INTO `RIDESCOM`.`Municipio` (`ID_Municipio`, `Estados_ID_estado`, `Municipio`) VALUES ('1456', '20', 'Santiago Choápam');
INSERT INTO `RIDESCOM`.`Municipio` (`ID_Municipio`, `Estados_ID_estado`, `Municipio`) VALUES ('1457', '20', 'Santiago Comaltepec');
INSERT INTO `RIDESCOM`.`Municipio` (`ID_Municipio`, `Estados_ID_estado`, `Municipio`) VALUES ('1458', '20', 'Santiago del Río');
INSERT INTO `RIDESCOM`.`Municipio` (`ID_Municipio`, `Estados_ID_estado`, `Municipio`) VALUES ('1459', '20', 'Santiago Huajolotitlán');
INSERT INTO `RIDESCOM`.`Municipio` (`ID_Municipio`, `Estados_ID_estado`, `Municipio`) VALUES ('1460', '20', 'Santiago Huauclilla');
INSERT INTO `RIDESCOM`.`Municipio` (`ID_Municipio`, `Estados_ID_estado`, `Municipio`) VALUES ('1461', '20', 'Santiago Ihuitlán Plumas');
INSERT INTO `RIDESCOM`.`Municipio` (`ID_Municipio`, `Estados_ID_estado`, `Municipio`) VALUES ('1462', '20', 'Santiago Ixcuintepec');
INSERT INTO `RIDESCOM`.`Municipio` (`ID_Municipio`, `Estados_ID_estado`, `Municipio`) VALUES ('1463', '20', 'Santiago Ixtayutla');
INSERT INTO `RIDESCOM`.`Municipio` (`ID_Municipio`, `Estados_ID_estado`, `Municipio`) VALUES ('1464', '20', 'Santiago Jamiltepec');
INSERT INTO `RIDESCOM`.`Municipio` (`ID_Municipio`, `Estados_ID_estado`, `Municipio`) VALUES ('1465', '20', 'Santiago Jocotepec');
INSERT INTO `RIDESCOM`.`Municipio` (`ID_Municipio`, `Estados_ID_estado`, `Municipio`) VALUES ('1466', '20', 'Santiago Juxtlahuaca');
INSERT INTO `RIDESCOM`.`Municipio` (`ID_Municipio`, `Estados_ID_estado`, `Municipio`) VALUES ('1467', '20', 'Santiago Lachiguiri');
INSERT INTO `RIDESCOM`.`Municipio` (`ID_Municipio`, `Estados_ID_estado`, `Municipio`) VALUES ('1468', '20', 'Santiago Lalopa');
INSERT INTO `RIDESCOM`.`Municipio` (`ID_Municipio`, `Estados_ID_estado`, `Municipio`) VALUES ('1469', '20', 'Santiago Laollaga');
INSERT INTO `RIDESCOM`.`Municipio` (`ID_Municipio`, `Estados_ID_estado`, `Municipio`) VALUES ('1470', '20', 'Santiago Laxopa');
INSERT INTO `RIDESCOM`.`Municipio` (`ID_Municipio`, `Estados_ID_estado`, `Municipio`) VALUES ('1471', '20', 'Santiago Llano Grande');
INSERT INTO `RIDESCOM`.`Municipio` (`ID_Municipio`, `Estados_ID_estado`, `Municipio`) VALUES ('1472', '20', 'Santiago Matatlán');
INSERT INTO `RIDESCOM`.`Municipio` (`ID_Municipio`, `Estados_ID_estado`, `Municipio`) VALUES ('1473', '20', 'Santiago Miltepec');
INSERT INTO `RIDESCOM`.`Municipio` (`ID_Municipio`, `Estados_ID_estado`, `Municipio`) VALUES ('1474', '20', 'Santiago Minas');
INSERT INTO `RIDESCOM`.`Municipio` (`ID_Municipio`, `Estados_ID_estado`, `Municipio`) VALUES ('1475', '20', 'Santiago Nacaltepec');
INSERT INTO `RIDESCOM`.`Municipio` (`ID_Municipio`, `Estados_ID_estado`, `Municipio`) VALUES ('1476', '20', 'Santiago Nejapilla');
INSERT INTO `RIDESCOM`.`Municipio` (`ID_Municipio`, `Estados_ID_estado`, `Municipio`) VALUES ('1477', '20', 'Santiago Niltepec');
INSERT INTO `RIDESCOM`.`Municipio` (`ID_Municipio`, `Estados_ID_estado`, `Municipio`) VALUES ('1478', '20', 'Santiago Nundiche');
INSERT INTO `RIDESCOM`.`Municipio` (`ID_Municipio`, `Estados_ID_estado`, `Municipio`) VALUES ('1479', '20', 'Santiago Nuyoó');
INSERT INTO `RIDESCOM`.`Municipio` (`ID_Municipio`, `Estados_ID_estado`, `Municipio`) VALUES ('1480', '20', 'Santiago Pinotepa Nacional');
INSERT INTO `RIDESCOM`.`Municipio` (`ID_Municipio`, `Estados_ID_estado`, `Municipio`) VALUES ('1481', '20', 'Santiago Suchilquitongo');
INSERT INTO `RIDESCOM`.`Municipio` (`ID_Municipio`, `Estados_ID_estado`, `Municipio`) VALUES ('1482', '20', 'Santiago Tamazola');
INSERT INTO `RIDESCOM`.`Municipio` (`ID_Municipio`, `Estados_ID_estado`, `Municipio`) VALUES ('1483', '20', 'Santiago Tapextla');
INSERT INTO `RIDESCOM`.`Municipio` (`ID_Municipio`, `Estados_ID_estado`, `Municipio`) VALUES ('1484', '20', 'Santiago Tenango');
INSERT INTO `RIDESCOM`.`Municipio` (`ID_Municipio`, `Estados_ID_estado`, `Municipio`) VALUES ('1485', '20', 'Santiago Tepetlapa');
INSERT INTO `RIDESCOM`.`Municipio` (`ID_Municipio`, `Estados_ID_estado`, `Municipio`) VALUES ('1486', '20', 'Santiago Tetepec');
INSERT INTO `RIDESCOM`.`Municipio` (`ID_Municipio`, `Estados_ID_estado`, `Municipio`) VALUES ('1487', '20', 'Santiago Texcalcingo');
INSERT INTO `RIDESCOM`.`Municipio` (`ID_Municipio`, `Estados_ID_estado`, `Municipio`) VALUES ('1488', '20', 'Santiago Textitlán');
INSERT INTO `RIDESCOM`.`Municipio` (`ID_Municipio`, `Estados_ID_estado`, `Municipio`) VALUES ('1489', '20', 'Santiago Tilantongo');
INSERT INTO `RIDESCOM`.`Municipio` (`ID_Municipio`, `Estados_ID_estado`, `Municipio`) VALUES ('1490', '20', 'Santiago Tillo');
INSERT INTO `RIDESCOM`.`Municipio` (`ID_Municipio`, `Estados_ID_estado`, `Municipio`) VALUES ('1491', '20', 'Santiago Tlazoyaltepec');
INSERT INTO `RIDESCOM`.`Municipio` (`ID_Municipio`, `Estados_ID_estado`, `Municipio`) VALUES ('1492', '20', 'Santiago Xanica');
INSERT INTO `RIDESCOM`.`Municipio` (`ID_Municipio`, `Estados_ID_estado`, `Municipio`) VALUES ('1493', '20', 'Santiago Xiacuí');
INSERT INTO `RIDESCOM`.`Municipio` (`ID_Municipio`, `Estados_ID_estado`, `Municipio`) VALUES ('1494', '20', 'Santiago Yaitepec');
INSERT INTO `RIDESCOM`.`Municipio` (`ID_Municipio`, `Estados_ID_estado`, `Municipio`) VALUES ('1495', '20', 'Santiago Yaveo');
INSERT INTO `RIDESCOM`.`Municipio` (`ID_Municipio`, `Estados_ID_estado`, `Municipio`) VALUES ('1496', '20', 'Santiago Yolomécatl');
INSERT INTO `RIDESCOM`.`Municipio` (`ID_Municipio`, `Estados_ID_estado`, `Municipio`) VALUES ('1497', '20', 'Santiago Yosondúa');
INSERT INTO `RIDESCOM`.`Municipio` (`ID_Municipio`, `Estados_ID_estado`, `Municipio`) VALUES ('1498', '20', 'Santiago Yucuyachi');
INSERT INTO `RIDESCOM`.`Municipio` (`ID_Municipio`, `Estados_ID_estado`, `Municipio`) VALUES ('1499', '20', 'Santiago Zacatepec');
INSERT INTO `RIDESCOM`.`Municipio` (`ID_Municipio`, `Estados_ID_estado`, `Municipio`) VALUES ('1500', '20', 'Santiago Zoochila');
INSERT INTO `RIDESCOM`.`Municipio` (`ID_Municipio`, `Estados_ID_estado`, `Municipio`) VALUES ('1501', '20', 'Santo Domingo Albarradas');
INSERT INTO `RIDESCOM`.`Municipio` (`ID_Municipio`, `Estados_ID_estado`, `Municipio`) VALUES ('1502', '20', 'Santo Domingo Armenta');
INSERT INTO `RIDESCOM`.`Municipio` (`ID_Municipio`, `Estados_ID_estado`, `Municipio`) VALUES ('1503', '20', 'Santo Domingo Chihuitán');
INSERT INTO `RIDESCOM`.`Municipio` (`ID_Municipio`, `Estados_ID_estado`, `Municipio`) VALUES ('1504', '20', 'Santo Domingo de Morelos');
INSERT INTO `RIDESCOM`.`Municipio` (`ID_Municipio`, `Estados_ID_estado`, `Municipio`) VALUES ('1505', '20', 'Santo Domingo Ingenio');
INSERT INTO `RIDESCOM`.`Municipio` (`ID_Municipio`, `Estados_ID_estado`, `Municipio`) VALUES ('1506', '20', 'Santo Domingo Ixcatlán');
INSERT INTO `RIDESCOM`.`Municipio` (`ID_Municipio`, `Estados_ID_estado`, `Municipio`) VALUES ('1507', '20', 'Santo Domingo Nuxaá');
INSERT INTO `RIDESCOM`.`Municipio` (`ID_Municipio`, `Estados_ID_estado`, `Municipio`) VALUES ('1508', '20', 'Santo Domingo Ozolotepec');
INSERT INTO `RIDESCOM`.`Municipio` (`ID_Municipio`, `Estados_ID_estado`, `Municipio`) VALUES ('1509', '20', 'Santo Domingo Petapa');
INSERT INTO `RIDESCOM`.`Municipio` (`ID_Municipio`, `Estados_ID_estado`, `Municipio`) VALUES ('1510', '20', 'Santo Domingo Roayaga');
INSERT INTO `RIDESCOM`.`Municipio` (`ID_Municipio`, `Estados_ID_estado`, `Municipio`) VALUES ('1511', '20', 'Santo Domingo Tehuantepec');
INSERT INTO `RIDESCOM`.`Municipio` (`ID_Municipio`, `Estados_ID_estado`, `Municipio`) VALUES ('1512', '20', 'Santo Domingo Teojomulco');
INSERT INTO `RIDESCOM`.`Municipio` (`ID_Municipio`, `Estados_ID_estado`, `Municipio`) VALUES ('1513', '20', 'Santo Domingo Tepuxtepec');
INSERT INTO `RIDESCOM`.`Municipio` (`ID_Municipio`, `Estados_ID_estado`, `Municipio`) VALUES ('1514', '20', 'Santo Domingo Tlatayapam');
INSERT INTO `RIDESCOM`.`Municipio` (`ID_Municipio`, `Estados_ID_estado`, `Municipio`) VALUES ('1515', '20', 'Santo Domingo Tomaltepec');
INSERT INTO `RIDESCOM`.`Municipio` (`ID_Municipio`, `Estados_ID_estado`, `Municipio`) VALUES ('1516', '20', 'Santo Domingo Tonalá');
INSERT INTO `RIDESCOM`.`Municipio` (`ID_Municipio`, `Estados_ID_estado`, `Municipio`) VALUES ('1517', '20', 'Santo Domingo Tonaltepec');
INSERT INTO `RIDESCOM`.`Municipio` (`ID_Municipio`, `Estados_ID_estado`, `Municipio`) VALUES ('1518', '20', 'Santo Domingo Xagacía');
INSERT INTO `RIDESCOM`.`Municipio` (`ID_Municipio`, `Estados_ID_estado`, `Municipio`) VALUES ('1519', '20', 'Santo Domingo Yanhuitlán');
INSERT INTO `RIDESCOM`.`Municipio` (`ID_Municipio`, `Estados_ID_estado`, `Municipio`) VALUES ('1520', '20', 'Santo Domingo Yodohino');
INSERT INTO `RIDESCOM`.`Municipio` (`ID_Municipio`, `Estados_ID_estado`, `Municipio`) VALUES ('1521', '20', 'Santo Domingo Zanatepec');
INSERT INTO `RIDESCOM`.`Municipio` (`ID_Municipio`, `Estados_ID_estado`, `Municipio`) VALUES ('1522', '20', 'Santo Tomás Jalieza');
INSERT INTO `RIDESCOM`.`Municipio` (`ID_Municipio`, `Estados_ID_estado`, `Municipio`) VALUES ('1523', '20', 'Santo Tomás Mazaltepec');
INSERT INTO `RIDESCOM`.`Municipio` (`ID_Municipio`, `Estados_ID_estado`, `Municipio`) VALUES ('1524', '20', 'Santo Tomás Ocotepec');
INSERT INTO `RIDESCOM`.`Municipio` (`ID_Municipio`, `Estados_ID_estado`, `Municipio`) VALUES ('1525', '20', 'Santo Tomás Tamazulapan');
INSERT INTO `RIDESCOM`.`Municipio` (`ID_Municipio`, `Estados_ID_estado`, `Municipio`) VALUES ('1526', '20', 'Santos Reyes Nopala');
INSERT INTO `RIDESCOM`.`Municipio` (`ID_Municipio`, `Estados_ID_estado`, `Municipio`) VALUES ('1527', '20', 'Santos Reyes Pápalo');
INSERT INTO `RIDESCOM`.`Municipio` (`ID_Municipio`, `Estados_ID_estado`, `Municipio`) VALUES ('1528', '20', 'Santos Reyes Tepejillo');
INSERT INTO `RIDESCOM`.`Municipio` (`ID_Municipio`, `Estados_ID_estado`, `Municipio`) VALUES ('1529', '20', 'Santos Reyes Yucuná');
INSERT INTO `RIDESCOM`.`Municipio` (`ID_Municipio`, `Estados_ID_estado`, `Municipio`) VALUES ('1530', '20', 'San Vicente Coatlán');
INSERT INTO `RIDESCOM`.`Municipio` (`ID_Municipio`, `Estados_ID_estado`, `Municipio`) VALUES ('1531', '20', 'San Vicente Lachixío');
INSERT INTO `RIDESCOM`.`Municipio` (`ID_Municipio`, `Estados_ID_estado`, `Municipio`) VALUES ('1532', '20', 'San Vicente Nuñú');
INSERT INTO `RIDESCOM`.`Municipio` (`ID_Municipio`, `Estados_ID_estado`, `Municipio`) VALUES ('1533', '20', 'Silacayoápam');
INSERT INTO `RIDESCOM`.`Municipio` (`ID_Municipio`, `Estados_ID_estado`, `Municipio`) VALUES ('1534', '20', 'Sitio de Xitlapehua');
INSERT INTO `RIDESCOM`.`Municipio` (`ID_Municipio`, `Estados_ID_estado`, `Municipio`) VALUES ('1535', '20', 'Soledad Etla');
INSERT INTO `RIDESCOM`.`Municipio` (`ID_Municipio`, `Estados_ID_estado`, `Municipio`) VALUES ('1536', '20', 'Tamazulápam del Espíritu Santo');
INSERT INTO `RIDESCOM`.`Municipio` (`ID_Municipio`, `Estados_ID_estado`, `Municipio`) VALUES ('1537', '20', 'Tanetze de Zaragoza');
INSERT INTO `RIDESCOM`.`Municipio` (`ID_Municipio`, `Estados_ID_estado`, `Municipio`) VALUES ('1538', '20', 'Taniche');
INSERT INTO `RIDESCOM`.`Municipio` (`ID_Municipio`, `Estados_ID_estado`, `Municipio`) VALUES ('1539', '20', 'Tataltepec de Valdés');
INSERT INTO `RIDESCOM`.`Municipio` (`ID_Municipio`, `Estados_ID_estado`, `Municipio`) VALUES ('1540', '20', 'Teococuilco de Marcos Pérez');
INSERT INTO `RIDESCOM`.`Municipio` (`ID_Municipio`, `Estados_ID_estado`, `Municipio`) VALUES ('1541', '20', 'Teotitlán de Flores Magón');
INSERT INTO `RIDESCOM`.`Municipio` (`ID_Municipio`, `Estados_ID_estado`, `Municipio`) VALUES ('1542', '20', 'Teotitlán del Valle');
INSERT INTO `RIDESCOM`.`Municipio` (`ID_Municipio`, `Estados_ID_estado`, `Municipio`) VALUES ('1543', '20', 'Teotongo');
INSERT INTO `RIDESCOM`.`Municipio` (`ID_Municipio`, `Estados_ID_estado`, `Municipio`) VALUES ('1544', '20', 'Tepelmeme Villa de Morelos');
INSERT INTO `RIDESCOM`.`Municipio` (`ID_Municipio`, `Estados_ID_estado`, `Municipio`) VALUES ('1545', '20', 'Tezoatlán de Segura y Luna');
INSERT INTO `RIDESCOM`.`Municipio` (`ID_Municipio`, `Estados_ID_estado`, `Municipio`) VALUES ('1546', '20', 'Tlacolula de Matamoros');
INSERT INTO `RIDESCOM`.`Municipio` (`ID_Municipio`, `Estados_ID_estado`, `Municipio`) VALUES ('1547', '20', 'Tlacotepec Plumas');
INSERT INTO `RIDESCOM`.`Municipio` (`ID_Municipio`, `Estados_ID_estado`, `Municipio`) VALUES ('1548', '20', 'Tlalixtac de Cabrera');
INSERT INTO `RIDESCOM`.`Municipio` (`ID_Municipio`, `Estados_ID_estado`, `Municipio`) VALUES ('1549', '20', 'Totontepec Villa de Morelos');
INSERT INTO `RIDESCOM`.`Municipio` (`ID_Municipio`, `Estados_ID_estado`, `Municipio`) VALUES ('1550', '20', 'Trinidad Zaáchila');
INSERT INTO `RIDESCOM`.`Municipio` (`ID_Municipio`, `Estados_ID_estado`, `Municipio`) VALUES ('1551', '20', 'Unión Hidalgo');
INSERT INTO `RIDESCOM`.`Municipio` (`ID_Municipio`, `Estados_ID_estado`, `Municipio`) VALUES ('1552', '20', 'Valerio Trujano');
INSERT INTO `RIDESCOM`.`Municipio` (`ID_Municipio`, `Estados_ID_estado`, `Municipio`) VALUES ('1553', '20', 'Villa de Chilapa de Díaz');
INSERT INTO `RIDESCOM`.`Municipio` (`ID_Municipio`, `Estados_ID_estado`, `Municipio`) VALUES ('1554', '20', 'Villa de Etla');
INSERT INTO `RIDESCOM`.`Municipio` (`ID_Municipio`, `Estados_ID_estado`, `Municipio`) VALUES ('1555', '20', 'Villa de Tamazulápam del Progreso');
INSERT INTO `RIDESCOM`.`Municipio` (`ID_Municipio`, `Estados_ID_estado`, `Municipio`) VALUES ('1556', '20', 'Villa de Tututepec de Melchor Ocampo');
INSERT INTO `RIDESCOM`.`Municipio` (`ID_Municipio`, `Estados_ID_estado`, `Municipio`) VALUES ('1557', '20', 'Villa de Zaáchila');
INSERT INTO `RIDESCOM`.`Municipio` (`ID_Municipio`, `Estados_ID_estado`, `Municipio`) VALUES ('1558', '20', 'Villa Díaz Ordaz');
INSERT INTO `RIDESCOM`.`Municipio` (`ID_Municipio`, `Estados_ID_estado`, `Municipio`) VALUES ('1559', '20', 'Villa Hidalgo');
INSERT INTO `RIDESCOM`.`Municipio` (`ID_Municipio`, `Estados_ID_estado`, `Municipio`) VALUES ('1560', '20', 'Villa Sola de Vega');
INSERT INTO `RIDESCOM`.`Municipio` (`ID_Municipio`, `Estados_ID_estado`, `Municipio`) VALUES ('1561', '20', 'Villa Talea de Castro');
INSERT INTO `RIDESCOM`.`Municipio` (`ID_Municipio`, `Estados_ID_estado`, `Municipio`) VALUES ('1562', '20', 'Villa Tejupam de la Unión');
INSERT INTO `RIDESCOM`.`Municipio` (`ID_Municipio`, `Estados_ID_estado`, `Municipio`) VALUES ('1563', '20', 'Yaxe');
INSERT INTO `RIDESCOM`.`Municipio` (`ID_Municipio`, `Estados_ID_estado`, `Municipio`) VALUES ('1564', '20', 'Yogana');
INSERT INTO `RIDESCOM`.`Municipio` (`ID_Municipio`, `Estados_ID_estado`, `Municipio`) VALUES ('1565', '20', 'Yutanduchi de Guerrero');
INSERT INTO `RIDESCOM`.`Municipio` (`ID_Municipio`, `Estados_ID_estado`, `Municipio`) VALUES ('1566', '20', 'Zapotitlán del Río');
INSERT INTO `RIDESCOM`.`Municipio` (`ID_Municipio`, `Estados_ID_estado`, `Municipio`) VALUES ('1567', '20', 'Zapotitlán Lagunas');
INSERT INTO `RIDESCOM`.`Municipio` (`ID_Municipio`, `Estados_ID_estado`, `Municipio`) VALUES ('1568', '20', 'Zapotitlán Palmas');
INSERT INTO `RIDESCOM`.`Municipio` (`ID_Municipio`, `Estados_ID_estado`, `Municipio`) VALUES ('1569', '20', 'Zimatlán de Álvarez');
INSERT INTO `RIDESCOM`.`Municipio` (`ID_Municipio`, `Estados_ID_estado`, `Municipio`) VALUES ('1570', '21', 'Acajete');
INSERT INTO `RIDESCOM`.`Municipio` (`ID_Municipio`, `Estados_ID_estado`, `Municipio`) VALUES ('1571', '21', 'Acateno');
INSERT INTO `RIDESCOM`.`Municipio` (`ID_Municipio`, `Estados_ID_estado`, `Municipio`) VALUES ('1572', '21', 'Acatlán');
INSERT INTO `RIDESCOM`.`Municipio` (`ID_Municipio`, `Estados_ID_estado`, `Municipio`) VALUES ('1573', '21', 'Acatzingo');
INSERT INTO `RIDESCOM`.`Municipio` (`ID_Municipio`, `Estados_ID_estado`, `Municipio`) VALUES ('1574', '21', 'Acteopan');
INSERT INTO `RIDESCOM`.`Municipio` (`ID_Municipio`, `Estados_ID_estado`, `Municipio`) VALUES ('1575', '21', 'Ahuacatlán');
INSERT INTO `RIDESCOM`.`Municipio` (`ID_Municipio`, `Estados_ID_estado`, `Municipio`) VALUES ('1576', '21', 'Ahuatlán');
INSERT INTO `RIDESCOM`.`Municipio` (`ID_Municipio`, `Estados_ID_estado`, `Municipio`) VALUES ('1577', '21', 'Ahuazotepec');
INSERT INTO `RIDESCOM`.`Municipio` (`ID_Municipio`, `Estados_ID_estado`, `Municipio`) VALUES ('1578', '21', 'Ahuehuetitla');
INSERT INTO `RIDESCOM`.`Municipio` (`ID_Municipio`, `Estados_ID_estado`, `Municipio`) VALUES ('1579', '21', 'Ajalpan');
INSERT INTO `RIDESCOM`.`Municipio` (`ID_Municipio`, `Estados_ID_estado`, `Municipio`) VALUES ('1580', '21', 'Albino Zertuche');
INSERT INTO `RIDESCOM`.`Municipio` (`ID_Municipio`, `Estados_ID_estado`, `Municipio`) VALUES ('1581', '21', 'Aljojuca');
INSERT INTO `RIDESCOM`.`Municipio` (`ID_Municipio`, `Estados_ID_estado`, `Municipio`) VALUES ('1582', '21', 'Altepexi');
INSERT INTO `RIDESCOM`.`Municipio` (`ID_Municipio`, `Estados_ID_estado`, `Municipio`) VALUES ('1583', '21', 'Amixtlán');
INSERT INTO `RIDESCOM`.`Municipio` (`ID_Municipio`, `Estados_ID_estado`, `Municipio`) VALUES ('1584', '21', 'Amozoc');
INSERT INTO `RIDESCOM`.`Municipio` (`ID_Municipio`, `Estados_ID_estado`, `Municipio`) VALUES ('1585', '21', 'Aquixtla');
INSERT INTO `RIDESCOM`.`Municipio` (`ID_Municipio`, `Estados_ID_estado`, `Municipio`) VALUES ('1586', '21', 'Atempan');
INSERT INTO `RIDESCOM`.`Municipio` (`ID_Municipio`, `Estados_ID_estado`, `Municipio`) VALUES ('1587', '21', 'Atexcal');
INSERT INTO `RIDESCOM`.`Municipio` (`ID_Municipio`, `Estados_ID_estado`, `Municipio`) VALUES ('1588', '21', 'Atlequizayan');
INSERT INTO `RIDESCOM`.`Municipio` (`ID_Municipio`, `Estados_ID_estado`, `Municipio`) VALUES ('1589', '21', 'Atlixco');
INSERT INTO `RIDESCOM`.`Municipio` (`ID_Municipio`, `Estados_ID_estado`, `Municipio`) VALUES ('1590', '21', 'Atoyatempan');
INSERT INTO `RIDESCOM`.`Municipio` (`ID_Municipio`, `Estados_ID_estado`, `Municipio`) VALUES ('1591', '21', 'Atzala');
INSERT INTO `RIDESCOM`.`Municipio` (`ID_Municipio`, `Estados_ID_estado`, `Municipio`) VALUES ('1592', '21', 'Atzitzihuacán');
INSERT INTO `RIDESCOM`.`Municipio` (`ID_Municipio`, `Estados_ID_estado`, `Municipio`) VALUES ('1593', '21', 'Atzitzintla');
INSERT INTO `RIDESCOM`.`Municipio` (`ID_Municipio`, `Estados_ID_estado`, `Municipio`) VALUES ('1594', '21', 'Axutla');
INSERT INTO `RIDESCOM`.`Municipio` (`ID_Municipio`, `Estados_ID_estado`, `Municipio`) VALUES ('1595', '21', 'Ayotoxco de Guerrero');
INSERT INTO `RIDESCOM`.`Municipio` (`ID_Municipio`, `Estados_ID_estado`, `Municipio`) VALUES ('1596', '21', 'Calpan');
INSERT INTO `RIDESCOM`.`Municipio` (`ID_Municipio`, `Estados_ID_estado`, `Municipio`) VALUES ('1597', '21', 'Caltepec');
INSERT INTO `RIDESCOM`.`Municipio` (`ID_Municipio`, `Estados_ID_estado`, `Municipio`) VALUES ('1598', '21', 'Camocuautla');
INSERT INTO `RIDESCOM`.`Municipio` (`ID_Municipio`, `Estados_ID_estado`, `Municipio`) VALUES ('1599', '21', 'Cañada Morelos');
INSERT INTO `RIDESCOM`.`Municipio` (`ID_Municipio`, `Estados_ID_estado`, `Municipio`) VALUES ('1600', '21', 'Caxhuacan');
INSERT INTO `RIDESCOM`.`Municipio` (`ID_Municipio`, `Estados_ID_estado`, `Municipio`) VALUES ('1601', '21', 'Chalchicomula de Sesma');
INSERT INTO `RIDESCOM`.`Municipio` (`ID_Municipio`, `Estados_ID_estado`, `Municipio`) VALUES ('1602', '21', 'Chapulco');
INSERT INTO `RIDESCOM`.`Municipio` (`ID_Municipio`, `Estados_ID_estado`, `Municipio`) VALUES ('1603', '21', 'Chiautla');
INSERT INTO `RIDESCOM`.`Municipio` (`ID_Municipio`, `Estados_ID_estado`, `Municipio`) VALUES ('1604', '21', 'Chiautzingo');
INSERT INTO `RIDESCOM`.`Municipio` (`ID_Municipio`, `Estados_ID_estado`, `Municipio`) VALUES ('1605', '21', 'Chichiquila');
INSERT INTO `RIDESCOM`.`Municipio` (`ID_Municipio`, `Estados_ID_estado`, `Municipio`) VALUES ('1606', '21', 'Chiconcuautla');
INSERT INTO `RIDESCOM`.`Municipio` (`ID_Municipio`, `Estados_ID_estado`, `Municipio`) VALUES ('1607', '21', 'Chietla');
INSERT INTO `RIDESCOM`.`Municipio` (`ID_Municipio`, `Estados_ID_estado`, `Municipio`) VALUES ('1608', '21', 'Chigmecatitlán');
INSERT INTO `RIDESCOM`.`Municipio` (`ID_Municipio`, `Estados_ID_estado`, `Municipio`) VALUES ('1609', '21', 'Chignahuapan');
INSERT INTO `RIDESCOM`.`Municipio` (`ID_Municipio`, `Estados_ID_estado`, `Municipio`) VALUES ('1610', '21', 'Chignautla');
INSERT INTO `RIDESCOM`.`Municipio` (`ID_Municipio`, `Estados_ID_estado`, `Municipio`) VALUES ('1611', '21', 'Chila');
INSERT INTO `RIDESCOM`.`Municipio` (`ID_Municipio`, `Estados_ID_estado`, `Municipio`) VALUES ('1612', '21', 'Chila de la Sal');
INSERT INTO `RIDESCOM`.`Municipio` (`ID_Municipio`, `Estados_ID_estado`, `Municipio`) VALUES ('1613', '21', 'Chilchotla');
INSERT INTO `RIDESCOM`.`Municipio` (`ID_Municipio`, `Estados_ID_estado`, `Municipio`) VALUES ('1614', '21', 'Chinantla');
INSERT INTO `RIDESCOM`.`Municipio` (`ID_Municipio`, `Estados_ID_estado`, `Municipio`) VALUES ('1615', '21', 'Coatepec');
INSERT INTO `RIDESCOM`.`Municipio` (`ID_Municipio`, `Estados_ID_estado`, `Municipio`) VALUES ('1616', '21', 'Coatzingo');
INSERT INTO `RIDESCOM`.`Municipio` (`ID_Municipio`, `Estados_ID_estado`, `Municipio`) VALUES ('1617', '21', 'Cohetzala');
INSERT INTO `RIDESCOM`.`Municipio` (`ID_Municipio`, `Estados_ID_estado`, `Municipio`) VALUES ('1618', '21', 'Cohuecan');
INSERT INTO `RIDESCOM`.`Municipio` (`ID_Municipio`, `Estados_ID_estado`, `Municipio`) VALUES ('1619', '21', 'Coronango');
INSERT INTO `RIDESCOM`.`Municipio` (`ID_Municipio`, `Estados_ID_estado`, `Municipio`) VALUES ('1620', '21', 'Coxcatlán');
INSERT INTO `RIDESCOM`.`Municipio` (`ID_Municipio`, `Estados_ID_estado`, `Municipio`) VALUES ('1621', '21', 'Coyomeapan');
INSERT INTO `RIDESCOM`.`Municipio` (`ID_Municipio`, `Estados_ID_estado`, `Municipio`) VALUES ('1622', '21', 'Coyotepec');
INSERT INTO `RIDESCOM`.`Municipio` (`ID_Municipio`, `Estados_ID_estado`, `Municipio`) VALUES ('1623', '21', 'Cuapiaxtla de Madero');
INSERT INTO `RIDESCOM`.`Municipio` (`ID_Municipio`, `Estados_ID_estado`, `Municipio`) VALUES ('1624', '21', 'Cuautempan');
INSERT INTO `RIDESCOM`.`Municipio` (`ID_Municipio`, `Estados_ID_estado`, `Municipio`) VALUES ('1625', '21', 'Cuautinchán');
INSERT INTO `RIDESCOM`.`Municipio` (`ID_Municipio`, `Estados_ID_estado`, `Municipio`) VALUES ('1626', '21', 'Cuautlancingo');
INSERT INTO `RIDESCOM`.`Municipio` (`ID_Municipio`, `Estados_ID_estado`, `Municipio`) VALUES ('1627', '21', 'Cuayuca de Andradre');
INSERT INTO `RIDESCOM`.`Municipio` (`ID_Municipio`, `Estados_ID_estado`, `Municipio`) VALUES ('1628', '21', 'Cuetzalan del Progreso');
INSERT INTO `RIDESCOM`.`Municipio` (`ID_Municipio`, `Estados_ID_estado`, `Municipio`) VALUES ('1629', '21', 'Cuyoaco');
INSERT INTO `RIDESCOM`.`Municipio` (`ID_Municipio`, `Estados_ID_estado`, `Municipio`) VALUES ('1630', '21', 'Domingo Arenas');
INSERT INTO `RIDESCOM`.`Municipio` (`ID_Municipio`, `Estados_ID_estado`, `Municipio`) VALUES ('1631', '21', 'Eloxochitlán');
INSERT INTO `RIDESCOM`.`Municipio` (`ID_Municipio`, `Estados_ID_estado`, `Municipio`) VALUES ('1632', '21', 'Epatlán');
INSERT INTO `RIDESCOM`.`Municipio` (`ID_Municipio`, `Estados_ID_estado`, `Municipio`) VALUES ('1633', '21', 'Esperanza');
INSERT INTO `RIDESCOM`.`Municipio` (`ID_Municipio`, `Estados_ID_estado`, `Municipio`) VALUES ('1634', '21', 'Francisco Z. Mena');
INSERT INTO `RIDESCOM`.`Municipio` (`ID_Municipio`, `Estados_ID_estado`, `Municipio`) VALUES ('1635', '21', 'General Felipe Ángeles');
INSERT INTO `RIDESCOM`.`Municipio` (`ID_Municipio`, `Estados_ID_estado`, `Municipio`) VALUES ('1636', '21', 'Guadalupe');
INSERT INTO `RIDESCOM`.`Municipio` (`ID_Municipio`, `Estados_ID_estado`, `Municipio`) VALUES ('1637', '21', 'Guadalupe Victoria');
INSERT INTO `RIDESCOM`.`Municipio` (`ID_Municipio`, `Estados_ID_estado`, `Municipio`) VALUES ('1638', '21', 'Hermenegildo Galeana');
INSERT INTO `RIDESCOM`.`Municipio` (`ID_Municipio`, `Estados_ID_estado`, `Municipio`) VALUES ('1639', '21', 'Honey');
INSERT INTO `RIDESCOM`.`Municipio` (`ID_Municipio`, `Estados_ID_estado`, `Municipio`) VALUES ('1640', '21', 'Huaquechula');
INSERT INTO `RIDESCOM`.`Municipio` (`ID_Municipio`, `Estados_ID_estado`, `Municipio`) VALUES ('1641', '21', 'Huatlatlauca');
INSERT INTO `RIDESCOM`.`Municipio` (`ID_Municipio`, `Estados_ID_estado`, `Municipio`) VALUES ('1642', '21', 'Huauchinango');
INSERT INTO `RIDESCOM`.`Municipio` (`ID_Municipio`, `Estados_ID_estado`, `Municipio`) VALUES ('1643', '21', 'Huehuetla');
INSERT INTO `RIDESCOM`.`Municipio` (`ID_Municipio`, `Estados_ID_estado`, `Municipio`) VALUES ('1644', '21', 'Huehuetlán el Chico');
INSERT INTO `RIDESCOM`.`Municipio` (`ID_Municipio`, `Estados_ID_estado`, `Municipio`) VALUES ('1645', '21', 'Huehuetlán el Grande');
INSERT INTO `RIDESCOM`.`Municipio` (`ID_Municipio`, `Estados_ID_estado`, `Municipio`) VALUES ('1646', '21', 'Huejotzingo');
INSERT INTO `RIDESCOM`.`Municipio` (`ID_Municipio`, `Estados_ID_estado`, `Municipio`) VALUES ('1647', '21', 'Hueyapan');
INSERT INTO `RIDESCOM`.`Municipio` (`ID_Municipio`, `Estados_ID_estado`, `Municipio`) VALUES ('1648', '21', 'Hueytamalco');
INSERT INTO `RIDESCOM`.`Municipio` (`ID_Municipio`, `Estados_ID_estado`, `Municipio`) VALUES ('1649', '21', 'Hueytlalpan');
INSERT INTO `RIDESCOM`.`Municipio` (`ID_Municipio`, `Estados_ID_estado`, `Municipio`) VALUES ('1650', '21', 'Huitzilán de Serdán');
INSERT INTO `RIDESCOM`.`Municipio` (`ID_Municipio`, `Estados_ID_estado`, `Municipio`) VALUES ('1651', '21', 'Huitziltepec');
INSERT INTO `RIDESCOM`.`Municipio` (`ID_Municipio`, `Estados_ID_estado`, `Municipio`) VALUES ('1652', '21', 'Ixcamilpa de Guerrero');
INSERT INTO `RIDESCOM`.`Municipio` (`ID_Municipio`, `Estados_ID_estado`, `Municipio`) VALUES ('1653', '21', 'Ixcaquixtla');
INSERT INTO `RIDESCOM`.`Municipio` (`ID_Municipio`, `Estados_ID_estado`, `Municipio`) VALUES ('1654', '21', 'Ixtacamaxtitlán');
INSERT INTO `RIDESCOM`.`Municipio` (`ID_Municipio`, `Estados_ID_estado`, `Municipio`) VALUES ('1655', '21', 'Ixtepec');
INSERT INTO `RIDESCOM`.`Municipio` (`ID_Municipio`, `Estados_ID_estado`, `Municipio`) VALUES ('1656', '21', 'Izúcar de Matamoros');
INSERT INTO `RIDESCOM`.`Municipio` (`ID_Municipio`, `Estados_ID_estado`, `Municipio`) VALUES ('1657', '21', 'Jalpan');
INSERT INTO `RIDESCOM`.`Municipio` (`ID_Municipio`, `Estados_ID_estado`, `Municipio`) VALUES ('1658', '21', 'Jolalpan');
INSERT INTO `RIDESCOM`.`Municipio` (`ID_Municipio`, `Estados_ID_estado`, `Municipio`) VALUES ('1659', '21', 'Jonotla');
INSERT INTO `RIDESCOM`.`Municipio` (`ID_Municipio`, `Estados_ID_estado`, `Municipio`) VALUES ('1660', '21', 'Jopala');
INSERT INTO `RIDESCOM`.`Municipio` (`ID_Municipio`, `Estados_ID_estado`, `Municipio`) VALUES ('1661', '21', 'Juan C. Bonilla');
INSERT INTO `RIDESCOM`.`Municipio` (`ID_Municipio`, `Estados_ID_estado`, `Municipio`) VALUES ('1662', '21', 'Juan Galindo');
INSERT INTO `RIDESCOM`.`Municipio` (`ID_Municipio`, `Estados_ID_estado`, `Municipio`) VALUES ('1663', '21', 'Juan N. Méndez');
INSERT INTO `RIDESCOM`.`Municipio` (`ID_Municipio`, `Estados_ID_estado`, `Municipio`) VALUES ('1664', '21', 'Lafragua');
INSERT INTO `RIDESCOM`.`Municipio` (`ID_Municipio`, `Estados_ID_estado`, `Municipio`) VALUES ('1665', '21', 'Libres');
INSERT INTO `RIDESCOM`.`Municipio` (`ID_Municipio`, `Estados_ID_estado`, `Municipio`) VALUES ('1666', '21', 'Los Reyes de Juárez');
INSERT INTO `RIDESCOM`.`Municipio` (`ID_Municipio`, `Estados_ID_estado`, `Municipio`) VALUES ('1667', '21', 'Magdalena Tlatlauquitepec');
INSERT INTO `RIDESCOM`.`Municipio` (`ID_Municipio`, `Estados_ID_estado`, `Municipio`) VALUES ('1668', '21', 'Mazapiltepec de Juárez');
INSERT INTO `RIDESCOM`.`Municipio` (`ID_Municipio`, `Estados_ID_estado`, `Municipio`) VALUES ('1669', '21', 'Mixtla');
INSERT INTO `RIDESCOM`.`Municipio` (`ID_Municipio`, `Estados_ID_estado`, `Municipio`) VALUES ('1670', '21', 'Molcaxac');
INSERT INTO `RIDESCOM`.`Municipio` (`ID_Municipio`, `Estados_ID_estado`, `Municipio`) VALUES ('1671', '21', 'Naupan');
INSERT INTO `RIDESCOM`.`Municipio` (`ID_Municipio`, `Estados_ID_estado`, `Municipio`) VALUES ('1672', '21', 'Nauzontla');
INSERT INTO `RIDESCOM`.`Municipio` (`ID_Municipio`, `Estados_ID_estado`, `Municipio`) VALUES ('1673', '21', 'Nealtican');
INSERT INTO `RIDESCOM`.`Municipio` (`ID_Municipio`, `Estados_ID_estado`, `Municipio`) VALUES ('1674', '21', 'Nicolás Bravo');
INSERT INTO `RIDESCOM`.`Municipio` (`ID_Municipio`, `Estados_ID_estado`, `Municipio`) VALUES ('1675', '21', 'Nopalucan');
INSERT INTO `RIDESCOM`.`Municipio` (`ID_Municipio`, `Estados_ID_estado`, `Municipio`) VALUES ('1676', '21', 'Ocotepec');
INSERT INTO `RIDESCOM`.`Municipio` (`ID_Municipio`, `Estados_ID_estado`, `Municipio`) VALUES ('1677', '21', 'Ocoyucan');
INSERT INTO `RIDESCOM`.`Municipio` (`ID_Municipio`, `Estados_ID_estado`, `Municipio`) VALUES ('1678', '21', 'Olintla');
INSERT INTO `RIDESCOM`.`Municipio` (`ID_Municipio`, `Estados_ID_estado`, `Municipio`) VALUES ('1679', '21', 'Oriental');
INSERT INTO `RIDESCOM`.`Municipio` (`ID_Municipio`, `Estados_ID_estado`, `Municipio`) VALUES ('1680', '21', 'Pahuatlán');
INSERT INTO `RIDESCOM`.`Municipio` (`ID_Municipio`, `Estados_ID_estado`, `Municipio`) VALUES ('1681', '21', 'Palmar de Bravo');
INSERT INTO `RIDESCOM`.`Municipio` (`ID_Municipio`, `Estados_ID_estado`, `Municipio`) VALUES ('1682', '21', 'Pantepec');
INSERT INTO `RIDESCOM`.`Municipio` (`ID_Municipio`, `Estados_ID_estado`, `Municipio`) VALUES ('1683', '21', 'Petlalcingo');
INSERT INTO `RIDESCOM`.`Municipio` (`ID_Municipio`, `Estados_ID_estado`, `Municipio`) VALUES ('1684', '21', 'Piaxtla');
INSERT INTO `RIDESCOM`.`Municipio` (`ID_Municipio`, `Estados_ID_estado`, `Municipio`) VALUES ('1685', '21', 'Puebla de Zaragoza');
INSERT INTO `RIDESCOM`.`Municipio` (`ID_Municipio`, `Estados_ID_estado`, `Municipio`) VALUES ('1686', '21', 'Quecholac');
INSERT INTO `RIDESCOM`.`Municipio` (`ID_Municipio`, `Estados_ID_estado`, `Municipio`) VALUES ('1687', '21', 'Quimixtlán');
INSERT INTO `RIDESCOM`.`Municipio` (`ID_Municipio`, `Estados_ID_estado`, `Municipio`) VALUES ('1688', '21', 'Rafael Lara Grajales');
INSERT INTO `RIDESCOM`.`Municipio` (`ID_Municipio`, `Estados_ID_estado`, `Municipio`) VALUES ('1689', '21', 'San Andrés Cholula');
INSERT INTO `RIDESCOM`.`Municipio` (`ID_Municipio`, `Estados_ID_estado`, `Municipio`) VALUES ('1690', '21', 'San Antonio Cañada');
INSERT INTO `RIDESCOM`.`Municipio` (`ID_Municipio`, `Estados_ID_estado`, `Municipio`) VALUES ('1691', '21', 'San Diego La Meza Tochimiltzingo');
INSERT INTO `RIDESCOM`.`Municipio` (`ID_Municipio`, `Estados_ID_estado`, `Municipio`) VALUES ('1692', '21', 'San Felipe Teotlalcingo');
INSERT INTO `RIDESCOM`.`Municipio` (`ID_Municipio`, `Estados_ID_estado`, `Municipio`) VALUES ('1693', '21', 'San Felipe Tepatlán');
INSERT INTO `RIDESCOM`.`Municipio` (`ID_Municipio`, `Estados_ID_estado`, `Municipio`) VALUES ('1694', '21', 'San Gabriel Chilac');
INSERT INTO `RIDESCOM`.`Municipio` (`ID_Municipio`, `Estados_ID_estado`, `Municipio`) VALUES ('1695', '21', 'San Gregorio Atzompa');
INSERT INTO `RIDESCOM`.`Municipio` (`ID_Municipio`, `Estados_ID_estado`, `Municipio`) VALUES ('1696', '21', 'San Jerónimo Tecuanipan');
INSERT INTO `RIDESCOM`.`Municipio` (`ID_Municipio`, `Estados_ID_estado`, `Municipio`) VALUES ('1697', '21', 'San Jerónimo Xayacatlán');
INSERT INTO `RIDESCOM`.`Municipio` (`ID_Municipio`, `Estados_ID_estado`, `Municipio`) VALUES ('1698', '21', 'San José Chiapa');
INSERT INTO `RIDESCOM`.`Municipio` (`ID_Municipio`, `Estados_ID_estado`, `Municipio`) VALUES ('1699', '21', 'San José Miahuatlán');
INSERT INTO `RIDESCOM`.`Municipio` (`ID_Municipio`, `Estados_ID_estado`, `Municipio`) VALUES ('1700', '21', 'San Juan Atenco');
INSERT INTO `RIDESCOM`.`Municipio` (`ID_Municipio`, `Estados_ID_estado`, `Municipio`) VALUES ('1701', '21', 'San Juan Atzompa');
INSERT INTO `RIDESCOM`.`Municipio` (`ID_Municipio`, `Estados_ID_estado`, `Municipio`) VALUES ('1702', '21', 'San Martín Texmelucan');
INSERT INTO `RIDESCOM`.`Municipio` (`ID_Municipio`, `Estados_ID_estado`, `Municipio`) VALUES ('1703', '21', 'San Martín Totoltepec');
INSERT INTO `RIDESCOM`.`Municipio` (`ID_Municipio`, `Estados_ID_estado`, `Municipio`) VALUES ('1704', '21', 'San Matías Tlalancaleca');
INSERT INTO `RIDESCOM`.`Municipio` (`ID_Municipio`, `Estados_ID_estado`, `Municipio`) VALUES ('1705', '21', 'San Miguel Ixtitlán');
INSERT INTO `RIDESCOM`.`Municipio` (`ID_Municipio`, `Estados_ID_estado`, `Municipio`) VALUES ('1706', '21', 'San Miguel Xoxtla');
INSERT INTO `RIDESCOM`.`Municipio` (`ID_Municipio`, `Estados_ID_estado`, `Municipio`) VALUES ('1707', '21', 'San Nicolás Buenos Aires');
INSERT INTO `RIDESCOM`.`Municipio` (`ID_Municipio`, `Estados_ID_estado`, `Municipio`) VALUES ('1708', '21', 'San Nicolás de los Ranchos');
INSERT INTO `RIDESCOM`.`Municipio` (`ID_Municipio`, `Estados_ID_estado`, `Municipio`) VALUES ('1709', '21', 'San Pablo Anicano');
INSERT INTO `RIDESCOM`.`Municipio` (`ID_Municipio`, `Estados_ID_estado`, `Municipio`) VALUES ('1710', '21', 'San Pedro Cholula');
INSERT INTO `RIDESCOM`.`Municipio` (`ID_Municipio`, `Estados_ID_estado`, `Municipio`) VALUES ('1711', '21', 'San Pedro Yeloixtlahuaca');
INSERT INTO `RIDESCOM`.`Municipio` (`ID_Municipio`, `Estados_ID_estado`, `Municipio`) VALUES ('1712', '21', 'San Salvador el Seco');
INSERT INTO `RIDESCOM`.`Municipio` (`ID_Municipio`, `Estados_ID_estado`, `Municipio`) VALUES ('1713', '21', 'San Salvador el Verde');
INSERT INTO `RIDESCOM`.`Municipio` (`ID_Municipio`, `Estados_ID_estado`, `Municipio`) VALUES ('1714', '21', 'San Salvador Huixcolotla');
INSERT INTO `RIDESCOM`.`Municipio` (`ID_Municipio`, `Estados_ID_estado`, `Municipio`) VALUES ('1715', '21', 'San Sebastián Tlacotepec');
INSERT INTO `RIDESCOM`.`Municipio` (`ID_Municipio`, `Estados_ID_estado`, `Municipio`) VALUES ('1716', '21', 'Santa Catarina Tlaltempan');
INSERT INTO `RIDESCOM`.`Municipio` (`ID_Municipio`, `Estados_ID_estado`, `Municipio`) VALUES ('1717', '21', 'San Inés Ahuatempan');
INSERT INTO `RIDESCOM`.`Municipio` (`ID_Municipio`, `Estados_ID_estado`, `Municipio`) VALUES ('1718', '21', 'Santa Isabel Cholula');
INSERT INTO `RIDESCOM`.`Municipio` (`ID_Municipio`, `Estados_ID_estado`, `Municipio`) VALUES ('1719', '21', 'Santiago Miahuatlán ');
INSERT INTO `RIDESCOM`.`Municipio` (`ID_Municipio`, `Estados_ID_estado`, `Municipio`) VALUES ('1720', '21', 'Santo Tomás Hueyotlipan');
INSERT INTO `RIDESCOM`.`Municipio` (`ID_Municipio`, `Estados_ID_estado`, `Municipio`) VALUES ('1721', '21', 'Soltepec');
INSERT INTO `RIDESCOM`.`Municipio` (`ID_Municipio`, `Estados_ID_estado`, `Municipio`) VALUES ('1722', '21', 'Tecali de Herrera');
INSERT INTO `RIDESCOM`.`Municipio` (`ID_Municipio`, `Estados_ID_estado`, `Municipio`) VALUES ('1723', '21', 'Tecamachalco');
INSERT INTO `RIDESCOM`.`Municipio` (`ID_Municipio`, `Estados_ID_estado`, `Municipio`) VALUES ('1724', '21', 'Tecomatlán');
INSERT INTO `RIDESCOM`.`Municipio` (`ID_Municipio`, `Estados_ID_estado`, `Municipio`) VALUES ('1725', '21', 'Tehuacán');
INSERT INTO `RIDESCOM`.`Municipio` (`ID_Municipio`, `Estados_ID_estado`, `Municipio`) VALUES ('1726', '21', 'Tehuitzingo');
INSERT INTO `RIDESCOM`.`Municipio` (`ID_Municipio`, `Estados_ID_estado`, `Municipio`) VALUES ('1727', '21', 'Tenampulco');
INSERT INTO `RIDESCOM`.`Municipio` (`ID_Municipio`, `Estados_ID_estado`, `Municipio`) VALUES ('1728', '21', 'Teopantlán');
INSERT INTO `RIDESCOM`.`Municipio` (`ID_Municipio`, `Estados_ID_estado`, `Municipio`) VALUES ('1729', '21', 'Teotlalco');
INSERT INTO `RIDESCOM`.`Municipio` (`ID_Municipio`, `Estados_ID_estado`, `Municipio`) VALUES ('1730', '21', 'Tepanco de López');
INSERT INTO `RIDESCOM`.`Municipio` (`ID_Municipio`, `Estados_ID_estado`, `Municipio`) VALUES ('1731', '21', 'Tepango de Rodríguez');
INSERT INTO `RIDESCOM`.`Municipio` (`ID_Municipio`, `Estados_ID_estado`, `Municipio`) VALUES ('1732', '21', 'Tepatlaxco de Hidalgo');
INSERT INTO `RIDESCOM`.`Municipio` (`ID_Municipio`, `Estados_ID_estado`, `Municipio`) VALUES ('1733', '21', 'Tepeaca');
INSERT INTO `RIDESCOM`.`Municipio` (`ID_Municipio`, `Estados_ID_estado`, `Municipio`) VALUES ('1734', '21', 'Tepemaxalco');
INSERT INTO `RIDESCOM`.`Municipio` (`ID_Municipio`, `Estados_ID_estado`, `Municipio`) VALUES ('1735', '21', 'Tepeojuma');
INSERT INTO `RIDESCOM`.`Municipio` (`ID_Municipio`, `Estados_ID_estado`, `Municipio`) VALUES ('1736', '21', 'Tepetzintla');
INSERT INTO `RIDESCOM`.`Municipio` (`ID_Municipio`, `Estados_ID_estado`, `Municipio`) VALUES ('1737', '21', 'Tepexco');
INSERT INTO `RIDESCOM`.`Municipio` (`ID_Municipio`, `Estados_ID_estado`, `Municipio`) VALUES ('1738', '21', 'Tepexi de Rodríguez');
INSERT INTO `RIDESCOM`.`Municipio` (`ID_Municipio`, `Estados_ID_estado`, `Municipio`) VALUES ('1739', '21', 'Tepeyahualco');
INSERT INTO `RIDESCOM`.`Municipio` (`ID_Municipio`, `Estados_ID_estado`, `Municipio`) VALUES ('1740', '21', 'Tepeyahualco de Cuauhtémoc');
INSERT INTO `RIDESCOM`.`Municipio` (`ID_Municipio`, `Estados_ID_estado`, `Municipio`) VALUES ('1741', '21', 'Tetela de Ocampo');
INSERT INTO `RIDESCOM`.`Municipio` (`ID_Municipio`, `Estados_ID_estado`, `Municipio`) VALUES ('1742', '21', 'Teteles de Ávila Castillo');
INSERT INTO `RIDESCOM`.`Municipio` (`ID_Municipio`, `Estados_ID_estado`, `Municipio`) VALUES ('1743', '21', 'Teziutlán');
INSERT INTO `RIDESCOM`.`Municipio` (`ID_Municipio`, `Estados_ID_estado`, `Municipio`) VALUES ('1744', '21', 'Tianguismanalco');
INSERT INTO `RIDESCOM`.`Municipio` (`ID_Municipio`, `Estados_ID_estado`, `Municipio`) VALUES ('1745', '21', 'Tilapa');
INSERT INTO `RIDESCOM`.`Municipio` (`ID_Municipio`, `Estados_ID_estado`, `Municipio`) VALUES ('1746', '21', 'Tlacotepec de Benito Juárez');
INSERT INTO `RIDESCOM`.`Municipio` (`ID_Municipio`, `Estados_ID_estado`, `Municipio`) VALUES ('1747', '21', 'Tlacuilotepec');
INSERT INTO `RIDESCOM`.`Municipio` (`ID_Municipio`, `Estados_ID_estado`, `Municipio`) VALUES ('1748', '21', 'Tlachichuca');
INSERT INTO `RIDESCOM`.`Municipio` (`ID_Municipio`, `Estados_ID_estado`, `Municipio`) VALUES ('1749', '21', 'Tlahuapan');
INSERT INTO `RIDESCOM`.`Municipio` (`ID_Municipio`, `Estados_ID_estado`, `Municipio`) VALUES ('1750', '21', 'Tlaltenango');
INSERT INTO `RIDESCOM`.`Municipio` (`ID_Municipio`, `Estados_ID_estado`, `Municipio`) VALUES ('1751', '21', 'Tlanepantla');
INSERT INTO `RIDESCOM`.`Municipio` (`ID_Municipio`, `Estados_ID_estado`, `Municipio`) VALUES ('1752', '21', 'Tlaola');
INSERT INTO `RIDESCOM`.`Municipio` (`ID_Municipio`, `Estados_ID_estado`, `Municipio`) VALUES ('1753', '21', 'Tlapacoya');
INSERT INTO `RIDESCOM`.`Municipio` (`ID_Municipio`, `Estados_ID_estado`, `Municipio`) VALUES ('1754', '21', 'Tlapanalá');
INSERT INTO `RIDESCOM`.`Municipio` (`ID_Municipio`, `Estados_ID_estado`, `Municipio`) VALUES ('1755', '21', 'Tlatlauquitepec');
INSERT INTO `RIDESCOM`.`Municipio` (`ID_Municipio`, `Estados_ID_estado`, `Municipio`) VALUES ('1756', '21', 'Tlaxco');
INSERT INTO `RIDESCOM`.`Municipio` (`ID_Municipio`, `Estados_ID_estado`, `Municipio`) VALUES ('1757', '21', 'Tochimilco');
INSERT INTO `RIDESCOM`.`Municipio` (`ID_Municipio`, `Estados_ID_estado`, `Municipio`) VALUES ('1758', '21', 'Tochtepec');
INSERT INTO `RIDESCOM`.`Municipio` (`ID_Municipio`, `Estados_ID_estado`, `Municipio`) VALUES ('1759', '21', 'Totoltepec de Guerrero');
INSERT INTO `RIDESCOM`.`Municipio` (`ID_Municipio`, `Estados_ID_estado`, `Municipio`) VALUES ('1760', '21', 'Tulcingo');
INSERT INTO `RIDESCOM`.`Municipio` (`ID_Municipio`, `Estados_ID_estado`, `Municipio`) VALUES ('1761', '21', 'Tuzamapan de Galeana');
INSERT INTO `RIDESCOM`.`Municipio` (`ID_Municipio`, `Estados_ID_estado`, `Municipio`) VALUES ('1762', '21', 'Tzicatlacoyan');
INSERT INTO `RIDESCOM`.`Municipio` (`ID_Municipio`, `Estados_ID_estado`, `Municipio`) VALUES ('1763', '21', 'Venustiano Carranza');
INSERT INTO `RIDESCOM`.`Municipio` (`ID_Municipio`, `Estados_ID_estado`, `Municipio`) VALUES ('1764', '21', 'Vicente Guerrero');
INSERT INTO `RIDESCOM`.`Municipio` (`ID_Municipio`, `Estados_ID_estado`, `Municipio`) VALUES ('1765', '21', 'Xayacatlán de Bravo');
INSERT INTO `RIDESCOM`.`Municipio` (`ID_Municipio`, `Estados_ID_estado`, `Municipio`) VALUES ('1766', '21', 'Xicotepec');
INSERT INTO `RIDESCOM`.`Municipio` (`ID_Municipio`, `Estados_ID_estado`, `Municipio`) VALUES ('1767', '21', 'Xicotlán');
INSERT INTO `RIDESCOM`.`Municipio` (`ID_Municipio`, `Estados_ID_estado`, `Municipio`) VALUES ('1768', '21', 'Xiutetelco');
INSERT INTO `RIDESCOM`.`Municipio` (`ID_Municipio`, `Estados_ID_estado`, `Municipio`) VALUES ('1769', '21', 'Xochiapulco');
INSERT INTO `RIDESCOM`.`Municipio` (`ID_Municipio`, `Estados_ID_estado`, `Municipio`) VALUES ('1770', '21', 'Xochiltepec');
INSERT INTO `RIDESCOM`.`Municipio` (`ID_Municipio`, `Estados_ID_estado`, `Municipio`) VALUES ('1771', '21', 'Xochitlán de Vicente Suárez');
INSERT INTO `RIDESCOM`.`Municipio` (`ID_Municipio`, `Estados_ID_estado`, `Municipio`) VALUES ('1772', '21', 'Xochitlán Todos Santos');
INSERT INTO `RIDESCOM`.`Municipio` (`ID_Municipio`, `Estados_ID_estado`, `Municipio`) VALUES ('1773', '21', 'Yaonahuac');
INSERT INTO `RIDESCOM`.`Municipio` (`ID_Municipio`, `Estados_ID_estado`, `Municipio`) VALUES ('1774', '21', 'Yehualtepec');
INSERT INTO `RIDESCOM`.`Municipio` (`ID_Municipio`, `Estados_ID_estado`, `Municipio`) VALUES ('1775', '21', 'Zacapala');
INSERT INTO `RIDESCOM`.`Municipio` (`ID_Municipio`, `Estados_ID_estado`, `Municipio`) VALUES ('1776', '21', 'Zacapoaxtla');
INSERT INTO `RIDESCOM`.`Municipio` (`ID_Municipio`, `Estados_ID_estado`, `Municipio`) VALUES ('1777', '21', 'Zacatlán');
INSERT INTO `RIDESCOM`.`Municipio` (`ID_Municipio`, `Estados_ID_estado`, `Municipio`) VALUES ('1778', '21', 'Zapotitlán');
INSERT INTO `RIDESCOM`.`Municipio` (`ID_Municipio`, `Estados_ID_estado`, `Municipio`) VALUES ('1779', '21', 'Zapotitlán de Méndez');
INSERT INTO `RIDESCOM`.`Municipio` (`ID_Municipio`, `Estados_ID_estado`, `Municipio`) VALUES ('1780', '21', 'Zaragoza');
INSERT INTO `RIDESCOM`.`Municipio` (`ID_Municipio`, `Estados_ID_estado`, `Municipio`) VALUES ('1781', '21', 'Zautla');
INSERT INTO `RIDESCOM`.`Municipio` (`ID_Municipio`, `Estados_ID_estado`, `Municipio`) VALUES ('1782', '21', 'Zihuateutla');
INSERT INTO `RIDESCOM`.`Municipio` (`ID_Municipio`, `Estados_ID_estado`, `Municipio`) VALUES ('1783', '21', 'Zinacatepec');
INSERT INTO `RIDESCOM`.`Municipio` (`ID_Municipio`, `Estados_ID_estado`, `Municipio`) VALUES ('1784', '21', 'Zongozotla');
INSERT INTO `RIDESCOM`.`Municipio` (`ID_Municipio`, `Estados_ID_estado`, `Municipio`) VALUES ('1785', '21', 'Zoquiapan');
INSERT INTO `RIDESCOM`.`Municipio` (`ID_Municipio`, `Estados_ID_estado`, `Municipio`) VALUES ('1786', '21', 'Zoquitlán');
INSERT INTO `RIDESCOM`.`Municipio` (`ID_Municipio`, `Estados_ID_estado`, `Municipio`) VALUES ('1787', '22', 'Amealco de Bonfil');
INSERT INTO `RIDESCOM`.`Municipio` (`ID_Municipio`, `Estados_ID_estado`, `Municipio`) VALUES ('1788', '22', 'Arroyo Seco');
INSERT INTO `RIDESCOM`.`Municipio` (`ID_Municipio`, `Estados_ID_estado`, `Municipio`) VALUES ('1789', '22', 'Cadereyta de Montes');
INSERT INTO `RIDESCOM`.`Municipio` (`ID_Municipio`, `Estados_ID_estado`, `Municipio`) VALUES ('1790', '22', 'Colón');
INSERT INTO `RIDESCOM`.`Municipio` (`ID_Municipio`, `Estados_ID_estado`, `Municipio`) VALUES ('1791', '22', 'Corregidora');
INSERT INTO `RIDESCOM`.`Municipio` (`ID_Municipio`, `Estados_ID_estado`, `Municipio`) VALUES ('1792', '22', 'El Marqués');
INSERT INTO `RIDESCOM`.`Municipio` (`ID_Municipio`, `Estados_ID_estado`, `Municipio`) VALUES ('1793', '22', 'Ezequiel Montes');
INSERT INTO `RIDESCOM`.`Municipio` (`ID_Municipio`, `Estados_ID_estado`, `Municipio`) VALUES ('1794', '22', 'Huimilpan');
INSERT INTO `RIDESCOM`.`Municipio` (`ID_Municipio`, `Estados_ID_estado`, `Municipio`) VALUES ('1795', '22', 'Jalpan de Serra');
INSERT INTO `RIDESCOM`.`Municipio` (`ID_Municipio`, `Estados_ID_estado`, `Municipio`) VALUES ('1796', '22', 'Landa de Matamoros');
INSERT INTO `RIDESCOM`.`Municipio` (`ID_Municipio`, `Estados_ID_estado`, `Municipio`) VALUES ('1797', '22', 'Pedro Escobedo');
INSERT INTO `RIDESCOM`.`Municipio` (`ID_Municipio`, `Estados_ID_estado`, `Municipio`) VALUES ('1798', '22', 'Peñamiller');
INSERT INTO `RIDESCOM`.`Municipio` (`ID_Municipio`, `Estados_ID_estado`, `Municipio`) VALUES ('1799', '22', 'Pinal de Amoles');
INSERT INTO `RIDESCOM`.`Municipio` (`ID_Municipio`, `Estados_ID_estado`, `Municipio`) VALUES ('1800', '22', 'Querétaro');
INSERT INTO `RIDESCOM`.`Municipio` (`ID_Municipio`, `Estados_ID_estado`, `Municipio`) VALUES ('1801', '22', 'San Joaquín');
INSERT INTO `RIDESCOM`.`Municipio` (`ID_Municipio`, `Estados_ID_estado`, `Municipio`) VALUES ('1802', '22', 'San Juan del Río');
INSERT INTO `RIDESCOM`.`Municipio` (`ID_Municipio`, `Estados_ID_estado`, `Municipio`) VALUES ('1803', '22', 'Tequisquiapan');
INSERT INTO `RIDESCOM`.`Municipio` (`ID_Municipio`, `Estados_ID_estado`, `Municipio`) VALUES ('1804', '22', 'Tolimán');
INSERT INTO `RIDESCOM`.`Municipio` (`ID_Municipio`, `Estados_ID_estado`, `Municipio`) VALUES ('1805', '23', 'Benito Juárez');
INSERT INTO `RIDESCOM`.`Municipio` (`ID_Municipio`, `Estados_ID_estado`, `Municipio`) VALUES ('1806', '23', 'Cozumel');
INSERT INTO `RIDESCOM`.`Municipio` (`ID_Municipio`, `Estados_ID_estado`, `Municipio`) VALUES ('1807', '23', 'Felipe Carrillo Puerto');
INSERT INTO `RIDESCOM`.`Municipio` (`ID_Municipio`, `Estados_ID_estado`, `Municipio`) VALUES ('1808', '23', 'Isla Mujeres');
INSERT INTO `RIDESCOM`.`Municipio` (`ID_Municipio`, `Estados_ID_estado`, `Municipio`) VALUES ('1809', '23', 'José María Morelos');
INSERT INTO `RIDESCOM`.`Municipio` (`ID_Municipio`, `Estados_ID_estado`, `Municipio`) VALUES ('1810', '23', 'Lázaro Cárdenas');
INSERT INTO `RIDESCOM`.`Municipio` (`ID_Municipio`, `Estados_ID_estado`, `Municipio`) VALUES ('1811', '23', 'Othón P. Blanco');
INSERT INTO `RIDESCOM`.`Municipio` (`ID_Municipio`, `Estados_ID_estado`, `Municipio`) VALUES ('1812', '23', 'Solidaridad');
INSERT INTO `RIDESCOM`.`Municipio` (`ID_Municipio`, `Estados_ID_estado`, `Municipio`) VALUES ('1813', '23', 'Tulum');
INSERT INTO `RIDESCOM`.`Municipio` (`ID_Municipio`, `Estados_ID_estado`, `Municipio`) VALUES ('1814', '24', 'Ahualulco');
INSERT INTO `RIDESCOM`.`Municipio` (`ID_Municipio`, `Estados_ID_estado`, `Municipio`) VALUES ('1815', '24', 'Alaquines');
INSERT INTO `RIDESCOM`.`Municipio` (`ID_Municipio`, `Estados_ID_estado`, `Municipio`) VALUES ('1816', '24', 'Aquismón');
INSERT INTO `RIDESCOM`.`Municipio` (`ID_Municipio`, `Estados_ID_estado`, `Municipio`) VALUES ('1817', '24', 'Armadillo de los Infante');
INSERT INTO `RIDESCOM`.`Municipio` (`ID_Municipio`, `Estados_ID_estado`, `Municipio`) VALUES ('1818', '24', 'Axtla de Terrazas');
INSERT INTO `RIDESCOM`.`Municipio` (`ID_Municipio`, `Estados_ID_estado`, `Municipio`) VALUES ('1819', '24', 'Cárdenas');
INSERT INTO `RIDESCOM`.`Municipio` (`ID_Municipio`, `Estados_ID_estado`, `Municipio`) VALUES ('1820', '24', 'Catorce');
INSERT INTO `RIDESCOM`.`Municipio` (`ID_Municipio`, `Estados_ID_estado`, `Municipio`) VALUES ('1821', '24', 'Cedral');
INSERT INTO `RIDESCOM`.`Municipio` (`ID_Municipio`, `Estados_ID_estado`, `Municipio`) VALUES ('1822', '24', 'Cerritos');
INSERT INTO `RIDESCOM`.`Municipio` (`ID_Municipio`, `Estados_ID_estado`, `Municipio`) VALUES ('1823', '24', 'Cerro de San Pedro');
INSERT INTO `RIDESCOM`.`Municipio` (`ID_Municipio`, `Estados_ID_estado`, `Municipio`) VALUES ('1824', '24', 'Charcas');
INSERT INTO `RIDESCOM`.`Municipio` (`ID_Municipio`, `Estados_ID_estado`, `Municipio`) VALUES ('1825', '24', 'Ciudad del Maíz');
INSERT INTO `RIDESCOM`.`Municipio` (`ID_Municipio`, `Estados_ID_estado`, `Municipio`) VALUES ('1826', '24', 'Ciudad Fernández');
INSERT INTO `RIDESCOM`.`Municipio` (`ID_Municipio`, `Estados_ID_estado`, `Municipio`) VALUES ('1827', '24', 'Ciudad Valles');
INSERT INTO `RIDESCOM`.`Municipio` (`ID_Municipio`, `Estados_ID_estado`, `Municipio`) VALUES ('1828', '24', 'Coxcatlán');
INSERT INTO `RIDESCOM`.`Municipio` (`ID_Municipio`, `Estados_ID_estado`, `Municipio`) VALUES ('1829', '24', 'Ebano');
INSERT INTO `RIDESCOM`.`Municipio` (`ID_Municipio`, `Estados_ID_estado`, `Municipio`) VALUES ('1830', '24', 'El Naranjo');
INSERT INTO `RIDESCOM`.`Municipio` (`ID_Municipio`, `Estados_ID_estado`, `Municipio`) VALUES ('1831', '24', 'Guadalcázar');
INSERT INTO `RIDESCOM`.`Municipio` (`ID_Municipio`, `Estados_ID_estado`, `Municipio`) VALUES ('1832', '24', 'Huehuetlán');
INSERT INTO `RIDESCOM`.`Municipio` (`ID_Municipio`, `Estados_ID_estado`, `Municipio`) VALUES ('1833', '24', 'Lagunillas');
INSERT INTO `RIDESCOM`.`Municipio` (`ID_Municipio`, `Estados_ID_estado`, `Municipio`) VALUES ('1834', '24', 'Matehuala');
INSERT INTO `RIDESCOM`.`Municipio` (`ID_Municipio`, `Estados_ID_estado`, `Municipio`) VALUES ('1835', '24', 'Matlapa');
INSERT INTO `RIDESCOM`.`Municipio` (`ID_Municipio`, `Estados_ID_estado`, `Municipio`) VALUES ('1836', '24', 'Mexquitic de Carmona');
INSERT INTO `RIDESCOM`.`Municipio` (`ID_Municipio`, `Estados_ID_estado`, `Municipio`) VALUES ('1837', '24', 'Moctezuma');
INSERT INTO `RIDESCOM`.`Municipio` (`ID_Municipio`, `Estados_ID_estado`, `Municipio`) VALUES ('1838', '24', 'Rayón');
INSERT INTO `RIDESCOM`.`Municipio` (`ID_Municipio`, `Estados_ID_estado`, `Municipio`) VALUES ('1839', '24', 'Rioverde');
INSERT INTO `RIDESCOM`.`Municipio` (`ID_Municipio`, `Estados_ID_estado`, `Municipio`) VALUES ('1840', '24', 'Salinas');
INSERT INTO `RIDESCOM`.`Municipio` (`ID_Municipio`, `Estados_ID_estado`, `Municipio`) VALUES ('1841', '24', 'San Antonio');
INSERT INTO `RIDESCOM`.`Municipio` (`ID_Municipio`, `Estados_ID_estado`, `Municipio`) VALUES ('1842', '24', 'San Ciro de Acosta');
INSERT INTO `RIDESCOM`.`Municipio` (`ID_Municipio`, `Estados_ID_estado`, `Municipio`) VALUES ('1843', '24', 'San Luis Potosí');
INSERT INTO `RIDESCOM`.`Municipio` (`ID_Municipio`, `Estados_ID_estado`, `Municipio`) VALUES ('1844', '24', 'San Martín Chalchicuautla');
INSERT INTO `RIDESCOM`.`Municipio` (`ID_Municipio`, `Estados_ID_estado`, `Municipio`) VALUES ('1845', '24', 'San Nicolás Tolentino');
INSERT INTO `RIDESCOM`.`Municipio` (`ID_Municipio`, `Estados_ID_estado`, `Municipio`) VALUES ('1846', '24', 'Santa Catarina');
INSERT INTO `RIDESCOM`.`Municipio` (`ID_Municipio`, `Estados_ID_estado`, `Municipio`) VALUES ('1847', '24', 'Santa María del Río');
INSERT INTO `RIDESCOM`.`Municipio` (`ID_Municipio`, `Estados_ID_estado`, `Municipio`) VALUES ('1848', '24', 'Santo Domingo');
INSERT INTO `RIDESCOM`.`Municipio` (`ID_Municipio`, `Estados_ID_estado`, `Municipio`) VALUES ('1849', '24', 'San Vicente Tancuayalab');
INSERT INTO `RIDESCOM`.`Municipio` (`ID_Municipio`, `Estados_ID_estado`, `Municipio`) VALUES ('1850', '24', 'Soledad de Graciano Sánchez');
INSERT INTO `RIDESCOM`.`Municipio` (`ID_Municipio`, `Estados_ID_estado`, `Municipio`) VALUES ('1851', '24', 'Tamasopo');
INSERT INTO `RIDESCOM`.`Municipio` (`ID_Municipio`, `Estados_ID_estado`, `Municipio`) VALUES ('1852', '24', 'Tamazunchale');
INSERT INTO `RIDESCOM`.`Municipio` (`ID_Municipio`, `Estados_ID_estado`, `Municipio`) VALUES ('1853', '24', 'Tampacán');
INSERT INTO `RIDESCOM`.`Municipio` (`ID_Municipio`, `Estados_ID_estado`, `Municipio`) VALUES ('1854', '24', 'Tampamolón Corona');
INSERT INTO `RIDESCOM`.`Municipio` (`ID_Municipio`, `Estados_ID_estado`, `Municipio`) VALUES ('1855', '24', 'Tamuín');
INSERT INTO `RIDESCOM`.`Municipio` (`ID_Municipio`, `Estados_ID_estado`, `Municipio`) VALUES ('1856', '24', 'Tancanhuitz de Santos');
INSERT INTO `RIDESCOM`.`Municipio` (`ID_Municipio`, `Estados_ID_estado`, `Municipio`) VALUES ('1857', '24', 'Tanlajás');
INSERT INTO `RIDESCOM`.`Municipio` (`ID_Municipio`, `Estados_ID_estado`, `Municipio`) VALUES ('1858', '24', 'Tanquián de Escobedo');
INSERT INTO `RIDESCOM`.`Municipio` (`ID_Municipio`, `Estados_ID_estado`, `Municipio`) VALUES ('1859', '24', 'Tierra Nueva');
INSERT INTO `RIDESCOM`.`Municipio` (`ID_Municipio`, `Estados_ID_estado`, `Municipio`) VALUES ('1860', '24', 'Vanegas');
INSERT INTO `RIDESCOM`.`Municipio` (`ID_Municipio`, `Estados_ID_estado`, `Municipio`) VALUES ('1861', '24', 'Venado');
INSERT INTO `RIDESCOM`.`Municipio` (`ID_Municipio`, `Estados_ID_estado`, `Municipio`) VALUES ('1862', '24', 'Villa de Arriaga');
INSERT INTO `RIDESCOM`.`Municipio` (`ID_Municipio`, `Estados_ID_estado`, `Municipio`) VALUES ('1863', '24', 'Villa de Arista');
INSERT INTO `RIDESCOM`.`Municipio` (`ID_Municipio`, `Estados_ID_estado`, `Municipio`) VALUES ('1864', '24', 'Villa de Guadalupe');
INSERT INTO `RIDESCOM`.`Municipio` (`ID_Municipio`, `Estados_ID_estado`, `Municipio`) VALUES ('1865', '24', 'Villa de la Paz');
INSERT INTO `RIDESCOM`.`Municipio` (`ID_Municipio`, `Estados_ID_estado`, `Municipio`) VALUES ('1866', '24', 'Villa de Ramos');
INSERT INTO `RIDESCOM`.`Municipio` (`ID_Municipio`, `Estados_ID_estado`, `Municipio`) VALUES ('1867', '24', 'Villa de Reyes');
INSERT INTO `RIDESCOM`.`Municipio` (`ID_Municipio`, `Estados_ID_estado`, `Municipio`) VALUES ('1868', '24', 'Villa Hidalgo');
INSERT INTO `RIDESCOM`.`Municipio` (`ID_Municipio`, `Estados_ID_estado`, `Municipio`) VALUES ('1869', '24', 'Villa Juárez');
INSERT INTO `RIDESCOM`.`Municipio` (`ID_Municipio`, `Estados_ID_estado`, `Municipio`) VALUES ('1870', '24', 'Xilitla');
INSERT INTO `RIDESCOM`.`Municipio` (`ID_Municipio`, `Estados_ID_estado`, `Municipio`) VALUES ('1871', '24', 'Zaragoza');
INSERT INTO `RIDESCOM`.`Municipio` (`ID_Municipio`, `Estados_ID_estado`, `Municipio`) VALUES ('1872', '25', 'Ahome');
INSERT INTO `RIDESCOM`.`Municipio` (`ID_Municipio`, `Estados_ID_estado`, `Municipio`) VALUES ('1873', '25', 'Angostura');
INSERT INTO `RIDESCOM`.`Municipio` (`ID_Municipio`, `Estados_ID_estado`, `Municipio`) VALUES ('1874', '25', 'Badiraguato');
INSERT INTO `RIDESCOM`.`Municipio` (`ID_Municipio`, `Estados_ID_estado`, `Municipio`) VALUES ('1875', '25', 'Choix');
INSERT INTO `RIDESCOM`.`Municipio` (`ID_Municipio`, `Estados_ID_estado`, `Municipio`) VALUES ('1876', '25', 'Concordia');
INSERT INTO `RIDESCOM`.`Municipio` (`ID_Municipio`, `Estados_ID_estado`, `Municipio`) VALUES ('1877', '25', 'Cosalá');
INSERT INTO `RIDESCOM`.`Municipio` (`ID_Municipio`, `Estados_ID_estado`, `Municipio`) VALUES ('1878', '25', 'Culiacán');
INSERT INTO `RIDESCOM`.`Municipio` (`ID_Municipio`, `Estados_ID_estado`, `Municipio`) VALUES ('1879', '25', 'El Fuerte');
INSERT INTO `RIDESCOM`.`Municipio` (`ID_Municipio`, `Estados_ID_estado`, `Municipio`) VALUES ('1880', '25', 'Elota');
INSERT INTO `RIDESCOM`.`Municipio` (`ID_Municipio`, `Estados_ID_estado`, `Municipio`) VALUES ('1881', '25', 'El Rosario');
INSERT INTO `RIDESCOM`.`Municipio` (`ID_Municipio`, `Estados_ID_estado`, `Municipio`) VALUES ('1882', '25', 'Escuinapa');
INSERT INTO `RIDESCOM`.`Municipio` (`ID_Municipio`, `Estados_ID_estado`, `Municipio`) VALUES ('1883', '25', 'Guasave');
INSERT INTO `RIDESCOM`.`Municipio` (`ID_Municipio`, `Estados_ID_estado`, `Municipio`) VALUES ('1884', '25', 'Mazatlán');
INSERT INTO `RIDESCOM`.`Municipio` (`ID_Municipio`, `Estados_ID_estado`, `Municipio`) VALUES ('1885', '25', 'Mocorito');
INSERT INTO `RIDESCOM`.`Municipio` (`ID_Municipio`, `Estados_ID_estado`, `Municipio`) VALUES ('1886', '25', 'Navolato');
INSERT INTO `RIDESCOM`.`Municipio` (`ID_Municipio`, `Estados_ID_estado`, `Municipio`) VALUES ('1887', '25', 'Salvador Alvarado');
INSERT INTO `RIDESCOM`.`Municipio` (`ID_Municipio`, `Estados_ID_estado`, `Municipio`) VALUES ('1888', '25', 'San Ignacio');
INSERT INTO `RIDESCOM`.`Municipio` (`ID_Municipio`, `Estados_ID_estado`, `Municipio`) VALUES ('1889', '25', 'Sinaloa de Leyva');
INSERT INTO `RIDESCOM`.`Municipio` (`ID_Municipio`, `Estados_ID_estado`, `Municipio`) VALUES ('1890', '26', 'Aconchi');
INSERT INTO `RIDESCOM`.`Municipio` (`ID_Municipio`, `Estados_ID_estado`, `Municipio`) VALUES ('1891', '26', 'Agua Prieta');
INSERT INTO `RIDESCOM`.`Municipio` (`ID_Municipio`, `Estados_ID_estado`, `Municipio`) VALUES ('1892', '26', 'Alamos');
INSERT INTO `RIDESCOM`.`Municipio` (`ID_Municipio`, `Estados_ID_estado`, `Municipio`) VALUES ('1893', '26', 'Altar');
INSERT INTO `RIDESCOM`.`Municipio` (`ID_Municipio`, `Estados_ID_estado`, `Municipio`) VALUES ('1894', '26', 'Arivechi');
INSERT INTO `RIDESCOM`.`Municipio` (`ID_Municipio`, `Estados_ID_estado`, `Municipio`) VALUES ('1895', '26', 'Arizpe');
INSERT INTO `RIDESCOM`.`Municipio` (`ID_Municipio`, `Estados_ID_estado`, `Municipio`) VALUES ('1896', '26', 'Atil');
INSERT INTO `RIDESCOM`.`Municipio` (`ID_Municipio`, `Estados_ID_estado`, `Municipio`) VALUES ('1897', '26', 'Bacadéhuachi');
INSERT INTO `RIDESCOM`.`Municipio` (`ID_Municipio`, `Estados_ID_estado`, `Municipio`) VALUES ('1898', '26', 'Bacanora');
INSERT INTO `RIDESCOM`.`Municipio` (`ID_Municipio`, `Estados_ID_estado`, `Municipio`) VALUES ('1899', '26', 'Bacerac');
INSERT INTO `RIDESCOM`.`Municipio` (`ID_Municipio`, `Estados_ID_estado`, `Municipio`) VALUES ('1900', '26', 'Bacoachi');
INSERT INTO `RIDESCOM`.`Municipio` (`ID_Municipio`, `Estados_ID_estado`, `Municipio`) VALUES ('1901', '26', 'Bácum');
INSERT INTO `RIDESCOM`.`Municipio` (`ID_Municipio`, `Estados_ID_estado`, `Municipio`) VALUES ('1902', '26', 'Banámichi');
INSERT INTO `RIDESCOM`.`Municipio` (`ID_Municipio`, `Estados_ID_estado`, `Municipio`) VALUES ('1903', '26', 'Baviácora');
INSERT INTO `RIDESCOM`.`Municipio` (`ID_Municipio`, `Estados_ID_estado`, `Municipio`) VALUES ('1904', '26', 'Bavíspe');
INSERT INTO `RIDESCOM`.`Municipio` (`ID_Municipio`, `Estados_ID_estado`, `Municipio`) VALUES ('1905', '26', 'Benito Juárez');
INSERT INTO `RIDESCOM`.`Municipio` (`ID_Municipio`, `Estados_ID_estado`, `Municipio`) VALUES ('1906', '26', 'Benjamín Hill');
INSERT INTO `RIDESCOM`.`Municipio` (`ID_Municipio`, `Estados_ID_estado`, `Municipio`) VALUES ('1907', '26', 'Caborca');
INSERT INTO `RIDESCOM`.`Municipio` (`ID_Municipio`, `Estados_ID_estado`, `Municipio`) VALUES ('1908', '26', 'Cajeme');
INSERT INTO `RIDESCOM`.`Municipio` (`ID_Municipio`, `Estados_ID_estado`, `Municipio`) VALUES ('1909', '26', 'Cananea');
INSERT INTO `RIDESCOM`.`Municipio` (`ID_Municipio`, `Estados_ID_estado`, `Municipio`) VALUES ('1910', '26', 'Carbó');
INSERT INTO `RIDESCOM`.`Municipio` (`ID_Municipio`, `Estados_ID_estado`, `Municipio`) VALUES ('1911', '26', 'Cocurpe');
INSERT INTO `RIDESCOM`.`Municipio` (`ID_Municipio`, `Estados_ID_estado`, `Municipio`) VALUES ('1912', '26', 'Cumpas');
INSERT INTO `RIDESCOM`.`Municipio` (`ID_Municipio`, `Estados_ID_estado`, `Municipio`) VALUES ('1913', '26', 'Divisaderos');
INSERT INTO `RIDESCOM`.`Municipio` (`ID_Municipio`, `Estados_ID_estado`, `Municipio`) VALUES ('1914', '26', 'Empalme');
INSERT INTO `RIDESCOM`.`Municipio` (`ID_Municipio`, `Estados_ID_estado`, `Municipio`) VALUES ('1915', '26', 'Etchojoa');
INSERT INTO `RIDESCOM`.`Municipio` (`ID_Municipio`, `Estados_ID_estado`, `Municipio`) VALUES ('1916', '26', 'Fronteras');
INSERT INTO `RIDESCOM`.`Municipio` (`ID_Municipio`, `Estados_ID_estado`, `Municipio`) VALUES ('1917', '26', 'General Plutarco Elías Calles');
INSERT INTO `RIDESCOM`.`Municipio` (`ID_Municipio`, `Estados_ID_estado`, `Municipio`) VALUES ('1918', '26', 'Granados');
INSERT INTO `RIDESCOM`.`Municipio` (`ID_Municipio`, `Estados_ID_estado`, `Municipio`) VALUES ('1919', '26', 'Guaymas');
INSERT INTO `RIDESCOM`.`Municipio` (`ID_Municipio`, `Estados_ID_estado`, `Municipio`) VALUES ('1920', '26', 'Hermosillo');
INSERT INTO `RIDESCOM`.`Municipio` (`ID_Municipio`, `Estados_ID_estado`, `Municipio`) VALUES ('1921', '26', 'Huachinera');
INSERT INTO `RIDESCOM`.`Municipio` (`ID_Municipio`, `Estados_ID_estado`, `Municipio`) VALUES ('1922', '26', 'Huásabas');
INSERT INTO `RIDESCOM`.`Municipio` (`ID_Municipio`, `Estados_ID_estado`, `Municipio`) VALUES ('1923', '26', 'Huatabampo');
INSERT INTO `RIDESCOM`.`Municipio` (`ID_Municipio`, `Estados_ID_estado`, `Municipio`) VALUES ('1924', '26', 'Huépac');
INSERT INTO `RIDESCOM`.`Municipio` (`ID_Municipio`, `Estados_ID_estado`, `Municipio`) VALUES ('1925', '26', 'Imuris');
INSERT INTO `RIDESCOM`.`Municipio` (`ID_Municipio`, `Estados_ID_estado`, `Municipio`) VALUES ('1926', '26', 'La Colorada');
INSERT INTO `RIDESCOM`.`Municipio` (`ID_Municipio`, `Estados_ID_estado`, `Municipio`) VALUES ('1927', '26', 'Magdalena');
INSERT INTO `RIDESCOM`.`Municipio` (`ID_Municipio`, `Estados_ID_estado`, `Municipio`) VALUES ('1928', '26', 'Mazatán');
INSERT INTO `RIDESCOM`.`Municipio` (`ID_Municipio`, `Estados_ID_estado`, `Municipio`) VALUES ('1929', '26', 'Moctezuma');
INSERT INTO `RIDESCOM`.`Municipio` (`ID_Municipio`, `Estados_ID_estado`, `Municipio`) VALUES ('1930', '26', 'Naco');
INSERT INTO `RIDESCOM`.`Municipio` (`ID_Municipio`, `Estados_ID_estado`, `Municipio`) VALUES ('1931', '26', 'Nácori Chico');
INSERT INTO `RIDESCOM`.`Municipio` (`ID_Municipio`, `Estados_ID_estado`, `Municipio`) VALUES ('1932', '26', 'Nacozari de García');
INSERT INTO `RIDESCOM`.`Municipio` (`ID_Municipio`, `Estados_ID_estado`, `Municipio`) VALUES ('1933', '26', 'Navojoa');
INSERT INTO `RIDESCOM`.`Municipio` (`ID_Municipio`, `Estados_ID_estado`, `Municipio`) VALUES ('1934', '26', 'Nogales');
INSERT INTO `RIDESCOM`.`Municipio` (`ID_Municipio`, `Estados_ID_estado`, `Municipio`) VALUES ('1935', '26', 'Onavas');
INSERT INTO `RIDESCOM`.`Municipio` (`ID_Municipio`, `Estados_ID_estado`, `Municipio`) VALUES ('1936', '26', 'Opodepe');
INSERT INTO `RIDESCOM`.`Municipio` (`ID_Municipio`, `Estados_ID_estado`, `Municipio`) VALUES ('1937', '26', 'Oquitoa');
INSERT INTO `RIDESCOM`.`Municipio` (`ID_Municipio`, `Estados_ID_estado`, `Municipio`) VALUES ('1938', '26', 'Pitiquito');
INSERT INTO `RIDESCOM`.`Municipio` (`ID_Municipio`, `Estados_ID_estado`, `Municipio`) VALUES ('1939', '26', 'Puerto Peñasco');
INSERT INTO `RIDESCOM`.`Municipio` (`ID_Municipio`, `Estados_ID_estado`, `Municipio`) VALUES ('1940', '26', 'Quiriego');
INSERT INTO `RIDESCOM`.`Municipio` (`ID_Municipio`, `Estados_ID_estado`, `Municipio`) VALUES ('1941', '26', 'Rayón');
INSERT INTO `RIDESCOM`.`Municipio` (`ID_Municipio`, `Estados_ID_estado`, `Municipio`) VALUES ('1942', '26', 'Rosario');
INSERT INTO `RIDESCOM`.`Municipio` (`ID_Municipio`, `Estados_ID_estado`, `Municipio`) VALUES ('1943', '26', 'Sahuaripa');
INSERT INTO `RIDESCOM`.`Municipio` (`ID_Municipio`, `Estados_ID_estado`, `Municipio`) VALUES ('1944', '26', 'San Felipe de Jesús');
INSERT INTO `RIDESCOM`.`Municipio` (`ID_Municipio`, `Estados_ID_estado`, `Municipio`) VALUES ('1945', '26', 'San Ignacio Río Muerto');
INSERT INTO `RIDESCOM`.`Municipio` (`ID_Municipio`, `Estados_ID_estado`, `Municipio`) VALUES ('1946', '26', 'San Javier');
INSERT INTO `RIDESCOM`.`Municipio` (`ID_Municipio`, `Estados_ID_estado`, `Municipio`) VALUES ('1947', '26', 'San Luis Río Colorado');
INSERT INTO `RIDESCOM`.`Municipio` (`ID_Municipio`, `Estados_ID_estado`, `Municipio`) VALUES ('1948', '26', 'San Miguel de Horcasitas');
INSERT INTO `RIDESCOM`.`Municipio` (`ID_Municipio`, `Estados_ID_estado`, `Municipio`) VALUES ('1949', '26', 'San Pedro de la Cueva');
INSERT INTO `RIDESCOM`.`Municipio` (`ID_Municipio`, `Estados_ID_estado`, `Municipio`) VALUES ('1950', '26', 'Santa Ana');
INSERT INTO `RIDESCOM`.`Municipio` (`ID_Municipio`, `Estados_ID_estado`, `Municipio`) VALUES ('1951', '26', 'Santa Cruz');
INSERT INTO `RIDESCOM`.`Municipio` (`ID_Municipio`, `Estados_ID_estado`, `Municipio`) VALUES ('1952', '26', 'Sáric');
INSERT INTO `RIDESCOM`.`Municipio` (`ID_Municipio`, `Estados_ID_estado`, `Municipio`) VALUES ('1953', '26', 'Soyopa');
INSERT INTO `RIDESCOM`.`Municipio` (`ID_Municipio`, `Estados_ID_estado`, `Municipio`) VALUES ('1954', '26', 'Suaqui Grande');
INSERT INTO `RIDESCOM`.`Municipio` (`ID_Municipio`, `Estados_ID_estado`, `Municipio`) VALUES ('1955', '26', 'Tepache');
INSERT INTO `RIDESCOM`.`Municipio` (`ID_Municipio`, `Estados_ID_estado`, `Municipio`) VALUES ('1956', '26', 'Trincheras');
INSERT INTO `RIDESCOM`.`Municipio` (`ID_Municipio`, `Estados_ID_estado`, `Municipio`) VALUES ('1957', '26', 'Tubutama');
INSERT INTO `RIDESCOM`.`Municipio` (`ID_Municipio`, `Estados_ID_estado`, `Municipio`) VALUES ('1958', '26', 'Ures');
INSERT INTO `RIDESCOM`.`Municipio` (`ID_Municipio`, `Estados_ID_estado`, `Municipio`) VALUES ('1959', '26', 'Villa Hidalgo');
INSERT INTO `RIDESCOM`.`Municipio` (`ID_Municipio`, `Estados_ID_estado`, `Municipio`) VALUES ('1960', '26', 'Villa Pesqueira');
INSERT INTO `RIDESCOM`.`Municipio` (`ID_Municipio`, `Estados_ID_estado`, `Municipio`) VALUES ('1961', '26', 'Yécora');
INSERT INTO `RIDESCOM`.`Municipio` (`ID_Municipio`, `Estados_ID_estado`, `Municipio`) VALUES ('1962', '27', 'Balancán');
INSERT INTO `RIDESCOM`.`Municipio` (`ID_Municipio`, `Estados_ID_estado`, `Municipio`) VALUES ('1963', '27', 'Cárdenas');
INSERT INTO `RIDESCOM`.`Municipio` (`ID_Municipio`, `Estados_ID_estado`, `Municipio`) VALUES ('1964', '27', 'Centla');
INSERT INTO `RIDESCOM`.`Municipio` (`ID_Municipio`, `Estados_ID_estado`, `Municipio`) VALUES ('1965', '27', 'Centro');
INSERT INTO `RIDESCOM`.`Municipio` (`ID_Municipio`, `Estados_ID_estado`, `Municipio`) VALUES ('1966', '27', 'Comalcalco');
INSERT INTO `RIDESCOM`.`Municipio` (`ID_Municipio`, `Estados_ID_estado`, `Municipio`) VALUES ('1967', '27', 'Cunduacán');
INSERT INTO `RIDESCOM`.`Municipio` (`ID_Municipio`, `Estados_ID_estado`, `Municipio`) VALUES ('1968', '27', 'Emiliano Zapata');
INSERT INTO `RIDESCOM`.`Municipio` (`ID_Municipio`, `Estados_ID_estado`, `Municipio`) VALUES ('1969', '27', 'Huimanguillo');
INSERT INTO `RIDESCOM`.`Municipio` (`ID_Municipio`, `Estados_ID_estado`, `Municipio`) VALUES ('1970', '27', 'Jalapa');
INSERT INTO `RIDESCOM`.`Municipio` (`ID_Municipio`, `Estados_ID_estado`, `Municipio`) VALUES ('1971', '27', 'Jalpa de Méndez');
INSERT INTO `RIDESCOM`.`Municipio` (`ID_Municipio`, `Estados_ID_estado`, `Municipio`) VALUES ('1972', '27', 'Jonuta');
INSERT INTO `RIDESCOM`.`Municipio` (`ID_Municipio`, `Estados_ID_estado`, `Municipio`) VALUES ('1973', '27', 'Macuspana');
INSERT INTO `RIDESCOM`.`Municipio` (`ID_Municipio`, `Estados_ID_estado`, `Municipio`) VALUES ('1974', '27', 'Nacajuca');
INSERT INTO `RIDESCOM`.`Municipio` (`ID_Municipio`, `Estados_ID_estado`, `Municipio`) VALUES ('1975', '27', 'Paraíso');
INSERT INTO `RIDESCOM`.`Municipio` (`ID_Municipio`, `Estados_ID_estado`, `Municipio`) VALUES ('1976', '27', 'Tacotalpa');
INSERT INTO `RIDESCOM`.`Municipio` (`ID_Municipio`, `Estados_ID_estado`, `Municipio`) VALUES ('1977', '27', 'Teapa');
INSERT INTO `RIDESCOM`.`Municipio` (`ID_Municipio`, `Estados_ID_estado`, `Municipio`) VALUES ('1978', '27', 'Tenosique');
INSERT INTO `RIDESCOM`.`Municipio` (`ID_Municipio`, `Estados_ID_estado`, `Municipio`) VALUES ('1979', '28', 'Abasolo');
INSERT INTO `RIDESCOM`.`Municipio` (`ID_Municipio`, `Estados_ID_estado`, `Municipio`) VALUES ('1980', '28', 'Aldama');
INSERT INTO `RIDESCOM`.`Municipio` (`ID_Municipio`, `Estados_ID_estado`, `Municipio`) VALUES ('1981', '28', 'Altamira');
INSERT INTO `RIDESCOM`.`Municipio` (`ID_Municipio`, `Estados_ID_estado`, `Municipio`) VALUES ('1982', '28', 'Antiguo Morelos');
INSERT INTO `RIDESCOM`.`Municipio` (`ID_Municipio`, `Estados_ID_estado`, `Municipio`) VALUES ('1983', '28', 'Burgos');
INSERT INTO `RIDESCOM`.`Municipio` (`ID_Municipio`, `Estados_ID_estado`, `Municipio`) VALUES ('1984', '28', 'Bustamante');
INSERT INTO `RIDESCOM`.`Municipio` (`ID_Municipio`, `Estados_ID_estado`, `Municipio`) VALUES ('1985', '28', 'Camargo');
INSERT INTO `RIDESCOM`.`Municipio` (`ID_Municipio`, `Estados_ID_estado`, `Municipio`) VALUES ('1986', '28', 'Casas');
INSERT INTO `RIDESCOM`.`Municipio` (`ID_Municipio`, `Estados_ID_estado`, `Municipio`) VALUES ('1987', '28', 'Ciudad Madero');
INSERT INTO `RIDESCOM`.`Municipio` (`ID_Municipio`, `Estados_ID_estado`, `Municipio`) VALUES ('1988', '28', 'Cruillas');
INSERT INTO `RIDESCOM`.`Municipio` (`ID_Municipio`, `Estados_ID_estado`, `Municipio`) VALUES ('1989', '28', 'Gómez Farías');
INSERT INTO `RIDESCOM`.`Municipio` (`ID_Municipio`, `Estados_ID_estado`, `Municipio`) VALUES ('1990', '28', 'González');
INSERT INTO `RIDESCOM`.`Municipio` (`ID_Municipio`, `Estados_ID_estado`, `Municipio`) VALUES ('1991', '28', 'Güemez');
INSERT INTO `RIDESCOM`.`Municipio` (`ID_Municipio`, `Estados_ID_estado`, `Municipio`) VALUES ('1992', '28', 'Guerrero');
INSERT INTO `RIDESCOM`.`Municipio` (`ID_Municipio`, `Estados_ID_estado`, `Municipio`) VALUES ('1993', '28', 'Gustavo Díaz Ordaz');
INSERT INTO `RIDESCOM`.`Municipio` (`ID_Municipio`, `Estados_ID_estado`, `Municipio`) VALUES ('1994', '28', 'Hidalgo');
INSERT INTO `RIDESCOM`.`Municipio` (`ID_Municipio`, `Estados_ID_estado`, `Municipio`) VALUES ('1995', '28', 'Jaumave');
INSERT INTO `RIDESCOM`.`Municipio` (`ID_Municipio`, `Estados_ID_estado`, `Municipio`) VALUES ('1996', '28', 'Jiménez');
INSERT INTO `RIDESCOM`.`Municipio` (`ID_Municipio`, `Estados_ID_estado`, `Municipio`) VALUES ('1997', '28', 'Llera');
INSERT INTO `RIDESCOM`.`Municipio` (`ID_Municipio`, `Estados_ID_estado`, `Municipio`) VALUES ('1998', '28', 'Mainero');
INSERT INTO `RIDESCOM`.`Municipio` (`ID_Municipio`, `Estados_ID_estado`, `Municipio`) VALUES ('1999', '28', 'Mante');
INSERT INTO `RIDESCOM`.`Municipio` (`ID_Municipio`, `Estados_ID_estado`, `Municipio`) VALUES ('2000', '28', 'Matamoros');
INSERT INTO `RIDESCOM`.`Municipio` (`ID_Municipio`, `Estados_ID_estado`, `Municipio`) VALUES ('2001', '28', 'Méndez');
INSERT INTO `RIDESCOM`.`Municipio` (`ID_Municipio`, `Estados_ID_estado`, `Municipio`) VALUES ('2002', '28', 'Mier');
INSERT INTO `RIDESCOM`.`Municipio` (`ID_Municipio`, `Estados_ID_estado`, `Municipio`) VALUES ('2003', '28', 'Miguel Alemán');
INSERT INTO `RIDESCOM`.`Municipio` (`ID_Municipio`, `Estados_ID_estado`, `Municipio`) VALUES ('2004', '28', 'Miquihuana');
INSERT INTO `RIDESCOM`.`Municipio` (`ID_Municipio`, `Estados_ID_estado`, `Municipio`) VALUES ('2005', '28', 'Nuevo Laredo');
INSERT INTO `RIDESCOM`.`Municipio` (`ID_Municipio`, `Estados_ID_estado`, `Municipio`) VALUES ('2006', '28', 'Nuevo Morelos');
INSERT INTO `RIDESCOM`.`Municipio` (`ID_Municipio`, `Estados_ID_estado`, `Municipio`) VALUES ('2007', '28', 'Ocampo');
INSERT INTO `RIDESCOM`.`Municipio` (`ID_Municipio`, `Estados_ID_estado`, `Municipio`) VALUES ('2008', '28', 'Padilla');
INSERT INTO `RIDESCOM`.`Municipio` (`ID_Municipio`, `Estados_ID_estado`, `Municipio`) VALUES ('2009', '28', 'Palmillas');
INSERT INTO `RIDESCOM`.`Municipio` (`ID_Municipio`, `Estados_ID_estado`, `Municipio`) VALUES ('2010', '28', 'Reynosa');
INSERT INTO `RIDESCOM`.`Municipio` (`ID_Municipio`, `Estados_ID_estado`, `Municipio`) VALUES ('2011', '28', 'Río Bravo');
INSERT INTO `RIDESCOM`.`Municipio` (`ID_Municipio`, `Estados_ID_estado`, `Municipio`) VALUES ('2012', '28', 'San Carlos');
INSERT INTO `RIDESCOM`.`Municipio` (`ID_Municipio`, `Estados_ID_estado`, `Municipio`) VALUES ('2013', '28', 'San Fernando');
INSERT INTO `RIDESCOM`.`Municipio` (`ID_Municipio`, `Estados_ID_estado`, `Municipio`) VALUES ('2014', '28', 'San Nicolás');
INSERT INTO `RIDESCOM`.`Municipio` (`ID_Municipio`, `Estados_ID_estado`, `Municipio`) VALUES ('2015', '28', 'Soto La Marina');
INSERT INTO `RIDESCOM`.`Municipio` (`ID_Municipio`, `Estados_ID_estado`, `Municipio`) VALUES ('2016', '28', 'Tampico');
INSERT INTO `RIDESCOM`.`Municipio` (`ID_Municipio`, `Estados_ID_estado`, `Municipio`) VALUES ('2017', '28', 'Tula');
INSERT INTO `RIDESCOM`.`Municipio` (`ID_Municipio`, `Estados_ID_estado`, `Municipio`) VALUES ('2018', '28', 'Valle Hermoso');
INSERT INTO `RIDESCOM`.`Municipio` (`ID_Municipio`, `Estados_ID_estado`, `Municipio`) VALUES ('2019', '28', 'Victoria');
INSERT INTO `RIDESCOM`.`Municipio` (`ID_Municipio`, `Estados_ID_estado`, `Municipio`) VALUES ('2020', '28', 'Villagrán');
INSERT INTO `RIDESCOM`.`Municipio` (`ID_Municipio`, `Estados_ID_estado`, `Municipio`) VALUES ('2021', '28', 'Xicotencatl');
INSERT INTO `RIDESCOM`.`Municipio` (`ID_Municipio`, `Estados_ID_estado`, `Municipio`) VALUES ('2022', '29', 'Acuamanala de Miguel Hidalgo');
INSERT INTO `RIDESCOM`.`Municipio` (`ID_Municipio`, `Estados_ID_estado`, `Municipio`) VALUES ('2023', '29', 'Altzayanca');
INSERT INTO `RIDESCOM`.`Municipio` (`ID_Municipio`, `Estados_ID_estado`, `Municipio`) VALUES ('2024', '29', 'Amaxac de Guerrero');
INSERT INTO `RIDESCOM`.`Municipio` (`ID_Municipio`, `Estados_ID_estado`, `Municipio`) VALUES ('2025', '29', 'Apetatitlán de Antonio Carvajal');
INSERT INTO `RIDESCOM`.`Municipio` (`ID_Municipio`, `Estados_ID_estado`, `Municipio`) VALUES ('2026', '29', 'Atlangatepec');
INSERT INTO `RIDESCOM`.`Municipio` (`ID_Municipio`, `Estados_ID_estado`, `Municipio`) VALUES ('2027', '29', 'Apizaco');
INSERT INTO `RIDESCOM`.`Municipio` (`ID_Municipio`, `Estados_ID_estado`, `Municipio`) VALUES ('2028', '29', 'Benito Juárez');
INSERT INTO `RIDESCOM`.`Municipio` (`ID_Municipio`, `Estados_ID_estado`, `Municipio`) VALUES ('2029', '29', 'Calpulalpan');
INSERT INTO `RIDESCOM`.`Municipio` (`ID_Municipio`, `Estados_ID_estado`, `Municipio`) VALUES ('2030', '29', 'Chiautempan');
INSERT INTO `RIDESCOM`.`Municipio` (`ID_Municipio`, `Estados_ID_estado`, `Municipio`) VALUES ('2031', '29', 'Contla de Juan Cuamatzi');
INSERT INTO `RIDESCOM`.`Municipio` (`ID_Municipio`, `Estados_ID_estado`, `Municipio`) VALUES ('2032', '29', 'Cuapiaxtla');
INSERT INTO `RIDESCOM`.`Municipio` (`ID_Municipio`, `Estados_ID_estado`, `Municipio`) VALUES ('2033', '29', 'Cuaxomulco');
INSERT INTO `RIDESCOM`.`Municipio` (`ID_Municipio`, `Estados_ID_estado`, `Municipio`) VALUES ('2034', '29', 'El Carmen Tequexquitla');
INSERT INTO `RIDESCOM`.`Municipio` (`ID_Municipio`, `Estados_ID_estado`, `Municipio`) VALUES ('2035', '29', 'Emiliano Zapata');
INSERT INTO `RIDESCOM`.`Municipio` (`ID_Municipio`, `Estados_ID_estado`, `Municipio`) VALUES ('2036', '29', 'Españita');
INSERT INTO `RIDESCOM`.`Municipio` (`ID_Municipio`, `Estados_ID_estado`, `Municipio`) VALUES ('2037', '29', 'Huamantla');
INSERT INTO `RIDESCOM`.`Municipio` (`ID_Municipio`, `Estados_ID_estado`, `Municipio`) VALUES ('2038', '29', 'Hueyotlipan');
INSERT INTO `RIDESCOM`.`Municipio` (`ID_Municipio`, `Estados_ID_estado`, `Municipio`) VALUES ('2039', '29', 'Ixtacuixtla de Mariano Matamoros');
INSERT INTO `RIDESCOM`.`Municipio` (`ID_Municipio`, `Estados_ID_estado`, `Municipio`) VALUES ('2040', '29', 'Ixtenco');
INSERT INTO `RIDESCOM`.`Municipio` (`ID_Municipio`, `Estados_ID_estado`, `Municipio`) VALUES ('2041', '29', 'La Magdalena Tlaltelulco');
INSERT INTO `RIDESCOM`.`Municipio` (`ID_Municipio`, `Estados_ID_estado`, `Municipio`) VALUES ('2042', '29', 'Lázaro Cárdenas');
INSERT INTO `RIDESCOM`.`Municipio` (`ID_Municipio`, `Estados_ID_estado`, `Municipio`) VALUES ('2043', '29', 'Mazatecochco de José María Morelos');
INSERT INTO `RIDESCOM`.`Municipio` (`ID_Municipio`, `Estados_ID_estado`, `Municipio`) VALUES ('2044', '29', 'Muñoz de Domingo Arenas');
INSERT INTO `RIDESCOM`.`Municipio` (`ID_Municipio`, `Estados_ID_estado`, `Municipio`) VALUES ('2045', '29', 'Nanacamilpa de Mariano Arista');
INSERT INTO `RIDESCOM`.`Municipio` (`ID_Municipio`, `Estados_ID_estado`, `Municipio`) VALUES ('2046', '29', 'Nativitas');
INSERT INTO `RIDESCOM`.`Municipio` (`ID_Municipio`, `Estados_ID_estado`, `Municipio`) VALUES ('2047', '29', 'Panotla');
INSERT INTO `RIDESCOM`.`Municipio` (`ID_Municipio`, `Estados_ID_estado`, `Municipio`) VALUES ('2048', '29', 'Papalotla de Xicohténcatl');
INSERT INTO `RIDESCOM`.`Municipio` (`ID_Municipio`, `Estados_ID_estado`, `Municipio`) VALUES ('2049', '29', 'Sanctorum de Lázaro Cárdenas');
INSERT INTO `RIDESCOM`.`Municipio` (`ID_Municipio`, `Estados_ID_estado`, `Municipio`) VALUES ('2050', '29', 'San Damián Texoloc');
INSERT INTO `RIDESCOM`.`Municipio` (`ID_Municipio`, `Estados_ID_estado`, `Municipio`) VALUES ('2051', '29', 'San Francisco Tetlanohcan');
INSERT INTO `RIDESCOM`.`Municipio` (`ID_Municipio`, `Estados_ID_estado`, `Municipio`) VALUES ('2052', '29', 'San Jerónimo Zacualpan');
INSERT INTO `RIDESCOM`.`Municipio` (`ID_Municipio`, `Estados_ID_estado`, `Municipio`) VALUES ('2053', '29', 'San José Teacalco');
INSERT INTO `RIDESCOM`.`Municipio` (`ID_Municipio`, `Estados_ID_estado`, `Municipio`) VALUES ('2054', '29', 'San Juan Huactzinco');
INSERT INTO `RIDESCOM`.`Municipio` (`ID_Municipio`, `Estados_ID_estado`, `Municipio`) VALUES ('2055', '29', 'San Lorenzo Axocomanitla');
INSERT INTO `RIDESCOM`.`Municipio` (`ID_Municipio`, `Estados_ID_estado`, `Municipio`) VALUES ('2056', '29', 'San Lucas Tecopilco');
INSERT INTO `RIDESCOM`.`Municipio` (`ID_Municipio`, `Estados_ID_estado`, `Municipio`) VALUES ('2057', '29', 'San Pablo del Monte');
INSERT INTO `RIDESCOM`.`Municipio` (`ID_Municipio`, `Estados_ID_estado`, `Municipio`) VALUES ('2058', '29', 'Santa Ana Nopalucan');
INSERT INTO `RIDESCOM`.`Municipio` (`ID_Municipio`, `Estados_ID_estado`, `Municipio`) VALUES ('2059', '29', 'Santa Apolonia Teacalco');
INSERT INTO `RIDESCOM`.`Municipio` (`ID_Municipio`, `Estados_ID_estado`, `Municipio`) VALUES ('2060', '29', 'Santa Catarina Ayometla');
INSERT INTO `RIDESCOM`.`Municipio` (`ID_Municipio`, `Estados_ID_estado`, `Municipio`) VALUES ('2061', '29', 'Santa Cruz Quilehtla');
INSERT INTO `RIDESCOM`.`Municipio` (`ID_Municipio`, `Estados_ID_estado`, `Municipio`) VALUES ('2062', '29', 'Santa Cruz Tlaxcala');
INSERT INTO `RIDESCOM`.`Municipio` (`ID_Municipio`, `Estados_ID_estado`, `Municipio`) VALUES ('2063', '29', 'Santa Isabel Xiloxoxtla');
INSERT INTO `RIDESCOM`.`Municipio` (`ID_Municipio`, `Estados_ID_estado`, `Municipio`) VALUES ('2064', '29', 'Tenancingo');
INSERT INTO `RIDESCOM`.`Municipio` (`ID_Municipio`, `Estados_ID_estado`, `Municipio`) VALUES ('2065', '29', 'Teolocholco');
INSERT INTO `RIDESCOM`.`Municipio` (`ID_Municipio`, `Estados_ID_estado`, `Municipio`) VALUES ('2066', '29', 'Tepetitla de Lardizábal');
INSERT INTO `RIDESCOM`.`Municipio` (`ID_Municipio`, `Estados_ID_estado`, `Municipio`) VALUES ('2067', '29', 'Tepeyanco');
INSERT INTO `RIDESCOM`.`Municipio` (`ID_Municipio`, `Estados_ID_estado`, `Municipio`) VALUES ('2068', '29', 'Terrenate');
INSERT INTO `RIDESCOM`.`Municipio` (`ID_Municipio`, `Estados_ID_estado`, `Municipio`) VALUES ('2069', '29', 'Tetla de la Solidaridad');
INSERT INTO `RIDESCOM`.`Municipio` (`ID_Municipio`, `Estados_ID_estado`, `Municipio`) VALUES ('2070', '29', 'Tetlatlahuca');
INSERT INTO `RIDESCOM`.`Municipio` (`ID_Municipio`, `Estados_ID_estado`, `Municipio`) VALUES ('2071', '29', 'Tlaxcala');
INSERT INTO `RIDESCOM`.`Municipio` (`ID_Municipio`, `Estados_ID_estado`, `Municipio`) VALUES ('2072', '29', 'Tlaxco');
INSERT INTO `RIDESCOM`.`Municipio` (`ID_Municipio`, `Estados_ID_estado`, `Municipio`) VALUES ('2073', '29', 'Tocatlán');
INSERT INTO `RIDESCOM`.`Municipio` (`ID_Municipio`, `Estados_ID_estado`, `Municipio`) VALUES ('2074', '29', 'Totolac');
INSERT INTO `RIDESCOM`.`Municipio` (`ID_Municipio`, `Estados_ID_estado`, `Municipio`) VALUES ('2075', '29', 'Tzompantepec');
INSERT INTO `RIDESCOM`.`Municipio` (`ID_Municipio`, `Estados_ID_estado`, `Municipio`) VALUES ('2076', '29', 'Xaloztoc');
INSERT INTO `RIDESCOM`.`Municipio` (`ID_Municipio`, `Estados_ID_estado`, `Municipio`) VALUES ('2077', '29', 'Xaltocan');
INSERT INTO `RIDESCOM`.`Municipio` (`ID_Municipio`, `Estados_ID_estado`, `Municipio`) VALUES ('2078', '29', 'Xicohtzinco');
INSERT INTO `RIDESCOM`.`Municipio` (`ID_Municipio`, `Estados_ID_estado`, `Municipio`) VALUES ('2079', '29', 'Yauhquemecan');
INSERT INTO `RIDESCOM`.`Municipio` (`ID_Municipio`, `Estados_ID_estado`, `Municipio`) VALUES ('2080', '29', 'Zacatelco');
INSERT INTO `RIDESCOM`.`Municipio` (`ID_Municipio`, `Estados_ID_estado`, `Municipio`) VALUES ('2081', '29', 'Zitlaltepec de Trinidad Sánchez Santos');
INSERT INTO `RIDESCOM`.`Municipio` (`ID_Municipio`, `Estados_ID_estado`, `Municipio`) VALUES ('2082', '30', 'Acajete');
INSERT INTO `RIDESCOM`.`Municipio` (`ID_Municipio`, `Estados_ID_estado`, `Municipio`) VALUES ('2083', '30', 'Acatlán');
INSERT INTO `RIDESCOM`.`Municipio` (`ID_Municipio`, `Estados_ID_estado`, `Municipio`) VALUES ('2084', '30', 'Acayucan');
INSERT INTO `RIDESCOM`.`Municipio` (`ID_Municipio`, `Estados_ID_estado`, `Municipio`) VALUES ('2085', '30', 'Actopan');
INSERT INTO `RIDESCOM`.`Municipio` (`ID_Municipio`, `Estados_ID_estado`, `Municipio`) VALUES ('2086', '30', 'Acula');
INSERT INTO `RIDESCOM`.`Municipio` (`ID_Municipio`, `Estados_ID_estado`, `Municipio`) VALUES ('2087', '30', 'Acultzingo');
INSERT INTO `RIDESCOM`.`Municipio` (`ID_Municipio`, `Estados_ID_estado`, `Municipio`) VALUES ('2088', '30', 'Agua Dulce');
INSERT INTO `RIDESCOM`.`Municipio` (`ID_Municipio`, `Estados_ID_estado`, `Municipio`) VALUES ('2089', '30', 'Álamo Temapache');
INSERT INTO `RIDESCOM`.`Municipio` (`ID_Municipio`, `Estados_ID_estado`, `Municipio`) VALUES ('2090', '30', 'Alpatláhuac');
INSERT INTO `RIDESCOM`.`Municipio` (`ID_Municipio`, `Estados_ID_estado`, `Municipio`) VALUES ('2091', '30', 'Alto Lucero de Gutiérrez Barrios');
INSERT INTO `RIDESCOM`.`Municipio` (`ID_Municipio`, `Estados_ID_estado`, `Municipio`) VALUES ('2092', '30', 'Altotonga');
INSERT INTO `RIDESCOM`.`Municipio` (`ID_Municipio`, `Estados_ID_estado`, `Municipio`) VALUES ('2093', '30', 'Alvarado');
INSERT INTO `RIDESCOM`.`Municipio` (`ID_Municipio`, `Estados_ID_estado`, `Municipio`) VALUES ('2094', '30', 'Amatitlán');
INSERT INTO `RIDESCOM`.`Municipio` (`ID_Municipio`, `Estados_ID_estado`, `Municipio`) VALUES ('2095', '30', 'Amatlán de los Reyes');
INSERT INTO `RIDESCOM`.`Municipio` (`ID_Municipio`, `Estados_ID_estado`, `Municipio`) VALUES ('2096', '30', 'Ángel R. Cabada');
INSERT INTO `RIDESCOM`.`Municipio` (`ID_Municipio`, `Estados_ID_estado`, `Municipio`) VALUES ('2097', '30', 'Apazapan');
INSERT INTO `RIDESCOM`.`Municipio` (`ID_Municipio`, `Estados_ID_estado`, `Municipio`) VALUES ('2098', '30', 'Aquila');
INSERT INTO `RIDESCOM`.`Municipio` (`ID_Municipio`, `Estados_ID_estado`, `Municipio`) VALUES ('2099', '30', 'Astacinga');
INSERT INTO `RIDESCOM`.`Municipio` (`ID_Municipio`, `Estados_ID_estado`, `Municipio`) VALUES ('2100', '30', 'Atlahuilco');
INSERT INTO `RIDESCOM`.`Municipio` (`ID_Municipio`, `Estados_ID_estado`, `Municipio`) VALUES ('2101', '30', 'Atoyac');
INSERT INTO `RIDESCOM`.`Municipio` (`ID_Municipio`, `Estados_ID_estado`, `Municipio`) VALUES ('2102', '30', 'Atzacan');
INSERT INTO `RIDESCOM`.`Municipio` (`ID_Municipio`, `Estados_ID_estado`, `Municipio`) VALUES ('2103', '30', 'Atzalan');
INSERT INTO `RIDESCOM`.`Municipio` (`ID_Municipio`, `Estados_ID_estado`, `Municipio`) VALUES ('2104', '30', 'Ayahualulco');
INSERT INTO `RIDESCOM`.`Municipio` (`ID_Municipio`, `Estados_ID_estado`, `Municipio`) VALUES ('2105', '30', 'Banderilla');
INSERT INTO `RIDESCOM`.`Municipio` (`ID_Municipio`, `Estados_ID_estado`, `Municipio`) VALUES ('2106', '30', 'Benito Juárez');
INSERT INTO `RIDESCOM`.`Municipio` (`ID_Municipio`, `Estados_ID_estado`, `Municipio`) VALUES ('2107', '30', 'Boca del Río');
INSERT INTO `RIDESCOM`.`Municipio` (`ID_Municipio`, `Estados_ID_estado`, `Municipio`) VALUES ('2108', '30', 'Calcahualco');
INSERT INTO `RIDESCOM`.`Municipio` (`ID_Municipio`, `Estados_ID_estado`, `Municipio`) VALUES ('2109', '30', 'Camarón de Tejeda');
INSERT INTO `RIDESCOM`.`Municipio` (`ID_Municipio`, `Estados_ID_estado`, `Municipio`) VALUES ('2110', '30', 'Camerino Z. Mendoza');
INSERT INTO `RIDESCOM`.`Municipio` (`ID_Municipio`, `Estados_ID_estado`, `Municipio`) VALUES ('2111', '30', 'Carlos A. Carrillo');
INSERT INTO `RIDESCOM`.`Municipio` (`ID_Municipio`, `Estados_ID_estado`, `Municipio`) VALUES ('2112', '30', 'Carrillo Puerto');
INSERT INTO `RIDESCOM`.`Municipio` (`ID_Municipio`, `Estados_ID_estado`, `Municipio`) VALUES ('2113', '30', 'Castillo de Teayo');
INSERT INTO `RIDESCOM`.`Municipio` (`ID_Municipio`, `Estados_ID_estado`, `Municipio`) VALUES ('2114', '30', 'Catemaco');
INSERT INTO `RIDESCOM`.`Municipio` (`ID_Municipio`, `Estados_ID_estado`, `Municipio`) VALUES ('2115', '30', 'Cazones de Herrera');
INSERT INTO `RIDESCOM`.`Municipio` (`ID_Municipio`, `Estados_ID_estado`, `Municipio`) VALUES ('2116', '30', 'Cerro Azul');
INSERT INTO `RIDESCOM`.`Municipio` (`ID_Municipio`, `Estados_ID_estado`, `Municipio`) VALUES ('2117', '30', 'Chacaltianguis');
INSERT INTO `RIDESCOM`.`Municipio` (`ID_Municipio`, `Estados_ID_estado`, `Municipio`) VALUES ('2118', '30', 'Chalma');
INSERT INTO `RIDESCOM`.`Municipio` (`ID_Municipio`, `Estados_ID_estado`, `Municipio`) VALUES ('2119', '30', 'Chiconamel');
INSERT INTO `RIDESCOM`.`Municipio` (`ID_Municipio`, `Estados_ID_estado`, `Municipio`) VALUES ('2120', '30', 'Chiconquiaco');
INSERT INTO `RIDESCOM`.`Municipio` (`ID_Municipio`, `Estados_ID_estado`, `Municipio`) VALUES ('2121', '30', 'Chicontepec');
INSERT INTO `RIDESCOM`.`Municipio` (`ID_Municipio`, `Estados_ID_estado`, `Municipio`) VALUES ('2122', '30', 'Chinameca');
INSERT INTO `RIDESCOM`.`Municipio` (`ID_Municipio`, `Estados_ID_estado`, `Municipio`) VALUES ('2123', '30', 'Chinampa de Gorostiza');
INSERT INTO `RIDESCOM`.`Municipio` (`ID_Municipio`, `Estados_ID_estado`, `Municipio`) VALUES ('2124', '30', 'Chocamán');
INSERT INTO `RIDESCOM`.`Municipio` (`ID_Municipio`, `Estados_ID_estado`, `Municipio`) VALUES ('2125', '30', 'Chontla');
INSERT INTO `RIDESCOM`.`Municipio` (`ID_Municipio`, `Estados_ID_estado`, `Municipio`) VALUES ('2126', '30', 'Chumatlán');
INSERT INTO `RIDESCOM`.`Municipio` (`ID_Municipio`, `Estados_ID_estado`, `Municipio`) VALUES ('2127', '30', 'Citlaltépetl');
INSERT INTO `RIDESCOM`.`Municipio` (`ID_Municipio`, `Estados_ID_estado`, `Municipio`) VALUES ('2128', '30', 'Coacoatzintla');
INSERT INTO `RIDESCOM`.`Municipio` (`ID_Municipio`, `Estados_ID_estado`, `Municipio`) VALUES ('2129', '30', 'Coahuitlán');
INSERT INTO `RIDESCOM`.`Municipio` (`ID_Municipio`, `Estados_ID_estado`, `Municipio`) VALUES ('2130', '30', 'Coatepec');
INSERT INTO `RIDESCOM`.`Municipio` (`ID_Municipio`, `Estados_ID_estado`, `Municipio`) VALUES ('2131', '30', 'Coatzacoalcos');
INSERT INTO `RIDESCOM`.`Municipio` (`ID_Municipio`, `Estados_ID_estado`, `Municipio`) VALUES ('2132', '30', 'Coatzintla');
INSERT INTO `RIDESCOM`.`Municipio` (`ID_Municipio`, `Estados_ID_estado`, `Municipio`) VALUES ('2133', '30', 'Coetzala');
INSERT INTO `RIDESCOM`.`Municipio` (`ID_Municipio`, `Estados_ID_estado`, `Municipio`) VALUES ('2134', '30', 'Colipa');
INSERT INTO `RIDESCOM`.`Municipio` (`ID_Municipio`, `Estados_ID_estado`, `Municipio`) VALUES ('2135', '30', 'Comapa');
INSERT INTO `RIDESCOM`.`Municipio` (`ID_Municipio`, `Estados_ID_estado`, `Municipio`) VALUES ('2136', '30', 'Córdoba');
INSERT INTO `RIDESCOM`.`Municipio` (`ID_Municipio`, `Estados_ID_estado`, `Municipio`) VALUES ('2137', '30', 'Cosamaloapan de Carpio');
INSERT INTO `RIDESCOM`.`Municipio` (`ID_Municipio`, `Estados_ID_estado`, `Municipio`) VALUES ('2138', '30', 'Consautlán de Carvajal');
INSERT INTO `RIDESCOM`.`Municipio` (`ID_Municipio`, `Estados_ID_estado`, `Municipio`) VALUES ('2139', '30', 'Coscomatepec');
INSERT INTO `RIDESCOM`.`Municipio` (`ID_Municipio`, `Estados_ID_estado`, `Municipio`) VALUES ('2140', '30', 'Cosoleacaque');
INSERT INTO `RIDESCOM`.`Municipio` (`ID_Municipio`, `Estados_ID_estado`, `Municipio`) VALUES ('2141', '30', 'Cotaxtla');
INSERT INTO `RIDESCOM`.`Municipio` (`ID_Municipio`, `Estados_ID_estado`, `Municipio`) VALUES ('2142', '30', 'Coxquihui');
INSERT INTO `RIDESCOM`.`Municipio` (`ID_Municipio`, `Estados_ID_estado`, `Municipio`) VALUES ('2143', '30', 'Coyutla');
INSERT INTO `RIDESCOM`.`Municipio` (`ID_Municipio`, `Estados_ID_estado`, `Municipio`) VALUES ('2144', '30', 'Cuichapa');
INSERT INTO `RIDESCOM`.`Municipio` (`ID_Municipio`, `Estados_ID_estado`, `Municipio`) VALUES ('2145', '30', 'Cuitláhuac');
INSERT INTO `RIDESCOM`.`Municipio` (`ID_Municipio`, `Estados_ID_estado`, `Municipio`) VALUES ('2146', '30', 'El Higo');
INSERT INTO `RIDESCOM`.`Municipio` (`ID_Municipio`, `Estados_ID_estado`, `Municipio`) VALUES ('2147', '30', 'Emiliano Zapata');
INSERT INTO `RIDESCOM`.`Municipio` (`ID_Municipio`, `Estados_ID_estado`, `Municipio`) VALUES ('2148', '30', 'Espinal');
INSERT INTO `RIDESCOM`.`Municipio` (`ID_Municipio`, `Estados_ID_estado`, `Municipio`) VALUES ('2149', '30', 'Filomeno Mata');
INSERT INTO `RIDESCOM`.`Municipio` (`ID_Municipio`, `Estados_ID_estado`, `Municipio`) VALUES ('2150', '30', 'Fortín');
INSERT INTO `RIDESCOM`.`Municipio` (`ID_Municipio`, `Estados_ID_estado`, `Municipio`) VALUES ('2151', '30', 'Gutiérrez Zamora');
INSERT INTO `RIDESCOM`.`Municipio` (`ID_Municipio`, `Estados_ID_estado`, `Municipio`) VALUES ('2152', '30', 'Hidalgotitlán');
INSERT INTO `RIDESCOM`.`Municipio` (`ID_Municipio`, `Estados_ID_estado`, `Municipio`) VALUES ('2153', '30', 'Huayacocotla');
INSERT INTO `RIDESCOM`.`Municipio` (`ID_Municipio`, `Estados_ID_estado`, `Municipio`) VALUES ('2154', '30', 'Hueyapan de Ocampo');
INSERT INTO `RIDESCOM`.`Municipio` (`ID_Municipio`, `Estados_ID_estado`, `Municipio`) VALUES ('2155', '30', 'Huiloapan de Cuauhtémoc');
INSERT INTO `RIDESCOM`.`Municipio` (`ID_Municipio`, `Estados_ID_estado`, `Municipio`) VALUES ('2156', '30', 'Ignacio de la Llave');
INSERT INTO `RIDESCOM`.`Municipio` (`ID_Municipio`, `Estados_ID_estado`, `Municipio`) VALUES ('2157', '30', 'Ilamatlán');
INSERT INTO `RIDESCOM`.`Municipio` (`ID_Municipio`, `Estados_ID_estado`, `Municipio`) VALUES ('2158', '30', 'Isla');
INSERT INTO `RIDESCOM`.`Municipio` (`ID_Municipio`, `Estados_ID_estado`, `Municipio`) VALUES ('2159', '30', 'Ixcatepec');
INSERT INTO `RIDESCOM`.`Municipio` (`ID_Municipio`, `Estados_ID_estado`, `Municipio`) VALUES ('2160', '30', 'Ixhuacán de los Reyes');
INSERT INTO `RIDESCOM`.`Municipio` (`ID_Municipio`, `Estados_ID_estado`, `Municipio`) VALUES ('2161', '30', 'Ixhuatlancillo');
INSERT INTO `RIDESCOM`.`Municipio` (`ID_Municipio`, `Estados_ID_estado`, `Municipio`) VALUES ('2162', '30', 'Ixhuatlán del Café');
INSERT INTO `RIDESCOM`.`Municipio` (`ID_Municipio`, `Estados_ID_estado`, `Municipio`) VALUES ('2163', '30', 'Ixhuatlán de Madero');
INSERT INTO `RIDESCOM`.`Municipio` (`ID_Municipio`, `Estados_ID_estado`, `Municipio`) VALUES ('2164', '30', 'Ixhuatlán del Sureste');
INSERT INTO `RIDESCOM`.`Municipio` (`ID_Municipio`, `Estados_ID_estado`, `Municipio`) VALUES ('2165', '30', 'Ixmatlahuacan');
INSERT INTO `RIDESCOM`.`Municipio` (`ID_Municipio`, `Estados_ID_estado`, `Municipio`) VALUES ('2166', '30', 'Ixtaczoquitlán');
INSERT INTO `RIDESCOM`.`Municipio` (`ID_Municipio`, `Estados_ID_estado`, `Municipio`) VALUES ('2167', '30', 'Jalacingo');
INSERT INTO `RIDESCOM`.`Municipio` (`ID_Municipio`, `Estados_ID_estado`, `Municipio`) VALUES ('2168', '30', 'Jalcomulco');
INSERT INTO `RIDESCOM`.`Municipio` (`ID_Municipio`, `Estados_ID_estado`, `Municipio`) VALUES ('2169', '30', 'Jáltipan');
INSERT INTO `RIDESCOM`.`Municipio` (`ID_Municipio`, `Estados_ID_estado`, `Municipio`) VALUES ('2170', '30', 'Jamapa');
INSERT INTO `RIDESCOM`.`Municipio` (`ID_Municipio`, `Estados_ID_estado`, `Municipio`) VALUES ('2171', '30', 'Jesús Carranza');
INSERT INTO `RIDESCOM`.`Municipio` (`ID_Municipio`, `Estados_ID_estado`, `Municipio`) VALUES ('2172', '30', 'Jilotepec');
INSERT INTO `RIDESCOM`.`Municipio` (`ID_Municipio`, `Estados_ID_estado`, `Municipio`) VALUES ('2173', '30', 'José Azueta');
INSERT INTO `RIDESCOM`.`Municipio` (`ID_Municipio`, `Estados_ID_estado`, `Municipio`) VALUES ('2174', '30', 'Juan Rodríguez Clara');
INSERT INTO `RIDESCOM`.`Municipio` (`ID_Municipio`, `Estados_ID_estado`, `Municipio`) VALUES ('2175', '30', 'Juchique de Ferrer');
INSERT INTO `RIDESCOM`.`Municipio` (`ID_Municipio`, `Estados_ID_estado`, `Municipio`) VALUES ('2176', '30', 'La Antigua');
INSERT INTO `RIDESCOM`.`Municipio` (`ID_Municipio`, `Estados_ID_estado`, `Municipio`) VALUES ('2177', '30', 'Landero y Coss');
INSERT INTO `RIDESCOM`.`Municipio` (`ID_Municipio`, `Estados_ID_estado`, `Municipio`) VALUES ('2178', '30', 'La Perla');
INSERT INTO `RIDESCOM`.`Municipio` (`ID_Municipio`, `Estados_ID_estado`, `Municipio`) VALUES ('2179', '30', 'Las Choapas');
INSERT INTO `RIDESCOM`.`Municipio` (`ID_Municipio`, `Estados_ID_estado`, `Municipio`) VALUES ('2180', '30', 'Las Minas');
INSERT INTO `RIDESCOM`.`Municipio` (`ID_Municipio`, `Estados_ID_estado`, `Municipio`) VALUES ('2181', '30', 'Las Vigas de Ramírez');
INSERT INTO `RIDESCOM`.`Municipio` (`ID_Municipio`, `Estados_ID_estado`, `Municipio`) VALUES ('2182', '30', 'Lerdo de Tejada');
INSERT INTO `RIDESCOM`.`Municipio` (`ID_Municipio`, `Estados_ID_estado`, `Municipio`) VALUES ('2183', '30', 'Los Reyes');
INSERT INTO `RIDESCOM`.`Municipio` (`ID_Municipio`, `Estados_ID_estado`, `Municipio`) VALUES ('2184', '30', 'Magdalena');
INSERT INTO `RIDESCOM`.`Municipio` (`ID_Municipio`, `Estados_ID_estado`, `Municipio`) VALUES ('2185', '30', 'Maltrata');
INSERT INTO `RIDESCOM`.`Municipio` (`ID_Municipio`, `Estados_ID_estado`, `Municipio`) VALUES ('2186', '30', 'Manlio Fabio Altamirano');
INSERT INTO `RIDESCOM`.`Municipio` (`ID_Municipio`, `Estados_ID_estado`, `Municipio`) VALUES ('2187', '30', 'Mariano Escobedo');
INSERT INTO `RIDESCOM`.`Municipio` (`ID_Municipio`, `Estados_ID_estado`, `Municipio`) VALUES ('2188', '30', 'Martínez de la Torre');
INSERT INTO `RIDESCOM`.`Municipio` (`ID_Municipio`, `Estados_ID_estado`, `Municipio`) VALUES ('2189', '30', 'Mecatlán');
INSERT INTO `RIDESCOM`.`Municipio` (`ID_Municipio`, `Estados_ID_estado`, `Municipio`) VALUES ('2190', '30', 'Mecayapan');
INSERT INTO `RIDESCOM`.`Municipio` (`ID_Municipio`, `Estados_ID_estado`, `Municipio`) VALUES ('2191', '30', 'Medellín');
INSERT INTO `RIDESCOM`.`Municipio` (`ID_Municipio`, `Estados_ID_estado`, `Municipio`) VALUES ('2192', '30', 'Miahuatlán');
INSERT INTO `RIDESCOM`.`Municipio` (`ID_Municipio`, `Estados_ID_estado`, `Municipio`) VALUES ('2193', '30', 'Minatitlán');
INSERT INTO `RIDESCOM`.`Municipio` (`ID_Municipio`, `Estados_ID_estado`, `Municipio`) VALUES ('2194', '30', 'Misantla');
INSERT INTO `RIDESCOM`.`Municipio` (`ID_Municipio`, `Estados_ID_estado`, `Municipio`) VALUES ('2195', '30', 'Mixtla de Altamirano');
INSERT INTO `RIDESCOM`.`Municipio` (`ID_Municipio`, `Estados_ID_estado`, `Municipio`) VALUES ('2196', '30', 'Moloacán');
INSERT INTO `RIDESCOM`.`Municipio` (`ID_Municipio`, `Estados_ID_estado`, `Municipio`) VALUES ('2197', '30', 'Nanchital de Lázaro Cárdenas del Río');
INSERT INTO `RIDESCOM`.`Municipio` (`ID_Municipio`, `Estados_ID_estado`, `Municipio`) VALUES ('2198', '30', 'Naolinco');
INSERT INTO `RIDESCOM`.`Municipio` (`ID_Municipio`, `Estados_ID_estado`, `Municipio`) VALUES ('2199', '30', 'Naranjal');
INSERT INTO `RIDESCOM`.`Municipio` (`ID_Municipio`, `Estados_ID_estado`, `Municipio`) VALUES ('2200', '30', 'Naranjos Amatlán');
INSERT INTO `RIDESCOM`.`Municipio` (`ID_Municipio`, `Estados_ID_estado`, `Municipio`) VALUES ('2201', '30', 'Nautla');
INSERT INTO `RIDESCOM`.`Municipio` (`ID_Municipio`, `Estados_ID_estado`, `Municipio`) VALUES ('2202', '30', 'Nogales');
INSERT INTO `RIDESCOM`.`Municipio` (`ID_Municipio`, `Estados_ID_estado`, `Municipio`) VALUES ('2203', '30', 'Oluta');
INSERT INTO `RIDESCOM`.`Municipio` (`ID_Municipio`, `Estados_ID_estado`, `Municipio`) VALUES ('2204', '30', 'Omealca');
INSERT INTO `RIDESCOM`.`Municipio` (`ID_Municipio`, `Estados_ID_estado`, `Municipio`) VALUES ('2205', '30', 'Orizaba');
INSERT INTO `RIDESCOM`.`Municipio` (`ID_Municipio`, `Estados_ID_estado`, `Municipio`) VALUES ('2206', '30', 'Otatitlán');
INSERT INTO `RIDESCOM`.`Municipio` (`ID_Municipio`, `Estados_ID_estado`, `Municipio`) VALUES ('2207', '30', 'Oteapan');
INSERT INTO `RIDESCOM`.`Municipio` (`ID_Municipio`, `Estados_ID_estado`, `Municipio`) VALUES ('2208', '30', 'Ozuluama de Mascañeras');
INSERT INTO `RIDESCOM`.`Municipio` (`ID_Municipio`, `Estados_ID_estado`, `Municipio`) VALUES ('2209', '30', 'Pajapan');
INSERT INTO `RIDESCOM`.`Municipio` (`ID_Municipio`, `Estados_ID_estado`, `Municipio`) VALUES ('2210', '30', 'Pánuco');
INSERT INTO `RIDESCOM`.`Municipio` (`ID_Municipio`, `Estados_ID_estado`, `Municipio`) VALUES ('2211', '30', 'Papantla');
INSERT INTO `RIDESCOM`.`Municipio` (`ID_Municipio`, `Estados_ID_estado`, `Municipio`) VALUES ('2212', '30', 'Paso del Macho');
INSERT INTO `RIDESCOM`.`Municipio` (`ID_Municipio`, `Estados_ID_estado`, `Municipio`) VALUES ('2213', '30', 'Paso de Ovejas');
INSERT INTO `RIDESCOM`.`Municipio` (`ID_Municipio`, `Estados_ID_estado`, `Municipio`) VALUES ('2214', '30', 'Perote');
INSERT INTO `RIDESCOM`.`Municipio` (`ID_Municipio`, `Estados_ID_estado`, `Municipio`) VALUES ('2215', '30', 'Platón Sánchez');
INSERT INTO `RIDESCOM`.`Municipio` (`ID_Municipio`, `Estados_ID_estado`, `Municipio`) VALUES ('2216', '30', 'Playa Vicente');
INSERT INTO `RIDESCOM`.`Municipio` (`ID_Municipio`, `Estados_ID_estado`, `Municipio`) VALUES ('2217', '30', 'Poza Rica de Hidalgo');
INSERT INTO `RIDESCOM`.`Municipio` (`ID_Municipio`, `Estados_ID_estado`, `Municipio`) VALUES ('2218', '30', 'Pueblo Viejo');
INSERT INTO `RIDESCOM`.`Municipio` (`ID_Municipio`, `Estados_ID_estado`, `Municipio`) VALUES ('2219', '30', 'Puente Nacional');
INSERT INTO `RIDESCOM`.`Municipio` (`ID_Municipio`, `Estados_ID_estado`, `Municipio`) VALUES ('2220', '30', 'Rafael Delgado');
INSERT INTO `RIDESCOM`.`Municipio` (`ID_Municipio`, `Estados_ID_estado`, `Municipio`) VALUES ('2221', '30', 'Rafael Lucio');
INSERT INTO `RIDESCOM`.`Municipio` (`ID_Municipio`, `Estados_ID_estado`, `Municipio`) VALUES ('2222', '30', 'Río Blanco');
INSERT INTO `RIDESCOM`.`Municipio` (`ID_Municipio`, `Estados_ID_estado`, `Municipio`) VALUES ('2223', '30', 'Saltabarranca');
INSERT INTO `RIDESCOM`.`Municipio` (`ID_Municipio`, `Estados_ID_estado`, `Municipio`) VALUES ('2224', '30', 'San Andrés Tenejapan');
INSERT INTO `RIDESCOM`.`Municipio` (`ID_Municipio`, `Estados_ID_estado`, `Municipio`) VALUES ('2225', '30', 'San Andrés Tuxtla');
INSERT INTO `RIDESCOM`.`Municipio` (`ID_Municipio`, `Estados_ID_estado`, `Municipio`) VALUES ('2226', '30', 'San Juan Evangelista');
INSERT INTO `RIDESCOM`.`Municipio` (`ID_Municipio`, `Estados_ID_estado`, `Municipio`) VALUES ('2227', '30', 'San Rafael');
INSERT INTO `RIDESCOM`.`Municipio` (`ID_Municipio`, `Estados_ID_estado`, `Municipio`) VALUES ('2228', '30', 'Santiago Sochiapan');
INSERT INTO `RIDESCOM`.`Municipio` (`ID_Municipio`, `Estados_ID_estado`, `Municipio`) VALUES ('2229', '30', 'Santiago Tuxtla');
INSERT INTO `RIDESCOM`.`Municipio` (`ID_Municipio`, `Estados_ID_estado`, `Municipio`) VALUES ('2230', '30', 'Sayula de Alemán');
INSERT INTO `RIDESCOM`.`Municipio` (`ID_Municipio`, `Estados_ID_estado`, `Municipio`) VALUES ('2231', '30', 'Soconusco');
INSERT INTO `RIDESCOM`.`Municipio` (`ID_Municipio`, `Estados_ID_estado`, `Municipio`) VALUES ('2232', '30', 'Sochiapa');
INSERT INTO `RIDESCOM`.`Municipio` (`ID_Municipio`, `Estados_ID_estado`, `Municipio`) VALUES ('2233', '30', 'Soledad Atzompa');
INSERT INTO `RIDESCOM`.`Municipio` (`ID_Municipio`, `Estados_ID_estado`, `Municipio`) VALUES ('2234', '30', 'Soledad de Doblado');
INSERT INTO `RIDESCOM`.`Municipio` (`ID_Municipio`, `Estados_ID_estado`, `Municipio`) VALUES ('2235', '30', 'Soteapan');
INSERT INTO `RIDESCOM`.`Municipio` (`ID_Municipio`, `Estados_ID_estado`, `Municipio`) VALUES ('2236', '30', 'Tamalín');
INSERT INTO `RIDESCOM`.`Municipio` (`ID_Municipio`, `Estados_ID_estado`, `Municipio`) VALUES ('2237', '30', 'Tamiahua');
INSERT INTO `RIDESCOM`.`Municipio` (`ID_Municipio`, `Estados_ID_estado`, `Municipio`) VALUES ('2238', '30', 'Tampico Alto');
INSERT INTO `RIDESCOM`.`Municipio` (`ID_Municipio`, `Estados_ID_estado`, `Municipio`) VALUES ('2239', '30', 'Tancoco');
INSERT INTO `RIDESCOM`.`Municipio` (`ID_Municipio`, `Estados_ID_estado`, `Municipio`) VALUES ('2240', '30', 'Tantima');
INSERT INTO `RIDESCOM`.`Municipio` (`ID_Municipio`, `Estados_ID_estado`, `Municipio`) VALUES ('2241', '30', 'Tantoyuca');
INSERT INTO `RIDESCOM`.`Municipio` (`ID_Municipio`, `Estados_ID_estado`, `Municipio`) VALUES ('2242', '30', 'Tatatila');
INSERT INTO `RIDESCOM`.`Municipio` (`ID_Municipio`, `Estados_ID_estado`, `Municipio`) VALUES ('2243', '30', 'Tatahuicapan de Juárez');
INSERT INTO `RIDESCOM`.`Municipio` (`ID_Municipio`, `Estados_ID_estado`, `Municipio`) VALUES ('2244', '30', 'Tecolutla');
INSERT INTO `RIDESCOM`.`Municipio` (`ID_Municipio`, `Estados_ID_estado`, `Municipio`) VALUES ('2245', '30', 'Tehuipango');
INSERT INTO `RIDESCOM`.`Municipio` (`ID_Municipio`, `Estados_ID_estado`, `Municipio`) VALUES ('2246', '30', 'Tempoal');
INSERT INTO `RIDESCOM`.`Municipio` (`ID_Municipio`, `Estados_ID_estado`, `Municipio`) VALUES ('2247', '30', 'Tenampa');
INSERT INTO `RIDESCOM`.`Municipio` (`ID_Municipio`, `Estados_ID_estado`, `Municipio`) VALUES ('2248', '30', 'Tenochtitlán');
INSERT INTO `RIDESCOM`.`Municipio` (`ID_Municipio`, `Estados_ID_estado`, `Municipio`) VALUES ('2249', '30', 'Teocelo');
INSERT INTO `RIDESCOM`.`Municipio` (`ID_Municipio`, `Estados_ID_estado`, `Municipio`) VALUES ('2250', '30', 'Tepatlaxco');
INSERT INTO `RIDESCOM`.`Municipio` (`ID_Municipio`, `Estados_ID_estado`, `Municipio`) VALUES ('2251', '30', 'Tepetlán');
INSERT INTO `RIDESCOM`.`Municipio` (`ID_Municipio`, `Estados_ID_estado`, `Municipio`) VALUES ('2252', '30', 'Tepetzintla');
INSERT INTO `RIDESCOM`.`Municipio` (`ID_Municipio`, `Estados_ID_estado`, `Municipio`) VALUES ('2253', '30', 'Tequila');
INSERT INTO `RIDESCOM`.`Municipio` (`ID_Municipio`, `Estados_ID_estado`, `Municipio`) VALUES ('2254', '30', 'Texcatepec');
INSERT INTO `RIDESCOM`.`Municipio` (`ID_Municipio`, `Estados_ID_estado`, `Municipio`) VALUES ('2255', '30', 'Texhuacán');
INSERT INTO `RIDESCOM`.`Municipio` (`ID_Municipio`, `Estados_ID_estado`, `Municipio`) VALUES ('2256', '30', 'Texistepec');
INSERT INTO `RIDESCOM`.`Municipio` (`ID_Municipio`, `Estados_ID_estado`, `Municipio`) VALUES ('2257', '30', 'Tezonapa');
INSERT INTO `RIDESCOM`.`Municipio` (`ID_Municipio`, `Estados_ID_estado`, `Municipio`) VALUES ('2258', '30', 'Tihuatlán');
INSERT INTO `RIDESCOM`.`Municipio` (`ID_Municipio`, `Estados_ID_estado`, `Municipio`) VALUES ('2259', '30', 'Tierra Blanca');
INSERT INTO `RIDESCOM`.`Municipio` (`ID_Municipio`, `Estados_ID_estado`, `Municipio`) VALUES ('2260', '30', 'Tlacojalpan');
INSERT INTO `RIDESCOM`.`Municipio` (`ID_Municipio`, `Estados_ID_estado`, `Municipio`) VALUES ('2261', '30', 'Tlacolulan');
INSERT INTO `RIDESCOM`.`Municipio` (`ID_Municipio`, `Estados_ID_estado`, `Municipio`) VALUES ('2262', '30', 'Tlacotalpan');
INSERT INTO `RIDESCOM`.`Municipio` (`ID_Municipio`, `Estados_ID_estado`, `Municipio`) VALUES ('2263', '30', 'Tlacotepec de Mejía');
INSERT INTO `RIDESCOM`.`Municipio` (`ID_Municipio`, `Estados_ID_estado`, `Municipio`) VALUES ('2264', '30', 'Tlachichilco');
INSERT INTO `RIDESCOM`.`Municipio` (`ID_Municipio`, `Estados_ID_estado`, `Municipio`) VALUES ('2265', '30', 'Tlalixcoyan');
INSERT INTO `RIDESCOM`.`Municipio` (`ID_Municipio`, `Estados_ID_estado`, `Municipio`) VALUES ('2266', '30', 'Tlalnelhuayocan');
INSERT INTO `RIDESCOM`.`Municipio` (`ID_Municipio`, `Estados_ID_estado`, `Municipio`) VALUES ('2267', '30', 'Tlaltetela');
INSERT INTO `RIDESCOM`.`Municipio` (`ID_Municipio`, `Estados_ID_estado`, `Municipio`) VALUES ('2268', '30', 'Tlapacoyan');
INSERT INTO `RIDESCOM`.`Municipio` (`ID_Municipio`, `Estados_ID_estado`, `Municipio`) VALUES ('2269', '30', 'Tlaquilpa');
INSERT INTO `RIDESCOM`.`Municipio` (`ID_Municipio`, `Estados_ID_estado`, `Municipio`) VALUES ('2270', '30', 'Tlilapan');
INSERT INTO `RIDESCOM`.`Municipio` (`ID_Municipio`, `Estados_ID_estado`, `Municipio`) VALUES ('2271', '30', 'Tomatlán');
INSERT INTO `RIDESCOM`.`Municipio` (`ID_Municipio`, `Estados_ID_estado`, `Municipio`) VALUES ('2272', '30', 'Tonayán');
INSERT INTO `RIDESCOM`.`Municipio` (`ID_Municipio`, `Estados_ID_estado`, `Municipio`) VALUES ('2273', '30', 'Totutla');
INSERT INTO `RIDESCOM`.`Municipio` (`ID_Municipio`, `Estados_ID_estado`, `Municipio`) VALUES ('2274', '30', 'Tres Valles');
INSERT INTO `RIDESCOM`.`Municipio` (`ID_Municipio`, `Estados_ID_estado`, `Municipio`) VALUES ('2275', '30', 'Tuxpan');
INSERT INTO `RIDESCOM`.`Municipio` (`ID_Municipio`, `Estados_ID_estado`, `Municipio`) VALUES ('2276', '30', 'Tuxtilla');
INSERT INTO `RIDESCOM`.`Municipio` (`ID_Municipio`, `Estados_ID_estado`, `Municipio`) VALUES ('2277', '30', 'Úrsulo Galván');
INSERT INTO `RIDESCOM`.`Municipio` (`ID_Municipio`, `Estados_ID_estado`, `Municipio`) VALUES ('2278', '30', 'Uxpanapa');
INSERT INTO `RIDESCOM`.`Municipio` (`ID_Municipio`, `Estados_ID_estado`, `Municipio`) VALUES ('2279', '30', 'Vega de Alatorre');
INSERT INTO `RIDESCOM`.`Municipio` (`ID_Municipio`, `Estados_ID_estado`, `Municipio`) VALUES ('2280', '30', 'Veracruz');
INSERT INTO `RIDESCOM`.`Municipio` (`ID_Municipio`, `Estados_ID_estado`, `Municipio`) VALUES ('2281', '30', 'Villa Aldama');
INSERT INTO `RIDESCOM`.`Municipio` (`ID_Municipio`, `Estados_ID_estado`, `Municipio`) VALUES ('2282', '30', 'Xalapa');
INSERT INTO `RIDESCOM`.`Municipio` (`ID_Municipio`, `Estados_ID_estado`, `Municipio`) VALUES ('2283', '30', 'Xico');
INSERT INTO `RIDESCOM`.`Municipio` (`ID_Municipio`, `Estados_ID_estado`, `Municipio`) VALUES ('2284', '30', 'Xoxocotla');
INSERT INTO `RIDESCOM`.`Municipio` (`ID_Municipio`, `Estados_ID_estado`, `Municipio`) VALUES ('2285', '30', 'Yanga');
INSERT INTO `RIDESCOM`.`Municipio` (`ID_Municipio`, `Estados_ID_estado`, `Municipio`) VALUES ('2286', '30', 'Yecuatla');
INSERT INTO `RIDESCOM`.`Municipio` (`ID_Municipio`, `Estados_ID_estado`, `Municipio`) VALUES ('2287', '30', 'Zacualpan');
INSERT INTO `RIDESCOM`.`Municipio` (`ID_Municipio`, `Estados_ID_estado`, `Municipio`) VALUES ('2288', '30', 'Zaragoza');
INSERT INTO `RIDESCOM`.`Municipio` (`ID_Municipio`, `Estados_ID_estado`, `Municipio`) VALUES ('2289', '30', 'Zentla');
INSERT INTO `RIDESCOM`.`Municipio` (`ID_Municipio`, `Estados_ID_estado`, `Municipio`) VALUES ('2290', '30', 'Zongolica');
INSERT INTO `RIDESCOM`.`Municipio` (`ID_Municipio`, `Estados_ID_estado`, `Municipio`) VALUES ('2291', '30', 'Zontecomatlán');
INSERT INTO `RIDESCOM`.`Municipio` (`ID_Municipio`, `Estados_ID_estado`, `Municipio`) VALUES ('2292', '30', 'Zozocolco de Hidalgo');
INSERT INTO `RIDESCOM`.`Municipio` (`ID_Municipio`, `Estados_ID_estado`, `Municipio`) VALUES ('2293', '31', 'Abalá');
INSERT INTO `RIDESCOM`.`Municipio` (`ID_Municipio`, `Estados_ID_estado`, `Municipio`) VALUES ('2294', '31', 'Acanceh');
INSERT INTO `RIDESCOM`.`Municipio` (`ID_Municipio`, `Estados_ID_estado`, `Municipio`) VALUES ('2295', '31', 'Akil');
INSERT INTO `RIDESCOM`.`Municipio` (`ID_Municipio`, `Estados_ID_estado`, `Municipio`) VALUES ('2296', '31', 'Baca');
INSERT INTO `RIDESCOM`.`Municipio` (`ID_Municipio`, `Estados_ID_estado`, `Municipio`) VALUES ('2297', '31', 'Bokobá');
INSERT INTO `RIDESCOM`.`Municipio` (`ID_Municipio`, `Estados_ID_estado`, `Municipio`) VALUES ('2298', '31', 'Buctzotz');
INSERT INTO `RIDESCOM`.`Municipio` (`ID_Municipio`, `Estados_ID_estado`, `Municipio`) VALUES ('2299', '31', 'Cacalchén');
INSERT INTO `RIDESCOM`.`Municipio` (`ID_Municipio`, `Estados_ID_estado`, `Municipio`) VALUES ('2300', '31', 'Calotmul');
INSERT INTO `RIDESCOM`.`Municipio` (`ID_Municipio`, `Estados_ID_estado`, `Municipio`) VALUES ('2301', '31', 'Cansahcab');
INSERT INTO `RIDESCOM`.`Municipio` (`ID_Municipio`, `Estados_ID_estado`, `Municipio`) VALUES ('2302', '31', 'Cantamayec');
INSERT INTO `RIDESCOM`.`Municipio` (`ID_Municipio`, `Estados_ID_estado`, `Municipio`) VALUES ('2303', '31', 'Calestún');
INSERT INTO `RIDESCOM`.`Municipio` (`ID_Municipio`, `Estados_ID_estado`, `Municipio`) VALUES ('2304', '31', 'Cenotillo');
INSERT INTO `RIDESCOM`.`Municipio` (`ID_Municipio`, `Estados_ID_estado`, `Municipio`) VALUES ('2305', '31', 'Conkal');
INSERT INTO `RIDESCOM`.`Municipio` (`ID_Municipio`, `Estados_ID_estado`, `Municipio`) VALUES ('2306', '31', 'Cuncunul');
INSERT INTO `RIDESCOM`.`Municipio` (`ID_Municipio`, `Estados_ID_estado`, `Municipio`) VALUES ('2307', '31', 'Cuzamá');
INSERT INTO `RIDESCOM`.`Municipio` (`ID_Municipio`, `Estados_ID_estado`, `Municipio`) VALUES ('2308', '31', 'Chacsinkín');
INSERT INTO `RIDESCOM`.`Municipio` (`ID_Municipio`, `Estados_ID_estado`, `Municipio`) VALUES ('2309', '31', 'Chankom');
INSERT INTO `RIDESCOM`.`Municipio` (`ID_Municipio`, `Estados_ID_estado`, `Municipio`) VALUES ('2310', '31', 'Chapab');
INSERT INTO `RIDESCOM`.`Municipio` (`ID_Municipio`, `Estados_ID_estado`, `Municipio`) VALUES ('2311', '31', 'Chemax');
INSERT INTO `RIDESCOM`.`Municipio` (`ID_Municipio`, `Estados_ID_estado`, `Municipio`) VALUES ('2312', '31', 'Chicxulub Pueblo');
INSERT INTO `RIDESCOM`.`Municipio` (`ID_Municipio`, `Estados_ID_estado`, `Municipio`) VALUES ('2313', '31', 'Chichimilá');
INSERT INTO `RIDESCOM`.`Municipio` (`ID_Municipio`, `Estados_ID_estado`, `Municipio`) VALUES ('2314', '31', 'Chikindzonot');
INSERT INTO `RIDESCOM`.`Municipio` (`ID_Municipio`, `Estados_ID_estado`, `Municipio`) VALUES ('2315', '31', 'Chocholá');
INSERT INTO `RIDESCOM`.`Municipio` (`ID_Municipio`, `Estados_ID_estado`, `Municipio`) VALUES ('2316', '31', 'Chumayel');
INSERT INTO `RIDESCOM`.`Municipio` (`ID_Municipio`, `Estados_ID_estado`, `Municipio`) VALUES ('2317', '31', 'Dzán');
INSERT INTO `RIDESCOM`.`Municipio` (`ID_Municipio`, `Estados_ID_estado`, `Municipio`) VALUES ('2318', '31', 'Dzemul');
INSERT INTO `RIDESCOM`.`Municipio` (`ID_Municipio`, `Estados_ID_estado`, `Municipio`) VALUES ('2319', '31', 'Dzidzantún');
INSERT INTO `RIDESCOM`.`Municipio` (`ID_Municipio`, `Estados_ID_estado`, `Municipio`) VALUES ('2320', '31', 'Dzilam de Bravo');
INSERT INTO `RIDESCOM`.`Municipio` (`ID_Municipio`, `Estados_ID_estado`, `Municipio`) VALUES ('2321', '31', 'Dzilam González');
INSERT INTO `RIDESCOM`.`Municipio` (`ID_Municipio`, `Estados_ID_estado`, `Municipio`) VALUES ('2322', '31', 'Dzitás');
INSERT INTO `RIDESCOM`.`Municipio` (`ID_Municipio`, `Estados_ID_estado`, `Municipio`) VALUES ('2323', '31', 'Dzoncauich');
INSERT INTO `RIDESCOM`.`Municipio` (`ID_Municipio`, `Estados_ID_estado`, `Municipio`) VALUES ('2324', '31', 'Espita');
INSERT INTO `RIDESCOM`.`Municipio` (`ID_Municipio`, `Estados_ID_estado`, `Municipio`) VALUES ('2325', '31', 'Halachó');
INSERT INTO `RIDESCOM`.`Municipio` (`ID_Municipio`, `Estados_ID_estado`, `Municipio`) VALUES ('2326', '31', 'Hocabá');
INSERT INTO `RIDESCOM`.`Municipio` (`ID_Municipio`, `Estados_ID_estado`, `Municipio`) VALUES ('2327', '31', 'Hoctún');
INSERT INTO `RIDESCOM`.`Municipio` (`ID_Municipio`, `Estados_ID_estado`, `Municipio`) VALUES ('2328', '31', 'Homún');
INSERT INTO `RIDESCOM`.`Municipio` (`ID_Municipio`, `Estados_ID_estado`, `Municipio`) VALUES ('2329', '31', 'Huhí');
INSERT INTO `RIDESCOM`.`Municipio` (`ID_Municipio`, `Estados_ID_estado`, `Municipio`) VALUES ('2330', '31', 'Hunucmá');
INSERT INTO `RIDESCOM`.`Municipio` (`ID_Municipio`, `Estados_ID_estado`, `Municipio`) VALUES ('2331', '31', 'Ixil');
INSERT INTO `RIDESCOM`.`Municipio` (`ID_Municipio`, `Estados_ID_estado`, `Municipio`) VALUES ('2332', '31', 'Izamal');
INSERT INTO `RIDESCOM`.`Municipio` (`ID_Municipio`, `Estados_ID_estado`, `Municipio`) VALUES ('2333', '31', 'Kanasín');
INSERT INTO `RIDESCOM`.`Municipio` (`ID_Municipio`, `Estados_ID_estado`, `Municipio`) VALUES ('2334', '31', 'Kantunil');
INSERT INTO `RIDESCOM`.`Municipio` (`ID_Municipio`, `Estados_ID_estado`, `Municipio`) VALUES ('2335', '31', 'Kaua');
INSERT INTO `RIDESCOM`.`Municipio` (`ID_Municipio`, `Estados_ID_estado`, `Municipio`) VALUES ('2336', '31', 'Kinchil');
INSERT INTO `RIDESCOM`.`Municipio` (`ID_Municipio`, `Estados_ID_estado`, `Municipio`) VALUES ('2337', '31', 'Kopomá');
INSERT INTO `RIDESCOM`.`Municipio` (`ID_Municipio`, `Estados_ID_estado`, `Municipio`) VALUES ('2338', '31', 'Mama');
INSERT INTO `RIDESCOM`.`Municipio` (`ID_Municipio`, `Estados_ID_estado`, `Municipio`) VALUES ('2339', '31', 'Maní');
INSERT INTO `RIDESCOM`.`Municipio` (`ID_Municipio`, `Estados_ID_estado`, `Municipio`) VALUES ('2340', '31', 'Maxcanú');
INSERT INTO `RIDESCOM`.`Municipio` (`ID_Municipio`, `Estados_ID_estado`, `Municipio`) VALUES ('2341', '31', 'Mayapán');
INSERT INTO `RIDESCOM`.`Municipio` (`ID_Municipio`, `Estados_ID_estado`, `Municipio`) VALUES ('2342', '31', 'Mérida');
INSERT INTO `RIDESCOM`.`Municipio` (`ID_Municipio`, `Estados_ID_estado`, `Municipio`) VALUES ('2343', '31', 'Mocochá');
INSERT INTO `RIDESCOM`.`Municipio` (`ID_Municipio`, `Estados_ID_estado`, `Municipio`) VALUES ('2344', '31', 'Motul');
INSERT INTO `RIDESCOM`.`Municipio` (`ID_Municipio`, `Estados_ID_estado`, `Municipio`) VALUES ('2345', '31', 'Muna');
INSERT INTO `RIDESCOM`.`Municipio` (`ID_Municipio`, `Estados_ID_estado`, `Municipio`) VALUES ('2346', '31', 'Muxupip');
INSERT INTO `RIDESCOM`.`Municipio` (`ID_Municipio`, `Estados_ID_estado`, `Municipio`) VALUES ('2347', '31', 'Opichén');
INSERT INTO `RIDESCOM`.`Municipio` (`ID_Municipio`, `Estados_ID_estado`, `Municipio`) VALUES ('2348', '31', 'Oxkutzcab');
INSERT INTO `RIDESCOM`.`Municipio` (`ID_Municipio`, `Estados_ID_estado`, `Municipio`) VALUES ('2349', '31', 'Panabá');
INSERT INTO `RIDESCOM`.`Municipio` (`ID_Municipio`, `Estados_ID_estado`, `Municipio`) VALUES ('2350', '31', 'Peto');
INSERT INTO `RIDESCOM`.`Municipio` (`ID_Municipio`, `Estados_ID_estado`, `Municipio`) VALUES ('2351', '31', 'Progreso');
INSERT INTO `RIDESCOM`.`Municipio` (`ID_Municipio`, `Estados_ID_estado`, `Municipio`) VALUES ('2352', '31', 'Quintana Roo');
INSERT INTO `RIDESCOM`.`Municipio` (`ID_Municipio`, `Estados_ID_estado`, `Municipio`) VALUES ('2353', '31', 'Río Lagartos');
INSERT INTO `RIDESCOM`.`Municipio` (`ID_Municipio`, `Estados_ID_estado`, `Municipio`) VALUES ('2354', '31', 'Sacalum');
INSERT INTO `RIDESCOM`.`Municipio` (`ID_Municipio`, `Estados_ID_estado`, `Municipio`) VALUES ('2355', '31', 'Samahil');
INSERT INTO `RIDESCOM`.`Municipio` (`ID_Municipio`, `Estados_ID_estado`, `Municipio`) VALUES ('2356', '31', 'Sanahcat');
INSERT INTO `RIDESCOM`.`Municipio` (`ID_Municipio`, `Estados_ID_estado`, `Municipio`) VALUES ('2357', '31', 'San Felipe');
INSERT INTO `RIDESCOM`.`Municipio` (`ID_Municipio`, `Estados_ID_estado`, `Municipio`) VALUES ('2358', '31', 'Santa Elena');
INSERT INTO `RIDESCOM`.`Municipio` (`ID_Municipio`, `Estados_ID_estado`, `Municipio`) VALUES ('2359', '31', 'Seyé');
INSERT INTO `RIDESCOM`.`Municipio` (`ID_Municipio`, `Estados_ID_estado`, `Municipio`) VALUES ('2360', '31', 'Sinanché');
INSERT INTO `RIDESCOM`.`Municipio` (`ID_Municipio`, `Estados_ID_estado`, `Municipio`) VALUES ('2361', '31', 'Sotuta');
INSERT INTO `RIDESCOM`.`Municipio` (`ID_Municipio`, `Estados_ID_estado`, `Municipio`) VALUES ('2362', '31', 'Sucilá');
INSERT INTO `RIDESCOM`.`Municipio` (`ID_Municipio`, `Estados_ID_estado`, `Municipio`) VALUES ('2363', '31', 'Sudzal');
INSERT INTO `RIDESCOM`.`Municipio` (`ID_Municipio`, `Estados_ID_estado`, `Municipio`) VALUES ('2364', '31', 'Suma de Hidalgo');
INSERT INTO `RIDESCOM`.`Municipio` (`ID_Municipio`, `Estados_ID_estado`, `Municipio`) VALUES ('2365', '31', 'Tahdziú');
INSERT INTO `RIDESCOM`.`Municipio` (`ID_Municipio`, `Estados_ID_estado`, `Municipio`) VALUES ('2366', '31', 'Tahmek');
INSERT INTO `RIDESCOM`.`Municipio` (`ID_Municipio`, `Estados_ID_estado`, `Municipio`) VALUES ('2367', '31', 'Teabo');
INSERT INTO `RIDESCOM`.`Municipio` (`ID_Municipio`, `Estados_ID_estado`, `Municipio`) VALUES ('2368', '31', 'Tecoh');
INSERT INTO `RIDESCOM`.`Municipio` (`ID_Municipio`, `Estados_ID_estado`, `Municipio`) VALUES ('2369', '31', 'Tekal de Venegas');
INSERT INTO `RIDESCOM`.`Municipio` (`ID_Municipio`, `Estados_ID_estado`, `Municipio`) VALUES ('2370', '31', 'Tekantó');
INSERT INTO `RIDESCOM`.`Municipio` (`ID_Municipio`, `Estados_ID_estado`, `Municipio`) VALUES ('2371', '31', 'Tekax');
INSERT INTO `RIDESCOM`.`Municipio` (`ID_Municipio`, `Estados_ID_estado`, `Municipio`) VALUES ('2372', '31', 'Tekit');
INSERT INTO `RIDESCOM`.`Municipio` (`ID_Municipio`, `Estados_ID_estado`, `Municipio`) VALUES ('2373', '31', 'Tekom');
INSERT INTO `RIDESCOM`.`Municipio` (`ID_Municipio`, `Estados_ID_estado`, `Municipio`) VALUES ('2374', '31', 'Telchac Pueblo');
INSERT INTO `RIDESCOM`.`Municipio` (`ID_Municipio`, `Estados_ID_estado`, `Municipio`) VALUES ('2375', '31', 'Telchac Puerto');
INSERT INTO `RIDESCOM`.`Municipio` (`ID_Municipio`, `Estados_ID_estado`, `Municipio`) VALUES ('2376', '31', 'Temax');
INSERT INTO `RIDESCOM`.`Municipio` (`ID_Municipio`, `Estados_ID_estado`, `Municipio`) VALUES ('2377', '31', 'Temozón');
INSERT INTO `RIDESCOM`.`Municipio` (`ID_Municipio`, `Estados_ID_estado`, `Municipio`) VALUES ('2378', '31', 'Tepakán');
INSERT INTO `RIDESCOM`.`Municipio` (`ID_Municipio`, `Estados_ID_estado`, `Municipio`) VALUES ('2379', '31', 'Tetiz');
INSERT INTO `RIDESCOM`.`Municipio` (`ID_Municipio`, `Estados_ID_estado`, `Municipio`) VALUES ('2380', '31', 'Teya');
INSERT INTO `RIDESCOM`.`Municipio` (`ID_Municipio`, `Estados_ID_estado`, `Municipio`) VALUES ('2381', '31', 'Ticul');
INSERT INTO `RIDESCOM`.`Municipio` (`ID_Municipio`, `Estados_ID_estado`, `Municipio`) VALUES ('2382', '31', 'Timucuy');
INSERT INTO `RIDESCOM`.`Municipio` (`ID_Municipio`, `Estados_ID_estado`, `Municipio`) VALUES ('2383', '31', 'Tinúm');
INSERT INTO `RIDESCOM`.`Municipio` (`ID_Municipio`, `Estados_ID_estado`, `Municipio`) VALUES ('2384', '31', 'Tixcacalcupul');
INSERT INTO `RIDESCOM`.`Municipio` (`ID_Municipio`, `Estados_ID_estado`, `Municipio`) VALUES ('2385', '31', 'Tixkokob');
INSERT INTO `RIDESCOM`.`Municipio` (`ID_Municipio`, `Estados_ID_estado`, `Municipio`) VALUES ('2386', '31', 'Tixméhuac');
INSERT INTO `RIDESCOM`.`Municipio` (`ID_Municipio`, `Estados_ID_estado`, `Municipio`) VALUES ('2387', '31', 'Tixpéhual');
INSERT INTO `RIDESCOM`.`Municipio` (`ID_Municipio`, `Estados_ID_estado`, `Municipio`) VALUES ('2388', '31', 'Tizimín');
INSERT INTO `RIDESCOM`.`Municipio` (`ID_Municipio`, `Estados_ID_estado`, `Municipio`) VALUES ('2389', '31', 'Tunkás');
INSERT INTO `RIDESCOM`.`Municipio` (`ID_Municipio`, `Estados_ID_estado`, `Municipio`) VALUES ('2390', '31', 'Tzucacab');
INSERT INTO `RIDESCOM`.`Municipio` (`ID_Municipio`, `Estados_ID_estado`, `Municipio`) VALUES ('2391', '31', 'Uayma');
INSERT INTO `RIDESCOM`.`Municipio` (`ID_Municipio`, `Estados_ID_estado`, `Municipio`) VALUES ('2392', '31', 'Ucú');
INSERT INTO `RIDESCOM`.`Municipio` (`ID_Municipio`, `Estados_ID_estado`, `Municipio`) VALUES ('2393', '31', 'Umán');
INSERT INTO `RIDESCOM`.`Municipio` (`ID_Municipio`, `Estados_ID_estado`, `Municipio`) VALUES ('2394', '31', 'Valladolid');
INSERT INTO `RIDESCOM`.`Municipio` (`ID_Municipio`, `Estados_ID_estado`, `Municipio`) VALUES ('2395', '31', 'Xocchel');
INSERT INTO `RIDESCOM`.`Municipio` (`ID_Municipio`, `Estados_ID_estado`, `Municipio`) VALUES ('2396', '31', 'Yaxcabá');
INSERT INTO `RIDESCOM`.`Municipio` (`ID_Municipio`, `Estados_ID_estado`, `Municipio`) VALUES ('2397', '31', 'Yaxkukul');
INSERT INTO `RIDESCOM`.`Municipio` (`ID_Municipio`, `Estados_ID_estado`, `Municipio`) VALUES ('2398', '31', 'Yobaín');
INSERT INTO `RIDESCOM`.`Municipio` (`ID_Municipio`, `Estados_ID_estado`, `Municipio`) VALUES ('2399', '32', 'Apozol');
INSERT INTO `RIDESCOM`.`Municipio` (`ID_Municipio`, `Estados_ID_estado`, `Municipio`) VALUES ('2400', '32', 'Apulco');
INSERT INTO `RIDESCOM`.`Municipio` (`ID_Municipio`, `Estados_ID_estado`, `Municipio`) VALUES ('2401', '32', 'Atolinga');
INSERT INTO `RIDESCOM`.`Municipio` (`ID_Municipio`, `Estados_ID_estado`, `Municipio`) VALUES ('2402', '32', 'Benito Juárez');
INSERT INTO `RIDESCOM`.`Municipio` (`ID_Municipio`, `Estados_ID_estado`, `Municipio`) VALUES ('2403', '32', 'Calera');
INSERT INTO `RIDESCOM`.`Municipio` (`ID_Municipio`, `Estados_ID_estado`, `Municipio`) VALUES ('2404', '32', 'Cañitas de Felipe Pescador');
INSERT INTO `RIDESCOM`.`Municipio` (`ID_Municipio`, `Estados_ID_estado`, `Municipio`) VALUES ('2405', '32', 'Concepción del Oro');
INSERT INTO `RIDESCOM`.`Municipio` (`ID_Municipio`, `Estados_ID_estado`, `Municipio`) VALUES ('2406', '32', 'Cuauhtémoc');
INSERT INTO `RIDESCOM`.`Municipio` (`ID_Municipio`, `Estados_ID_estado`, `Municipio`) VALUES ('2407', '32', 'Chalchihuites');
INSERT INTO `RIDESCOM`.`Municipio` (`ID_Municipio`, `Estados_ID_estado`, `Municipio`) VALUES ('2408', '32', 'Fresnillo');
INSERT INTO `RIDESCOM`.`Municipio` (`ID_Municipio`, `Estados_ID_estado`, `Municipio`) VALUES ('2409', '32', 'Trinidad García de la Cadena');
INSERT INTO `RIDESCOM`.`Municipio` (`ID_Municipio`, `Estados_ID_estado`, `Municipio`) VALUES ('2410', '32', 'Genaro Codina');
INSERT INTO `RIDESCOM`.`Municipio` (`ID_Municipio`, `Estados_ID_estado`, `Municipio`) VALUES ('2411', '32', 'General Enrique Estrada');
INSERT INTO `RIDESCOM`.`Municipio` (`ID_Municipio`, `Estados_ID_estado`, `Municipio`) VALUES ('2412', '32', 'General Francisco R. Murguía');
INSERT INTO `RIDESCOM`.`Municipio` (`ID_Municipio`, `Estados_ID_estado`, `Municipio`) VALUES ('2413', '32', 'El Plateado de Joaquín Amaro');
INSERT INTO `RIDESCOM`.`Municipio` (`ID_Municipio`, `Estados_ID_estado`, `Municipio`) VALUES ('2414', '32', 'El Salvador');
INSERT INTO `RIDESCOM`.`Municipio` (`ID_Municipio`, `Estados_ID_estado`, `Municipio`) VALUES ('2415', '32', 'General Pánfilo Natera');
INSERT INTO `RIDESCOM`.`Municipio` (`ID_Municipio`, `Estados_ID_estado`, `Municipio`) VALUES ('2416', '32', 'Guadalupe');
INSERT INTO `RIDESCOM`.`Municipio` (`ID_Municipio`, `Estados_ID_estado`, `Municipio`) VALUES ('2417', '32', 'Huanusco');
INSERT INTO `RIDESCOM`.`Municipio` (`ID_Municipio`, `Estados_ID_estado`, `Municipio`) VALUES ('2418', '32', 'Jalpa');
INSERT INTO `RIDESCOM`.`Municipio` (`ID_Municipio`, `Estados_ID_estado`, `Municipio`) VALUES ('2419', '32', 'Jerez');
INSERT INTO `RIDESCOM`.`Municipio` (`ID_Municipio`, `Estados_ID_estado`, `Municipio`) VALUES ('2420', '32', 'Jiménez del Teul');
INSERT INTO `RIDESCOM`.`Municipio` (`ID_Municipio`, `Estados_ID_estado`, `Municipio`) VALUES ('2421', '32', 'Juan Aldama');
INSERT INTO `RIDESCOM`.`Municipio` (`ID_Municipio`, `Estados_ID_estado`, `Municipio`) VALUES ('2422', '32', 'Juchipila');
INSERT INTO `RIDESCOM`.`Municipio` (`ID_Municipio`, `Estados_ID_estado`, `Municipio`) VALUES ('2423', '32', 'Loreto');
INSERT INTO `RIDESCOM`.`Municipio` (`ID_Municipio`, `Estados_ID_estado`, `Municipio`) VALUES ('2424', '32', 'Luis Moya');
INSERT INTO `RIDESCOM`.`Municipio` (`ID_Municipio`, `Estados_ID_estado`, `Municipio`) VALUES ('2425', '32', 'Mazapil');
INSERT INTO `RIDESCOM`.`Municipio` (`ID_Municipio`, `Estados_ID_estado`, `Municipio`) VALUES ('2426', '32', 'Melchor Ocampo');
INSERT INTO `RIDESCOM`.`Municipio` (`ID_Municipio`, `Estados_ID_estado`, `Municipio`) VALUES ('2427', '32', 'Mezquital del Oro');
INSERT INTO `RIDESCOM`.`Municipio` (`ID_Municipio`, `Estados_ID_estado`, `Municipio`) VALUES ('2428', '32', 'Miguel Auza');
INSERT INTO `RIDESCOM`.`Municipio` (`ID_Municipio`, `Estados_ID_estado`, `Municipio`) VALUES ('2429', '32', 'Momax');
INSERT INTO `RIDESCOM`.`Municipio` (`ID_Municipio`, `Estados_ID_estado`, `Municipio`) VALUES ('2430', '32', 'Monte Escobedo');
INSERT INTO `RIDESCOM`.`Municipio` (`ID_Municipio`, `Estados_ID_estado`, `Municipio`) VALUES ('2431', '32', 'Morelos');
INSERT INTO `RIDESCOM`.`Municipio` (`ID_Municipio`, `Estados_ID_estado`, `Municipio`) VALUES ('2432', '32', 'Moyahua de Estrada');
INSERT INTO `RIDESCOM`.`Municipio` (`ID_Municipio`, `Estados_ID_estado`, `Municipio`) VALUES ('2433', '32', 'Nochistlán de Mejía');
INSERT INTO `RIDESCOM`.`Municipio` (`ID_Municipio`, `Estados_ID_estado`, `Municipio`) VALUES ('2434', '32', 'Noria de Ángeles');
INSERT INTO `RIDESCOM`.`Municipio` (`ID_Municipio`, `Estados_ID_estado`, `Municipio`) VALUES ('2435', '32', 'Ojocaliente');
INSERT INTO `RIDESCOM`.`Municipio` (`ID_Municipio`, `Estados_ID_estado`, `Municipio`) VALUES ('2436', '32', 'Pánuco');
INSERT INTO `RIDESCOM`.`Municipio` (`ID_Municipio`, `Estados_ID_estado`, `Municipio`) VALUES ('2437', '32', 'Pinos');
INSERT INTO `RIDESCOM`.`Municipio` (`ID_Municipio`, `Estados_ID_estado`, `Municipio`) VALUES ('2438', '32', 'Río Grande');
INSERT INTO `RIDESCOM`.`Municipio` (`ID_Municipio`, `Estados_ID_estado`, `Municipio`) VALUES ('2439', '32', 'Sain Alto');
INSERT INTO `RIDESCOM`.`Municipio` (`ID_Municipio`, `Estados_ID_estado`, `Municipio`) VALUES ('2440', '32', 'Santa María de la Paz');
INSERT INTO `RIDESCOM`.`Municipio` (`ID_Municipio`, `Estados_ID_estado`, `Municipio`) VALUES ('2441', '32', 'Sombrerete');
INSERT INTO `RIDESCOM`.`Municipio` (`ID_Municipio`, `Estados_ID_estado`, `Municipio`) VALUES ('2442', '32', 'Susticacán');
INSERT INTO `RIDESCOM`.`Municipio` (`ID_Municipio`, `Estados_ID_estado`, `Municipio`) VALUES ('2443', '32', 'Tabasco');
INSERT INTO `RIDESCOM`.`Municipio` (`ID_Municipio`, `Estados_ID_estado`, `Municipio`) VALUES ('2444', '32', 'Tepechitlán');
INSERT INTO `RIDESCOM`.`Municipio` (`ID_Municipio`, `Estados_ID_estado`, `Municipio`) VALUES ('2445', '32', 'Tepetongo');
INSERT INTO `RIDESCOM`.`Municipio` (`ID_Municipio`, `Estados_ID_estado`, `Municipio`) VALUES ('2446', '32', 'Teul de González Ortega');
INSERT INTO `RIDESCOM`.`Municipio` (`ID_Municipio`, `Estados_ID_estado`, `Municipio`) VALUES ('2447', '32', 'Tlaltenango de Sánchez Román');
INSERT INTO `RIDESCOM`.`Municipio` (`ID_Municipio`, `Estados_ID_estado`, `Municipio`) VALUES ('2448', '32', 'Trancoso');
INSERT INTO `RIDESCOM`.`Municipio` (`ID_Municipio`, `Estados_ID_estado`, `Municipio`) VALUES ('2449', '32', 'Valparaíso');
INSERT INTO `RIDESCOM`.`Municipio` (`ID_Municipio`, `Estados_ID_estado`, `Municipio`) VALUES ('2450', '32', 'Vetagrande');
INSERT INTO `RIDESCOM`.`Municipio` (`ID_Municipio`, `Estados_ID_estado`, `Municipio`) VALUES ('2451', '32', 'Villa de Cos');
INSERT INTO `RIDESCOM`.`Municipio` (`ID_Municipio`, `Estados_ID_estado`, `Municipio`) VALUES ('2452', '32', 'Villa García');
INSERT INTO `RIDESCOM`.`Municipio` (`ID_Municipio`, `Estados_ID_estado`, `Municipio`) VALUES ('2453', '32', 'Villa González Ortega');
INSERT INTO `RIDESCOM`.`Municipio` (`ID_Municipio`, `Estados_ID_estado`, `Municipio`) VALUES ('2454', '32', 'Villa Hidalgo');
INSERT INTO `RIDESCOM`.`Municipio` (`ID_Municipio`, `Estados_ID_estado`, `Municipio`) VALUES ('2455', '32', 'Villanueva');
INSERT INTO `RIDESCOM`.`Municipio` (`ID_Municipio`, `Estados_ID_estado`, `Municipio`) VALUES ('2456', '32', 'Zacatecas');
INSERT INTO `RIDESCOM`.`Municipio` (`ID_Municipio`, `Estados_ID_estado`, `Municipio`) VALUES ('2457', '33', 'Extranjero');

COMMIT;


-- -----------------------------------------------------
-- Data for table `RIDESCOM`.`Persona`
-- -----------------------------------------------------
START TRANSACTION;
USE `RIDESCOM`;
INSERT INTO `RIDESCOM`.`Persona` (`ID_Persona`, `Nombre`, `Ap_Pat`, `Ap_Mat`, `Tipo_Sexo_ID_Tipo_Sexo`, `CURP`, `Fecha_Nac`, `NSS`, `Municipio_ID_Municipio`, `Municipio_Estados_ID_estado`) VALUES (1, 'Rodolfo', 'Hernández', 'Vázquez', 1, 'HEVR800205HDFCSR01', '1980-02-05', NULL, '0221', '07');
INSERT INTO `RIDESCOM`.`Persona` (`ID_Persona`, `Nombre`, `Ap_Pat`, `Ap_Mat`, `Tipo_Sexo_ID_Tipo_Sexo`, `CURP`, `Fecha_Nac`, `NSS`, `Municipio_ID_Municipio`, `Municipio_Estados_ID_estado`) VALUES (2, 'Alejandro', 'Miranda', 'De Olmo', 1, 'MIDA840504HDFCRR06', '1984-05-04', NULL, '0221', '07');
INSERT INTO `RIDESCOM`.`Persona` (`ID_Persona`, `Nombre`, `Ap_Pat`, `Ap_Mat`, `Tipo_Sexo_ID_Tipo_Sexo`, `CURP`, `Fecha_Nac`, `NSS`, `Municipio_ID_Municipio`, `Municipio_Estados_ID_estado`) VALUES (3, 'Bruno Alejandro', 'Mendoza', 'García', 1, 'MEGB960804HMCNRR04', '1996-08-04', NULL, '0353', '11');

COMMIT;


-- -----------------------------------------------------
-- Data for table `RIDESCOM`.`Usuario`
-- -----------------------------------------------------
START TRANSACTION;
USE `RIDESCOM`;
INSERT INTO `RIDESCOM`.`Usuario` (`Usuario_ID`, `Nombre_U`, `Password_U`, `Activo`, `Fecha_Inicio`, `Roles_ID_Roles`, `Persona_ID_Persona`) VALUES (1, 'DDyFD', 'DDyFD', 1, '2019-08-08', 1, 1);
INSERT INTO `RIDESCOM`.`Usuario` (`Usuario_ID`, `Nombre_U`, `Password_U`, `Activo`, `Fecha_Inicio`, `Roles_ID_Roles`, `Persona_ID_Persona`) VALUES (2, 'ESCOM', 'ESCOM', 1, '2019-08-08', 2, 2);
INSERT INTO `RIDESCOM`.`Usuario` (`Usuario_ID`, `Nombre_U`, `Password_U`, `Activo`, `Fecha_Inicio`, `Roles_ID_Roles`, `Persona_ID_Persona`) VALUES (3, '2015630297', 'Brunox04', 1, '2019-08-08', 3, 3);

COMMIT;


-- -----------------------------------------------------
-- Data for table `RIDESCOM`.`Escuela`
-- -----------------------------------------------------
START TRANSACTION;
USE `RIDESCOM`;
INSERT INTO `RIDESCOM`.`Escuela` (`ID_Escuela`, `Escuela`) VALUES (1, 'CICS Unidad Santo Tomás');
INSERT INTO `RIDESCOM`.`Escuela` (`ID_Escuela`, `Escuela`) VALUES (2, 'CICS Unidad Milpa Alta');
INSERT INTO `RIDESCOM`.`Escuela` (`ID_Escuela`, `Escuela`) VALUES (3, 'ENCB');
INSERT INTO `RIDESCOM`.`Escuela` (`ID_Escuela`, `Escuela`) VALUES (4, 'ENMyH');
INSERT INTO `RIDESCOM`.`Escuela` (`ID_Escuela`, `Escuela`) VALUES (5, 'ESCA Unidad Santo Tomás');
INSERT INTO `RIDESCOM`.`Escuela` (`ID_Escuela`, `Escuela`) VALUES (6, 'ESCA Unidad Tepepan');
INSERT INTO `RIDESCOM`.`Escuela` (`ID_Escuela`, `Escuela`) VALUES (7, 'ESCOM');
INSERT INTO `RIDESCOM`.`Escuela` (`ID_Escuela`, `Escuela`) VALUES (8, 'ESE');
INSERT INTO `RIDESCOM`.`Escuela` (`ID_Escuela`, `Escuela`) VALUES (9, 'ESEO');
INSERT INTO `RIDESCOM`.`Escuela` (`ID_Escuela`, `Escuela`) VALUES (10, 'ESFM');
INSERT INTO `RIDESCOM`.`Escuela` (`ID_Escuela`, `Escuela`) VALUES (11, 'ESIME Unidad Zacatenco');
INSERT INTO `RIDESCOM`.`Escuela` (`ID_Escuela`, `Escuela`) VALUES (12, 'ESIME Unidad Azcapotzalco');
INSERT INTO `RIDESCOM`.`Escuela` (`ID_Escuela`, `Escuela`) VALUES (13, 'ESIME Unidad Culhuacán');
INSERT INTO `RIDESCOM`.`Escuela` (`ID_Escuela`, `Escuela`) VALUES (14, 'ESIME Unidad Ticomán');
INSERT INTO `RIDESCOM`.`Escuela` (`ID_Escuela`, `Escuela`) VALUES (15, 'ESIQUIE');
INSERT INTO `RIDESCOM`.`Escuela` (`ID_Escuela`, `Escuela`) VALUES (16, 'ESIT');
INSERT INTO `RIDESCOM`.`Escuela` (`ID_Escuela`, `Escuela`) VALUES (17, 'ESIA Unidad Tecamachalco');
INSERT INTO `RIDESCOM`.`Escuela` (`ID_Escuela`, `Escuela`) VALUES (18, 'ESIA Unidad Ticomán');
INSERT INTO `RIDESCOM`.`Escuela` (`ID_Escuela`, `Escuela`) VALUES (19, 'ESIA Unidad Zacatenco');
INSERT INTO `RIDESCOM`.`Escuela` (`ID_Escuela`, `Escuela`) VALUES (20, 'ESM');
INSERT INTO `RIDESCOM`.`Escuela` (`ID_Escuela`, `Escuela`) VALUES (21, 'EST');
INSERT INTO `RIDESCOM`.`Escuela` (`ID_Escuela`, `Escuela`) VALUES (22, 'UPIBI');
INSERT INTO `RIDESCOM`.`Escuela` (`ID_Escuela`, `Escuela`) VALUES (23, 'UPIIG Campus Guanajuato');
INSERT INTO `RIDESCOM`.`Escuela` (`ID_Escuela`, `Escuela`) VALUES (24, 'UPIIZ Campus Zacatecas');
INSERT INTO `RIDESCOM`.`Escuela` (`ID_Escuela`, `Escuela`) VALUES (25, 'UPIIH Campus Hidalgo');
INSERT INTO `RIDESCOM`.`Escuela` (`ID_Escuela`, `Escuela`) VALUES (26, 'UPIICSA');
INSERT INTO `RIDESCOM`.`Escuela` (`ID_Escuela`, `Escuela`) VALUES (27, 'UPIITA');

COMMIT;


-- -----------------------------------------------------
-- Data for table `RIDESCOM`.`Area_Conocimiento`
-- -----------------------------------------------------
START TRANSACTION;
USE `RIDESCOM`;
INSERT INTO `RIDESCOM`.`Area_Conocimiento` (`ID_Area_Conocimiento`, `Area`) VALUES (1, 'Ingeniería y Ciencias Físico-Matemáticas');
INSERT INTO `RIDESCOM`.`Area_Conocimiento` (`ID_Area_Conocimiento`, `Area`) VALUES (2, 'Ciencias Médicas-Biológicas');
INSERT INTO `RIDESCOM`.`Area_Conocimiento` (`ID_Area_Conocimiento`, `Area`) VALUES (3, 'Ciencias Sociales y Administrativas');

COMMIT;


-- -----------------------------------------------------
-- Data for table `RIDESCOM`.`Nivel`
-- -----------------------------------------------------
START TRANSACTION;
USE `RIDESCOM`;
INSERT INTO `RIDESCOM`.`Nivel` (`ID_Nivel`, `Nivel`) VALUES (1, 'SUPERIOR');
INSERT INTO `RIDESCOM`.`Nivel` (`ID_Nivel`, `Nivel`) VALUES (2, 'MEDIA SUPERIOR');

COMMIT;


-- -----------------------------------------------------
-- Data for table `RIDESCOM`.`Prog_Academico`
-- -----------------------------------------------------
START TRANSACTION;
USE `RIDESCOM`;
INSERT INTO `RIDESCOM`.`Prog_Academico` (`ID_Prog_Academico`, `Nivel_ID_Nivel`, `Area_Conocimiento_ID_Area_Conocimiento`, `Programa`) VALUES (1, 1, 1, 'Ingeniería Ambiental');
INSERT INTO `RIDESCOM`.`Prog_Academico` (`ID_Prog_Academico`, `Nivel_ID_Nivel`, `Area_Conocimiento_ID_Area_Conocimiento`, `Programa`) VALUES (2, 1, 1, 'Ingeniería Biomédica');
INSERT INTO `RIDESCOM`.`Prog_Academico` (`ID_Prog_Academico`, `Nivel_ID_Nivel`, `Area_Conocimiento_ID_Area_Conocimiento`, `Programa`) VALUES (3, 1, 1, 'Ingeniería Biónica');
INSERT INTO `RIDESCOM`.`Prog_Academico` (`ID_Prog_Academico`, `Nivel_ID_Nivel`, `Area_Conocimiento_ID_Area_Conocimiento`, `Programa`) VALUES (4, 1, 1, 'Ingeniería Bioquímica');
INSERT INTO `RIDESCOM`.`Prog_Academico` (`ID_Prog_Academico`, `Nivel_ID_Nivel`, `Area_Conocimiento_ID_Area_Conocimiento`, `Programa`) VALUES (5, 1, 1, 'Ingeniería Biotecnológica');
INSERT INTO `RIDESCOM`.`Prog_Academico` (`ID_Prog_Academico`, `Nivel_ID_Nivel`, `Area_Conocimiento_ID_Area_Conocimiento`, `Programa`) VALUES (6, 1, 1, 'Ingeniería Civil');
INSERT INTO `RIDESCOM`.`Prog_Academico` (`ID_Prog_Academico`, `Nivel_ID_Nivel`, `Area_Conocimiento_ID_Area_Conocimiento`, `Programa`) VALUES (7, 1, 1, 'Ingeniería Electrica');
INSERT INTO `RIDESCOM`.`Prog_Academico` (`ID_Prog_Academico`, `Nivel_ID_Nivel`, `Area_Conocimiento_ID_Area_Conocimiento`, `Programa`) VALUES (8, 1, 1, 'Ingeniería Aeronáutica');
INSERT INTO `RIDESCOM`.`Prog_Academico` (`ID_Prog_Academico`, `Nivel_ID_Nivel`, `Area_Conocimiento_ID_Area_Conocimiento`, `Programa`) VALUES (9, 1, 1, 'Ingeniería en Alimentos');
INSERT INTO `RIDESCOM`.`Prog_Academico` (`ID_Prog_Academico`, `Nivel_ID_Nivel`, `Area_Conocimiento_ID_Area_Conocimiento`, `Programa`) VALUES (10, 1, 1, 'Ingeniería en Computación');
INSERT INTO `RIDESCOM`.`Prog_Academico` (`ID_Prog_Academico`, `Nivel_ID_Nivel`, `Area_Conocimiento_ID_Area_Conocimiento`, `Programa`) VALUES (11, 1, 1, 'Ingeniería en Comunicaciones y Electrónica');
INSERT INTO `RIDESCOM`.`Prog_Academico` (`ID_Prog_Academico`, `Nivel_ID_Nivel`, `Area_Conocimiento_ID_Area_Conocimiento`, `Programa`) VALUES (12, 1, 1, 'Ingeniería en Control y Automatización');
INSERT INTO `RIDESCOM`.`Prog_Academico` (`ID_Prog_Academico`, `Nivel_ID_Nivel`, `Area_Conocimiento_ID_Area_Conocimiento`, `Programa`) VALUES (13, 1, 1, 'Ingeniería en Informática');
INSERT INTO `RIDESCOM`.`Prog_Academico` (`ID_Prog_Academico`, `Nivel_ID_Nivel`, `Area_Conocimiento_ID_Area_Conocimiento`, `Programa`) VALUES (14, 1, 1, 'Ingeniería en Metalurgia y Materiales');
INSERT INTO `RIDESCOM`.`Prog_Academico` (`ID_Prog_Academico`, `Nivel_ID_Nivel`, `Area_Conocimiento_ID_Area_Conocimiento`, `Programa`) VALUES (15, 1, 1, 'Ingeniería en Robótica Industrial');
INSERT INTO `RIDESCOM`.`Prog_Academico` (`ID_Prog_Academico`, `Nivel_ID_Nivel`, `Area_Conocimiento_ID_Area_Conocimiento`, `Programa`) VALUES (16, 1, 1, 'Ingeniería en Sistemas Ambientales');
INSERT INTO `RIDESCOM`.`Prog_Academico` (`ID_Prog_Academico`, `Nivel_ID_Nivel`, `Area_Conocimiento_ID_Area_Conocimiento`, `Programa`) VALUES (17, 1, 1, 'Ingeniería en Sistemas Automotrices');
INSERT INTO `RIDESCOM`.`Prog_Academico` (`ID_Prog_Academico`, `Nivel_ID_Nivel`, `Area_Conocimiento_ID_Area_Conocimiento`, `Programa`) VALUES (18, 1, 1, 'Ingeniería en Sistemas Computacionales');
INSERT INTO `RIDESCOM`.`Prog_Academico` (`ID_Prog_Academico`, `Nivel_ID_Nivel`, `Area_Conocimiento_ID_Area_Conocimiento`, `Programa`) VALUES (19, 1, 1, 'Ingeniería en Transporte');
INSERT INTO `RIDESCOM`.`Prog_Academico` (`ID_Prog_Academico`, `Nivel_ID_Nivel`, `Area_Conocimiento_ID_Area_Conocimiento`, `Programa`) VALUES (20, 1, 1, 'Ingeniería Farmacéutica');
INSERT INTO `RIDESCOM`.`Prog_Academico` (`ID_Prog_Academico`, `Nivel_ID_Nivel`, `Area_Conocimiento_ID_Area_Conocimiento`, `Programa`) VALUES (21, 1, 1, 'Ingeniería Geofísica');
INSERT INTO `RIDESCOM`.`Prog_Academico` (`ID_Prog_Academico`, `Nivel_ID_Nivel`, `Area_Conocimiento_ID_Area_Conocimiento`, `Programa`) VALUES (22, 1, 1, 'Ingeniería Geológica');
INSERT INTO `RIDESCOM`.`Prog_Academico` (`ID_Prog_Academico`, `Nivel_ID_Nivel`, `Area_Conocimiento_ID_Area_Conocimiento`, `Programa`) VALUES (23, 1, 1, 'Ingeniería Industrial');
INSERT INTO `RIDESCOM`.`Prog_Academico` (`ID_Prog_Academico`, `Nivel_ID_Nivel`, `Area_Conocimiento_ID_Area_Conocimiento`, `Programa`) VALUES (24, 1, 1, 'Ingeniería Matemática');
INSERT INTO `RIDESCOM`.`Prog_Academico` (`ID_Prog_Academico`, `Nivel_ID_Nivel`, `Area_Conocimiento_ID_Area_Conocimiento`, `Programa`) VALUES (25, 1, 1, 'Ingeniería Mecánica');
INSERT INTO `RIDESCOM`.`Prog_Academico` (`ID_Prog_Academico`, `Nivel_ID_Nivel`, `Area_Conocimiento_ID_Area_Conocimiento`, `Programa`) VALUES (26, 1, 1, 'Ingeniería Mecatrónica');
INSERT INTO `RIDESCOM`.`Prog_Academico` (`ID_Prog_Academico`, `Nivel_ID_Nivel`, `Area_Conocimiento_ID_Area_Conocimiento`, `Programa`) VALUES (27, 1, 1, 'Ingeniería Metalurgica');
INSERT INTO `RIDESCOM`.`Prog_Academico` (`ID_Prog_Academico`, `Nivel_ID_Nivel`, `Area_Conocimiento_ID_Area_Conocimiento`, `Programa`) VALUES (28, 1, 1, 'Ingeniería Petrolera');
INSERT INTO `RIDESCOM`.`Prog_Academico` (`ID_Prog_Academico`, `Nivel_ID_Nivel`, `Area_Conocimiento_ID_Area_Conocimiento`, `Programa`) VALUES (29, 1, 1, 'Ingeniería Química Industrial');
INSERT INTO `RIDESCOM`.`Prog_Academico` (`ID_Prog_Academico`, `Nivel_ID_Nivel`, `Area_Conocimiento_ID_Area_Conocimiento`, `Programa`) VALUES (30, 1, 1, 'Ingeniería Química Petrolera');
INSERT INTO `RIDESCOM`.`Prog_Academico` (`ID_Prog_Academico`, `Nivel_ID_Nivel`, `Area_Conocimiento_ID_Area_Conocimiento`, `Programa`) VALUES (31, 1, 1, 'Ingeniería Telemática');
INSERT INTO `RIDESCOM`.`Prog_Academico` (`ID_Prog_Academico`, `Nivel_ID_Nivel`, `Area_Conocimiento_ID_Area_Conocimiento`, `Programa`) VALUES (32, 1, 1, 'Ingeniería Textil');
INSERT INTO `RIDESCOM`.`Prog_Academico` (`ID_Prog_Academico`, `Nivel_ID_Nivel`, `Area_Conocimiento_ID_Area_Conocimiento`, `Programa`) VALUES (33, 1, 1, 'Ingeniería Topográfica y Fotogramétrica');
INSERT INTO `RIDESCOM`.`Prog_Academico` (`ID_Prog_Academico`, `Nivel_ID_Nivel`, `Area_Conocimiento_ID_Area_Conocimiento`, `Programa`) VALUES (34, 1, 1, 'Ingeniería Arquitecto');
INSERT INTO `RIDESCOM`.`Prog_Academico` (`ID_Prog_Academico`, `Nivel_ID_Nivel`, `Area_Conocimiento_ID_Area_Conocimiento`, `Programa`) VALUES (35, 1, 1, 'Licenciatura en Ciencias de la Informática');
INSERT INTO `RIDESCOM`.`Prog_Academico` (`ID_Prog_Academico`, `Nivel_ID_Nivel`, `Area_Conocimiento_ID_Area_Conocimiento`, `Programa`) VALUES (36, 1, 1, 'Licenciatura en Física y Matemáticas');
INSERT INTO `RIDESCOM`.`Prog_Academico` (`ID_Prog_Academico`, `Nivel_ID_Nivel`, `Area_Conocimiento_ID_Area_Conocimiento`, `Programa`) VALUES (37, 1, 2, 'Licenciatura en Nutrición');
INSERT INTO `RIDESCOM`.`Prog_Academico` (`ID_Prog_Academico`, `Nivel_ID_Nivel`, `Area_Conocimiento_ID_Area_Conocimiento`, `Programa`) VALUES (38, 1, 2, 'Licenciatura en Optometría');
INSERT INTO `RIDESCOM`.`Prog_Academico` (`ID_Prog_Academico`, `Nivel_ID_Nivel`, `Area_Conocimiento_ID_Area_Conocimiento`, `Programa`) VALUES (39, 1, 2, 'Licenciatura en Psicología');
INSERT INTO `RIDESCOM`.`Prog_Academico` (`ID_Prog_Academico`, `Nivel_ID_Nivel`, `Area_Conocimiento_ID_Area_Conocimiento`, `Programa`) VALUES (40, 1, 2, 'Licenciatura en Biología');
INSERT INTO `RIDESCOM`.`Prog_Academico` (`ID_Prog_Academico`, `Nivel_ID_Nivel`, `Area_Conocimiento_ID_Area_Conocimiento`, `Programa`) VALUES (41, 1, 2, 'Licenciatura en Enfermería');
INSERT INTO `RIDESCOM`.`Prog_Academico` (`ID_Prog_Academico`, `Nivel_ID_Nivel`, `Area_Conocimiento_ID_Area_Conocimiento`, `Programa`) VALUES (42, 1, 2, 'Licenciatura en Enfermería y Obstetricia');
INSERT INTO `RIDESCOM`.`Prog_Academico` (`ID_Prog_Academico`, `Nivel_ID_Nivel`, `Area_Conocimiento_ID_Area_Conocimiento`, `Programa`) VALUES (43, 1, 2, 'Licenciatura en Odontologpía');
INSERT INTO `RIDESCOM`.`Prog_Academico` (`ID_Prog_Academico`, `Nivel_ID_Nivel`, `Area_Conocimiento_ID_Area_Conocimiento`, `Programa`) VALUES (44, 1, 2, 'Licenciatura en Trabajo Social');
INSERT INTO `RIDESCOM`.`Prog_Academico` (`ID_Prog_Academico`, `Nivel_ID_Nivel`, `Area_Conocimiento_ID_Area_Conocimiento`, `Programa`) VALUES (45, 1, 2, 'Médico Cirujano Homeópata');
INSERT INTO `RIDESCOM`.`Prog_Academico` (`ID_Prog_Academico`, `Nivel_ID_Nivel`, `Area_Conocimiento_ID_Area_Conocimiento`, `Programa`) VALUES (46, 1, 2, 'Médico Cirujano Partero');
INSERT INTO `RIDESCOM`.`Prog_Academico` (`ID_Prog_Academico`, `Nivel_ID_Nivel`, `Area_Conocimiento_ID_Area_Conocimiento`, `Programa`) VALUES (47, 1, 2, 'Químico Bacteriólogo Parasitólogo');
INSERT INTO `RIDESCOM`.`Prog_Academico` (`ID_Prog_Academico`, `Nivel_ID_Nivel`, `Area_Conocimiento_ID_Area_Conocimiento`, `Programa`) VALUES (48, 1, 2, 'Químico Farmacéutico Industrial');
INSERT INTO `RIDESCOM`.`Prog_Academico` (`ID_Prog_Academico`, `Nivel_ID_Nivel`, `Area_Conocimiento_ID_Area_Conocimiento`, `Programa`) VALUES (49, 1, 3, 'Contador Público');
INSERT INTO `RIDESCOM`.`Prog_Academico` (`ID_Prog_Academico`, `Nivel_ID_Nivel`, `Area_Conocimiento_ID_Area_Conocimiento`, `Programa`) VALUES (50, 1, 3, 'Licenciatura en Administración Industrial');
INSERT INTO `RIDESCOM`.`Prog_Academico` (`ID_Prog_Academico`, `Nivel_ID_Nivel`, `Area_Conocimiento_ID_Area_Conocimiento`, `Programa`) VALUES (51, 1, 3, 'Licenciatura en Administración y Desarrollo Empresarial');
INSERT INTO `RIDESCOM`.`Prog_Academico` (`ID_Prog_Academico`, `Nivel_ID_Nivel`, `Area_Conocimiento_ID_Area_Conocimiento`, `Programa`) VALUES (52, 1, 3, 'Licenciatura en Archivonomía');
INSERT INTO `RIDESCOM`.`Prog_Academico` (`ID_Prog_Academico`, `Nivel_ID_Nivel`, `Area_Conocimiento_ID_Area_Conocimiento`, `Programa`) VALUES (53, 1, 3, 'Licenciatura en Biblioteconomía');
INSERT INTO `RIDESCOM`.`Prog_Academico` (`ID_Prog_Academico`, `Nivel_ID_Nivel`, `Area_Conocimiento_ID_Area_Conocimiento`, `Programa`) VALUES (54, 1, 3, 'Licenciatura en Negocios Internacionales');
INSERT INTO `RIDESCOM`.`Prog_Academico` (`ID_Prog_Academico`, `Nivel_ID_Nivel`, `Area_Conocimiento_ID_Area_Conocimiento`, `Programa`) VALUES (55, 1, 3, 'Licenciatura en Relaciones Comerciales');
INSERT INTO `RIDESCOM`.`Prog_Academico` (`ID_Prog_Academico`, `Nivel_ID_Nivel`, `Area_Conocimiento_ID_Area_Conocimiento`, `Programa`) VALUES (56, 1, 3, 'Licenciatura en Turismo');

COMMIT;


-- -----------------------------------------------------
-- Data for table `RIDESCOM`.`Escuela_has_Prog_Academico`
-- -----------------------------------------------------
START TRANSACTION;
USE `RIDESCOM`;
INSERT INTO `RIDESCOM`.`Escuela_has_Prog_Academico` (`Escuela_ID_Escuela`, `Prog_Academico_ID_Prog_Academico`) VALUES (7, 18);

COMMIT;


-- -----------------------------------------------------
-- Data for table `RIDESCOM`.`Alumno`
-- -----------------------------------------------------
START TRANSACTION;
USE `RIDESCOM`;
INSERT INTO `RIDESCOM`.`Alumno` (`ID_Alumno`, `Inscrito`, `Persona_ID_Persona`, `Escuela_has_Prog_Academico_Escuela_ID_Escuela`, `Escuela_has_Prog_Academico_Prog_Academico_ID_Prog_Academico`) VALUES ('2015630297', '5VC2', 3, 7, 18);

COMMIT;


-- -----------------------------------------------------
-- Data for table `RIDESCOM`.`Ciclo`
-- -----------------------------------------------------
START TRANSACTION;
USE `RIDESCOM`;
INSERT INTO `RIDESCOM`.`Ciclo` (`ID_Ciclo`, `Ciclo_Escolar`) VALUES (1, '2020/1');

COMMIT;


-- -----------------------------------------------------
-- Data for table `RIDESCOM`.`Sede`
-- -----------------------------------------------------
START TRANSACTION;
USE `RIDESCOM`;
INSERT INTO `RIDESCOM`.`Sede` (`ID_Sede`, `Nombre_S`, `Calle`, `Colonia`, `Numero`, `CP`, `Municipio_ID_Municipio`, `Municipio_Estados_ID_estado`) VALUES (1, 'Estadio Wilfrido Massieu', 'Avenida Luis Enrique Erro', 'Zacatenco', NULL, '07738', '0221', '07');

COMMIT;


-- -----------------------------------------------------
-- Data for table `RIDESCOM`.`Tipo_Pruebas`
-- -----------------------------------------------------
START TRANSACTION;
USE `RIDESCOM`;
INSERT INTO `RIDESCOM`.`Tipo_Pruebas` (`ID_Tipo`, `Tipo`) VALUES (1, 'Individual');
INSERT INTO `RIDESCOM`.`Tipo_Pruebas` (`ID_Tipo`, `Tipo`) VALUES (2, 'Equipo');

COMMIT;


-- -----------------------------------------------------
-- Data for table `RIDESCOM`.`Contacto`
-- -----------------------------------------------------
START TRANSACTION;
USE `RIDESCOM`;
INSERT INTO `RIDESCOM`.`Contacto` (`ID_Contacto`, `Persona_ID_Persona`) VALUES (1, 1);
INSERT INTO `RIDESCOM`.`Contacto` (`ID_Contacto`, `Persona_ID_Persona`) VALUES (2, 2);
INSERT INTO `RIDESCOM`.`Contacto` (`ID_Contacto`, `Persona_ID_Persona`) VALUES (3, 3);

COMMIT;


-- -----------------------------------------------------
-- Data for table `RIDESCOM`.`Escuela_Act_Deportiva`
-- -----------------------------------------------------
START TRANSACTION;
USE `RIDESCOM`;
INSERT INTO `RIDESCOM`.`Escuela_Act_Deportiva` (`Escuela_ID_Escuela`, `Act_Deportiva_ID_Deporte`, `Ciclo_ID_Ciclo`) VALUES (7, 1, 1);

COMMIT;


-- -----------------------------------------------------
-- Data for table `RIDESCOM`.`Telefono_Celular`
-- -----------------------------------------------------
START TRANSACTION;
USE `RIDESCOM`;
INSERT INTO `RIDESCOM`.`Telefono_Celular` (`ID_Tel_Cel`, `Celular`, `Contacto_ID_Contacto`) VALUES (1, '5555555555', 1);
INSERT INTO `RIDESCOM`.`Telefono_Celular` (`ID_Tel_Cel`, `Celular`, `Contacto_ID_Contacto`) VALUES (2, '2222222222', 2);
INSERT INTO `RIDESCOM`.`Telefono_Celular` (`ID_Tel_Cel`, `Celular`, `Contacto_ID_Contacto`) VALUES (3, '5545160957', 3);

COMMIT;


-- -----------------------------------------------------
-- Data for table `RIDESCOM`.`Telefono_Fijo`
-- -----------------------------------------------------
START TRANSACTION;
USE `RIDESCOM`;
INSERT INTO `RIDESCOM`.`Telefono_Fijo` (`ID_Tel_Fijo`, `Telefono`, `Contacto_ID_Contacto`) VALUES (1, '5544444444', 1);
INSERT INTO `RIDESCOM`.`Telefono_Fijo` (`ID_Tel_Fijo`, `Telefono`, `Contacto_ID_Contacto`) VALUES (2, '5555555544', 2);
INSERT INTO `RIDESCOM`.`Telefono_Fijo` (`ID_Tel_Fijo`, `Telefono`, `Contacto_ID_Contacto`) VALUES (3, '5555690587', 3);

COMMIT;


-- -----------------------------------------------------
-- Data for table `RIDESCOM`.`Email`
-- -----------------------------------------------------
START TRANSACTION;
USE `RIDESCOM`;
INSERT INTO `RIDESCOM`.`Email` (`ID_Email`, `Correo`, `Contacto_ID_Contacto`) VALUES (1, 'ddyfd@gmail.com', 1);
INSERT INTO `RIDESCOM`.`Email` (`ID_Email`, `Correo`, `Contacto_ID_Contacto`) VALUES (2, 'escom@gmail.com', 2);
INSERT INTO `RIDESCOM`.`Email` (`ID_Email`, `Correo`, `Contacto_ID_Contacto`) VALUES (3, 'brunoxxx044@gmail.com', 3);

COMMIT;


-- -----------------------------------------------------
-- Data for table `RIDESCOM`.`Extension`
-- -----------------------------------------------------
START TRANSACTION;
USE `RIDESCOM`;
INSERT INTO `RIDESCOM`.`Extension` (`ID_Extension`, `Ext`, `Telefono_Fijo_ID_Tel_Fijo`) VALUES (1, '52063', 2);
INSERT INTO `RIDESCOM`.`Extension` (`ID_Extension`, `Ext`, `Telefono_Fijo_ID_Tel_Fijo`) VALUES (2, '54743', 1);
INSERT INTO `RIDESCOM`.`Extension` (`ID_Extension`, `Ext`, `Telefono_Fijo_ID_Tel_Fijo`) VALUES (3, '54690', 1);

COMMIT;

